STRUCTURE,STRUCTURE_ID,STRUCTURE_NAME,ACTION,FREQ,Frequency of observation,REF_AREA,Reference area,MEASURE,Measure,UNIT_MEASURE,Unit of measure,VERSION,Version,TIME_PERIOD,Time period,OBS_VALUE,Observation value,CONF_STATUS,Confidentiality status,DECIMALS,Decimals,OBS_STATUS,Observation status,UNIT_MULT,Unit multiplier
DATAFLOW,OECD.ELS.JAI:DSD_EPL@DF_EPL(1.0),Strictness of employment protection,I,A,Annual,AUS,Australia,EPL_T,Temporary contracts,0_TO_6,0-6 scale,VERSION4,Version 4 (2013-2019),2013,,0.939112127,,F,Free (free for publication),2,Two,A,Normal value,0,Units
DATAFLOW,OECD.ELS.JAI:DSD_EPL@DF_EPL(1.0),Strictness of employment protection,I,A,Annual,AUT,Austria,EPL_T,Temporary contracts,0_TO_6,0-6 scale,VERSION4,Version 4 (2013-2019),2013,,1.472222209,,F,Free (free for publication),2,Two,A,Normal value,0,Units
DATAFLOW,OECD.ELS.JAI:DSD_EPL@DF_EPL(1.0),Strictness of employment protection,I,A,Annual,BEL,Belgium,EPL_T,Temporary contracts,0_TO_6,0-6 scale,VERSION4,Version 4 (2013-2019),2013,,1.910466194,,F,Free (free for publication),2,Two,A,Normal value,0,Units
DATAFLOW,OECD.ELS.JAI:DSD_EPL@DF_EPL(1.0),Strictness of employment protection,I,A,Annual,CAN,Canada,EPL_T,Temporary contracts,0_TO_6,0-6 scale,VERSION4,Version 4 (2013-2019),2013,,0.393985629,,F,Free (free for publication),2,Two,A,Normal value,0,Units
DATAFLOW,OECD.ELS.JAI:DSD_EPL@DF_EPL(1.0),Strictness of employment protection,I,A,Annual,CHL,Chile,EPL_T,Temporary contracts,0_TO_6,0-6 scale,VERSION4,Version 4 (2013-2019),2013,,2.070519209,,F,Free (free for publication),2,Two,A,Normal value,0,Units
DATAFLOW,OECD.ELS.JAI:DSD_EPL@DF_EPL(1.0),Strictness of employment protection,I,A,Annual,CZE,Czechia,EPL_T,Temporary contracts,0_TO_6,0-6 scale,VERSION4,Version 4 (2013-2019),2013,,2.0078125,,F,Free (free for publication),2,Two,A,Normal value,0,Units
DATAFLOW,OECD.ELS.JAI:DSD_EPL@DF_EPL(1.0),Strictness of employment protection,I,A,Annual,DNK,Denmark,EPL_T,Temporary contracts,0_TO_6,0-6 scale,VERSION4,Version 4 (2013-2019),2013,,1.492931604,,F,Free (free for publication),2,Two,A,Normal value,0,Units
DATAFLOW,OECD.ELS.JAI:DSD_EPL@DF_EPL(1.0),Strictness of employment protection,I,A,Annual,EST,Estonia,EPL_T,Temporary contracts,0_TO_6,0-6 scale,VERSION4,Version 4 (2013-2019),2013,,2.49361372,,F,Free (free for publication),2,Two,A,Normal value,0,Units
DATAFLOW,OECD.ELS.JAI:DSD_EPL@DF_EPL(1.0),Strictness of employment protection,I,A,Annual,FIN,Finland,EPL_T,Temporary contracts,0_TO_6,0-6 scale,VERSION4,Version 4 (2013-2019),2013,,1.617001534,,F,Free (free for publication),2,Two,A,Normal value,0,Units
DATAFLOW,OECD.ELS.JAI:DSD_EPL@DF_EPL(1.0),Strictness of employment protection,I,A,Annual,FRA,France,EPL_T,Temporary contracts,0_TO_6,0-6 scale,VERSION4,Version 4 (2013-2019),2013,,2.689577103,,F,Free (free for publication),2,Two,A,Normal value,0,Units
DATAFLOW,OECD.ELS.JAI:DSD_EPL@DF_EPL(1.0),Strictness of employment protection,I,A,Annual,DEU,Germany,EPL_T,Temporary contracts,0_TO_6,0-6 scale,VERSION4,Version 4 (2013-2019),2013,,1.557818651,,F,Free (free for publication),2,Two,A,Normal value,0,Units
DATAFLOW,OECD.ELS.JAI:DSD_EPL@DF_EPL(1.0),Strictness of employment protection,I,A,Annual,GRC,Greece,EPL_T,Temporary contracts,0_TO_6,0-6 scale,VERSION4,Version 4 (2013-2019),2013,,2.333333492,,F,Free (free for publication),2,Two,A,Normal value,0,Units
DATAFLOW,OECD.ELS.JAI:DSD_EPL@DF_EPL(1.0),Strictness of employment protection,I,A,Annual,HUN,Hungary,EPL_T,Temporary contracts,0_TO_6,0-6 scale,VERSION4,Version 4 (2013-2019),2013,,1.599051356,,F,Free (free for publication),2,Two,A,Normal value,0,Units
DATAFLOW,OECD.ELS.JAI:DSD_EPL@DF_EPL(1.0),Strictness of employment protection,I,A,Annual,ISL,Iceland,EPL_T,Temporary contracts,0_TO_6,0-6 scale,VERSION4,Version 4 (2013-2019),2013,,1.270502687,,F,Free (free for publication),2,Two,A,Normal value,0,Units
DATAFLOW,OECD.ELS.JAI:DSD_EPL@DF_EPL(1.0),Strictness of employment protection,I,A,Annual,IRL,Ireland,EPL_T,Temporary contracts,0_TO_6,0-6 scale,VERSION4,Version 4 (2013-2019),2013,,0.857142866,,F,Free (free for publication),2,Two,A,Normal value,0,Units
DATAFLOW,OECD.ELS.JAI:DSD_EPL@DF_EPL(1.0),Strictness of employment protection,I,A,Annual,ISR,Israel,EPL_T,Temporary contracts,0_TO_6,0-6 scale,VERSION4,Version 4 (2013-2019),2013,,1.480530739,,F,Free (free for publication),2,Two,A,Normal value,0,Units
DATAFLOW,OECD.ELS.JAI:DSD_EPL@DF_EPL(1.0),Strictness of employment protection,I,A,Annual,ITA,Italy,EPL_T,Temporary contracts,0_TO_6,0-6 scale,VERSION4,Version 4 (2013-2019),2013,,2.250806093,,F,Free (free for publication),2,Two,A,Normal value,0,Units
DATAFLOW,OECD.ELS.JAI:DSD_EPL@DF_EPL(1.0),Strictness of employment protection,I,A,Annual,JPN,Japan,EPL_T,Temporary contracts,0_TO_6,0-6 scale,VERSION4,Version 4 (2013-2019),2013,,1.265376925,,F,Free (free for publication),2,Two,A,Normal value,0,Units
DATAFLOW,OECD.ELS.JAI:DSD_EPL@DF_EPL(1.0),Strictness of employment protection,I,A,Annual,KOR,Korea,EPL_T,Temporary contracts,0_TO_6,0-6 scale,VERSION4,Version 4 (2013-2019),2013,,2.209532022,,F,Free (free for publication),2,Two,A,Normal value,0,Units
DATAFLOW,OECD.ELS.JAI:DSD_EPL@DF_EPL(1.0),Strictness of employment protection,I,A,Annual,LVA,Latvia,EPL_T,Temporary contracts,0_TO_6,0-6 scale,VERSION4,Version 4 (2013-2019),2013,,1.701140761,,F,Free (free for publication),2,Two,A,Normal value,0,Units
DATAFLOW,OECD.ELS.JAI:DSD_EPL@DF_EPL(1.0),Strictness of employment protection,I,A,Annual,LUX,Luxembourg,EPL_T,Temporary contracts,0_TO_6,0-6 scale,VERSION4,Version 4 (2013-2019),2013,,3.555555582,,F,Free (free for publication),2,Two,A,Normal value,0,Units
DATAFLOW,OECD.ELS.JAI:DSD_EPL@DF_EPL(1.0),Strictness of employment protection,I,A,Annual,MEX,Mexico,EPL_T,Temporary contracts,0_TO_6,0-6 scale,VERSION4,Version 4 (2013-2019),2013,,2.004919052,,F,Free (free for publication),2,Two,A,Normal value,0,Units
DATAFLOW,OECD.ELS.JAI:DSD_EPL@DF_EPL(1.0),Strictness of employment protection,I,A,Annual,NLD,Netherlands,EPL_T,Temporary contracts,0_TO_6,0-6 scale,VERSION4,Version 4 (2013-2019),2013,,1.249372482,,F,Free (free for publication),2,Two,A,Normal value,0,Units
DATAFLOW,OECD.ELS.JAI:DSD_EPL@DF_EPL(1.0),Strictness of employment protection,I,A,Annual,NZL,New Zealand,EPL_T,Temporary contracts,0_TO_6,0-6 scale,VERSION4,Version 4 (2013-2019),2013,,1.015253067,,F,Free (free for publication),2,Two,A,Normal value,0,Units
DATAFLOW,OECD.ELS.JAI:DSD_EPL@DF_EPL(1.0),Strictness of employment protection,I,A,Annual,NOR,Norway,EPL_T,Temporary contracts,0_TO_6,0-6 scale,VERSION4,Version 4 (2013-2019),2013,,2.720579147,,F,Free (free for publication),2,Two,A,Normal value,0,Units
DATAFLOW,OECD.ELS.JAI:DSD_EPL@DF_EPL(1.0),Strictness of employment protection,I,A,Annual,POL,Poland,EPL_T,Temporary contracts,0_TO_6,0-6 scale,VERSION4,Version 4 (2013-2019),2013,,1.768725276,,F,Free (free for publication),2,Two,A,Normal value,0,Units
DATAFLOW,OECD.ELS.JAI:DSD_EPL@DF_EPL(1.0),Strictness of employment protection,I,A,Annual,PRT,Portugal,EPL_T,Temporary contracts,0_TO_6,0-6 scale,VERSION4,Version 4 (2013-2019),2013,,2.207609892,,F,Free (free for publication),2,Two,A,Normal value,0,Units
DATAFLOW,OECD.ELS.JAI:DSD_EPL@DF_EPL(1.0),Strictness of employment protection,I,A,Annual,SVK,Slovak Republic,EPL_T,Temporary contracts,0_TO_6,0-6 scale,VERSION4,Version 4 (2013-2019),2013,,2.02244544,,F,Free (free for publication),2,Two,A,Normal value,0,Units
DATAFLOW,OECD.ELS.JAI:DSD_EPL@DF_EPL(1.0),Strictness of employment protection,I,A,Annual,SVN,Slovenia,EPL_T,Temporary contracts,0_TO_6,0-6 scale,VERSION4,Version 4 (2013-2019),2013,,2.087084532,,F,Free (free for publication),2,Two,A,Normal value,0,Units
DATAFLOW,OECD.ELS.JAI:DSD_EPL@DF_EPL(1.0),Strictness of employment protection,I,A,Annual,ESP,Spain,EPL_T,Temporary contracts,0_TO_6,0-6 scale,VERSION4,Version 4 (2013-2019),2013,,2.498914957,,F,Free (free for publication),2,Two,A,Normal value,0,Units
DATAFLOW,OECD.ELS.JAI:DSD_EPL@DF_EPL(1.0),Strictness of employment protection,I,A,Annual,SWE,Sweden,EPL_T,Temporary contracts,0_TO_6,0-6 scale,VERSION4,Version 4 (2013-2019),2013,,1.547428012,,F,Free (free for publication),2,Two,A,Normal value,0,Units
DATAFLOW,OECD.ELS.JAI:DSD_EPL@DF_EPL(1.0),Strictness of employment protection,I,A,Annual,CHE,Switzerland,EPL_T,Temporary contracts,0_TO_6,0-6 scale,VERSION4,Version 4 (2013-2019),2013,,1.164021134,,F,Free (free for publication),2,Two,A,Normal value,0,Units
DATAFLOW,OECD.ELS.JAI:DSD_EPL@DF_EPL(1.0),Strictness of employment protection,I,A,Annual,TUR,Türkiye,EPL_T,Temporary contracts,0_TO_6,0-6 scale,VERSION4,Version 4 (2013-2019),2013,,3.722098112,,F,Free (free for publication),2,Two,A,Normal value,0,Units
DATAFLOW,OECD.ELS.JAI:DSD_EPL@DF_EPL(1.0),Strictness of employment protection,I,A,Annual,GBR,United Kingdom,EPL_T,Temporary contracts,0_TO_6,0-6 scale,VERSION4,Version 4 (2013-2019),2013,,0.412698418,,F,Free (free for publication),2,Two,A,Normal value,0,Units
DATAFLOW,OECD.ELS.JAI:DSD_EPL@DF_EPL(1.0),Strictness of employment protection,I,A,Annual,USA,United States,EPL_T,Temporary contracts,0_TO_6,0-6 scale,VERSION4,Version 4 (2013-2019),2013,,0.27078706,,F,Free (free for publication),2,Two,A,Normal value,0,Units
DATAFLOW,OECD.ELS.JAI:DSD_EPL@DF_EPL(1.0),Strictness of employment protection,I,A,Annual,AUS,Australia,EPL_T,Temporary contracts,0_TO_6,0-6 scale,VERSION4,Version 4 (2013-2019),2014,,0.939112127,,F,Free (free for publication),2,Two,A,Normal value,0,Units
DATAFLOW,OECD.ELS.JAI:DSD_EPL@DF_EPL(1.0),Strictness of employment protection,I,A,Annual,AUT,Austria,EPL_T,Temporary contracts,0_TO_6,0-6 scale,VERSION4,Version 4 (2013-2019),2014,,1.472222209,,F,Free (free for publication),2,Two,A,Normal value,0,Units
DATAFLOW,OECD.ELS.JAI:DSD_EPL@DF_EPL(1.0),Strictness of employment protection,I,A,Annual,BEL,Belgium,EPL_T,Temporary contracts,0_TO_6,0-6 scale,VERSION4,Version 4 (2013-2019),2014,,1.854786634,,F,Free (free for publication),2,Two,A,Normal value,0,Units
DATAFLOW,OECD.ELS.JAI:DSD_EPL@DF_EPL(1.0),Strictness of employment protection,I,A,Annual,CAN,Canada,EPL_T,Temporary contracts,0_TO_6,0-6 scale,VERSION4,Version 4 (2013-2019),2014,,0.393985629,,F,Free (free for publication),2,Two,A,Normal value,0,Units
DATAFLOW,OECD.ELS.JAI:DSD_EPL@DF_EPL(1.0),Strictness of employment protection,I,A,Annual,CHL,Chile,EPL_T,Temporary contracts,0_TO_6,0-6 scale,VERSION4,Version 4 (2013-2019),2014,,2.070519209,,F,Free (free for publication),2,Two,A,Normal value,0,Units
DATAFLOW,OECD.ELS.JAI:DSD_EPL@DF_EPL(1.0),Strictness of employment protection,I,A,Annual,COL,Colombia,EPL_T,Temporary contracts,0_TO_6,0-6 scale,VERSION4,Version 4 (2013-2019),2014,,2.045014858,,F,Free (free for publication),2,Two,A,Normal value,0,Units
DATAFLOW,OECD.ELS.JAI:DSD_EPL@DF_EPL(1.0),Strictness of employment protection,I,A,Annual,CZE,Czechia,EPL_T,Temporary contracts,0_TO_6,0-6 scale,VERSION4,Version 4 (2013-2019),2014,,2.0078125,,F,Free (free for publication),2,Two,A,Normal value,0,Units
DATAFLOW,OECD.ELS.JAI:DSD_EPL@DF_EPL(1.0),Strictness of employment protection,I,A,Annual,DNK,Denmark,EPL_T,Temporary contracts,0_TO_6,0-6 scale,VERSION4,Version 4 (2013-2019),2014,,1.604042649,,F,Free (free for publication),2,Two,A,Normal value,0,Units
DATAFLOW,OECD.ELS.JAI:DSD_EPL@DF_EPL(1.0),Strictness of employment protection,I,A,Annual,EST,Estonia,EPL_T,Temporary contracts,0_TO_6,0-6 scale,VERSION4,Version 4 (2013-2019),2014,,2.49361372,,F,Free (free for publication),2,Two,A,Normal value,0,Units
DATAFLOW,OECD.ELS.JAI:DSD_EPL@DF_EPL(1.0),Strictness of employment protection,I,A,Annual,FIN,Finland,EPL_T,Temporary contracts,0_TO_6,0-6 scale,VERSION4,Version 4 (2013-2019),2014,,1.617001534,,F,Free (free for publication),2,Two,A,Normal value,0,Units
DATAFLOW,OECD.ELS.JAI:DSD_EPL@DF_EPL(1.0),Strictness of employment protection,I,A,Annual,FRA,France,EPL_T,Temporary contracts,0_TO_6,0-6 scale,VERSION4,Version 4 (2013-2019),2014,,2.689577103,,F,Free (free for publication),2,Two,A,Normal value,0,Units
DATAFLOW,OECD.ELS.JAI:DSD_EPL@DF_EPL(1.0),Strictness of employment protection,I,A,Annual,DEU,Germany,EPL_T,Temporary contracts,0_TO_6,0-6 scale,VERSION4,Version 4 (2013-2019),2014,,1.557818651,,F,Free (free for publication),2,Two,A,Normal value,0,Units
DATAFLOW,OECD.ELS.JAI:DSD_EPL@DF_EPL(1.0),Strictness of employment protection,I,A,Annual,GRC,Greece,EPL_T,Temporary contracts,0_TO_6,0-6 scale,VERSION4,Version 4 (2013-2019),2014,,2.333333492,,F,Free (free for publication),2,Two,A,Normal value,0,Units
DATAFLOW,OECD.ELS.JAI:DSD_EPL@DF_EPL(1.0),Strictness of employment protection,I,A,Annual,HUN,Hungary,EPL_T,Temporary contracts,0_TO_6,0-6 scale,VERSION4,Version 4 (2013-2019),2014,,1.599051356,,F,Free (free for publication),2,Two,A,Normal value,0,Units
DATAFLOW,OECD.ELS.JAI:DSD_EPL@DF_EPL(1.0),Strictness of employment protection,I,A,Annual,ISL,Iceland,EPL_T,Temporary contracts,0_TO_6,0-6 scale,VERSION4,Version 4 (2013-2019),2014,,1.437169313,,F,Free (free for publication),2,Two,A,Normal value,0,Units
DATAFLOW,OECD.ELS.JAI:DSD_EPL@DF_EPL(1.0),Strictness of employment protection,I,A,Annual,IRL,Ireland,EPL_T,Temporary contracts,0_TO_6,0-6 scale,VERSION4,Version 4 (2013-2019),2014,,0.857142866,,F,Free (free for publication),2,Two,A,Normal value,0,Units
DATAFLOW,OECD.ELS.JAI:DSD_EPL@DF_EPL(1.0),Strictness of employment protection,I,A,Annual,ISR,Israel,EPL_T,Temporary contracts,0_TO_6,0-6 scale,VERSION4,Version 4 (2013-2019),2014,,1.480530739,,F,Free (free for publication),2,Two,A,Normal value,0,Units
DATAFLOW,OECD.ELS.JAI:DSD_EPL@DF_EPL(1.0),Strictness of employment protection,I,A,Annual,ITA,Italy,EPL_T,Temporary contracts,0_TO_6,0-6 scale,VERSION4,Version 4 (2013-2019),2014,,2.250806093,,F,Free (free for publication),2,Two,A,Normal value,0,Units
DATAFLOW,OECD.ELS.JAI:DSD_EPL@DF_EPL(1.0),Strictness of employment protection,I,A,Annual,JPN,Japan,EPL_T,Temporary contracts,0_TO_6,0-6 scale,VERSION4,Version 4 (2013-2019),2014,,1.348710299,,F,Free (free for publication),2,Two,A,Normal value,0,Units
DATAFLOW,OECD.ELS.JAI:DSD_EPL@DF_EPL(1.0),Strictness of employment protection,I,A,Annual,KOR,Korea,EPL_T,Temporary contracts,0_TO_6,0-6 scale,VERSION4,Version 4 (2013-2019),2014,,2.209532022,,F,Free (free for publication),2,Two,A,Normal value,0,Units
DATAFLOW,OECD.ELS.JAI:DSD_EPL@DF_EPL(1.0),Strictness of employment protection,I,A,Annual,LVA,Latvia,EPL_T,Temporary contracts,0_TO_6,0-6 scale,VERSION4,Version 4 (2013-2019),2014,,1.701140761,,F,Free (free for publication),2,Two,A,Normal value,0,Units
DATAFLOW,OECD.ELS.JAI:DSD_EPL@DF_EPL(1.0),Strictness of employment protection,I,A,Annual,LTU,Lithuania,EPL_T,Temporary contracts,0_TO_6,0-6 scale,VERSION4,Version 4 (2013-2019),2014,,2.626131535,,F,Free (free for publication),2,Two,A,Normal value,0,Units
DATAFLOW,OECD.ELS.JAI:DSD_EPL@DF_EPL(1.0),Strictness of employment protection,I,A,Annual,LUX,Luxembourg,EPL_T,Temporary contracts,0_TO_6,0-6 scale,VERSION4,Version 4 (2013-2019),2014,,3.555555582,,F,Free (free for publication),2,Two,A,Normal value,0,Units
DATAFLOW,OECD.ELS.JAI:DSD_EPL@DF_EPL(1.0),Strictness of employment protection,I,A,Annual,MEX,Mexico,EPL_T,Temporary contracts,0_TO_6,0-6 scale,VERSION4,Version 4 (2013-2019),2014,,2.004919052,,F,Free (free for publication),2,Two,A,Normal value,0,Units
DATAFLOW,OECD.ELS.JAI:DSD_EPL@DF_EPL(1.0),Strictness of employment protection,I,A,Annual,NLD,Netherlands,EPL_T,Temporary contracts,0_TO_6,0-6 scale,VERSION4,Version 4 (2013-2019),2014,,1.249372482,,F,Free (free for publication),2,Two,A,Normal value,0,Units
DATAFLOW,OECD.ELS.JAI:DSD_EPL@DF_EPL(1.0),Strictness of employment protection,I,A,Annual,NZL,New Zealand,EPL_T,Temporary contracts,0_TO_6,0-6 scale,VERSION4,Version 4 (2013-2019),2014,,1.015253067,,F,Free (free for publication),2,Two,A,Normal value,0,Units
DATAFLOW,OECD.ELS.JAI:DSD_EPL@DF_EPL(1.0),Strictness of employment protection,I,A,Annual,NOR,Norway,EPL_T,Temporary contracts,0_TO_6,0-6 scale,VERSION4,Version 4 (2013-2019),2014,,2.720579147,,F,Free (free for publication),2,Two,A,Normal value,0,Units
DATAFLOW,OECD.ELS.JAI:DSD_EPL@DF_EPL(1.0),Strictness of employment protection,I,A,Annual,POL,Poland,EPL_T,Temporary contracts,0_TO_6,0-6 scale,VERSION4,Version 4 (2013-2019),2014,,1.768725276,,F,Free (free for publication),2,Two,A,Normal value,0,Units
DATAFLOW,OECD.ELS.JAI:DSD_EPL@DF_EPL(1.0),Strictness of employment protection,I,A,Annual,PRT,Portugal,EPL_T,Temporary contracts,0_TO_6,0-6 scale,VERSION4,Version 4 (2013-2019),2014,,2.207609892,,F,Free (free for publication),2,Two,A,Normal value,0,Units
DATAFLOW,OECD.ELS.JAI:DSD_EPL@DF_EPL(1.0),Strictness of employment protection,I,A,Annual,SVK,Slovak Republic,EPL_T,Temporary contracts,0_TO_6,0-6 scale,VERSION4,Version 4 (2013-2019),2014,,2.02244544,,F,Free (free for publication),2,Two,A,Normal value,0,Units
DATAFLOW,OECD.ELS.JAI:DSD_EPL@DF_EPL(1.0),Strictness of employment protection,I,A,Annual,SVN,Slovenia,EPL_T,Temporary contracts,0_TO_6,0-6 scale,VERSION4,Version 4 (2013-2019),2014,,1.827752948,,F,Free (free for publication),2,Two,A,Normal value,0,Units
DATAFLOW,OECD.ELS.JAI:DSD_EPL@DF_EPL(1.0),Strictness of employment protection,I,A,Annual,ESP,Spain,EPL_T,Temporary contracts,0_TO_6,0-6 scale,VERSION4,Version 4 (2013-2019),2014,,2.457248211,,F,Free (free for publication),2,Two,A,Normal value,0,Units
DATAFLOW,OECD.ELS.JAI:DSD_EPL@DF_EPL(1.0),Strictness of employment protection,I,A,Annual,SWE,Sweden,EPL_T,Temporary contracts,0_TO_6,0-6 scale,VERSION4,Version 4 (2013-2019),2014,,1.547428012,,F,Free (free for publication),2,Two,A,Normal value,0,Units
DATAFLOW,OECD.ELS.JAI:DSD_EPL@DF_EPL(1.0),Strictness of employment protection,I,A,Annual,CHE,Switzerland,EPL_T,Temporary contracts,0_TO_6,0-6 scale,VERSION4,Version 4 (2013-2019),2014,,1.164021134,,F,Free (free for publication),2,Two,A,Normal value,0,Units
DATAFLOW,OECD.ELS.JAI:DSD_EPL@DF_EPL(1.0),Strictness of employment protection,I,A,Annual,TUR,Türkiye,EPL_T,Temporary contracts,0_TO_6,0-6 scale,VERSION4,Version 4 (2013-2019),2014,,3.722098112,,F,Free (free for publication),2,Two,A,Normal value,0,Units
DATAFLOW,OECD.ELS.JAI:DSD_EPL@DF_EPL(1.0),Strictness of employment protection,I,A,Annual,GBR,United Kingdom,EPL_T,Temporary contracts,0_TO_6,0-6 scale,VERSION4,Version 4 (2013-2019),2014,,0.412698418,,F,Free (free for publication),2,Two,A,Normal value,0,Units
DATAFLOW,OECD.ELS.JAI:DSD_EPL@DF_EPL(1.0),Strictness of employment protection,I,A,Annual,USA,United States,EPL_T,Temporary contracts,0_TO_6,0-6 scale,VERSION4,Version 4 (2013-2019),2014,,0.27078706,,F,Free (free for publication),2,Two,A,Normal value,0,Units
DATAFLOW,OECD.ELS.JAI:DSD_EPL@DF_EPL(1.0),Strictness of employment protection,I,A,Annual,OECD,OECD,EPL_T,Temporary contracts,0_TO_6,0-6 scale,VERSION4,Version 4 (2013-2019),2014,,1.798258066,,F,Free (free for publication),2,Two,A,Normal value,0,Units
DATAFLOW,OECD.ELS.JAI:DSD_EPL@DF_EPL(1.0),Strictness of employment protection,I,A,Annual,AUS,Australia,EPL_T,Temporary contracts,0_TO_6,0-6 scale,VERSION4,Version 4 (2013-2019),2015,,0.939112127,,F,Free (free for publication),2,Two,A,Normal value,0,Units
DATAFLOW,OECD.ELS.JAI:DSD_EPL@DF_EPL(1.0),Strictness of employment protection,I,A,Annual,AUT,Austria,EPL_T,Temporary contracts,0_TO_6,0-6 scale,VERSION4,Version 4 (2013-2019),2015,,1.472222209,,F,Free (free for publication),2,Two,A,Normal value,0,Units
DATAFLOW,OECD.ELS.JAI:DSD_EPL@DF_EPL(1.0),Strictness of employment protection,I,A,Annual,BEL,Belgium,EPL_T,Temporary contracts,0_TO_6,0-6 scale,VERSION4,Version 4 (2013-2019),2015,,1.920758843,,F,Free (free for publication),2,Two,A,Normal value,0,Units
DATAFLOW,OECD.ELS.JAI:DSD_EPL@DF_EPL(1.0),Strictness of employment protection,I,A,Annual,CAN,Canada,EPL_T,Temporary contracts,0_TO_6,0-6 scale,VERSION4,Version 4 (2013-2019),2015,,0.393985629,,F,Free (free for publication),2,Two,A,Normal value,0,Units
DATAFLOW,OECD.ELS.JAI:DSD_EPL@DF_EPL(1.0),Strictness of employment protection,I,A,Annual,CHL,Chile,EPL_T,Temporary contracts,0_TO_6,0-6 scale,VERSION4,Version 4 (2013-2019),2015,,2.070519209,,F,Free (free for publication),2,Two,A,Normal value,0,Units
DATAFLOW,OECD.ELS.JAI:DSD_EPL@DF_EPL(1.0),Strictness of employment protection,I,A,Annual,COL,Colombia,EPL_T,Temporary contracts,0_TO_6,0-6 scale,VERSION4,Version 4 (2013-2019),2015,,2.045014858,,F,Free (free for publication),2,Two,A,Normal value,0,Units
DATAFLOW,OECD.ELS.JAI:DSD_EPL@DF_EPL(1.0),Strictness of employment protection,I,A,Annual,CZE,Czechia,EPL_T,Temporary contracts,0_TO_6,0-6 scale,VERSION4,Version 4 (2013-2019),2015,,2.0078125,,F,Free (free for publication),2,Two,A,Normal value,0,Units
DATAFLOW,OECD.ELS.JAI:DSD_EPL@DF_EPL(1.0),Strictness of employment protection,I,A,Annual,DNK,Denmark,EPL_T,Temporary contracts,0_TO_6,0-6 scale,VERSION4,Version 4 (2013-2019),2015,,1.604042649,,F,Free (free for publication),2,Two,A,Normal value,0,Units
DATAFLOW,OECD.ELS.JAI:DSD_EPL@DF_EPL(1.0),Strictness of employment protection,I,A,Annual,EST,Estonia,EPL_T,Temporary contracts,0_TO_6,0-6 scale,VERSION4,Version 4 (2013-2019),2015,,2.49361372,,F,Free (free for publication),2,Two,A,Normal value,0,Units
DATAFLOW,OECD.ELS.JAI:DSD_EPL@DF_EPL(1.0),Strictness of employment protection,I,A,Annual,FIN,Finland,EPL_T,Temporary contracts,0_TO_6,0-6 scale,VERSION4,Version 4 (2013-2019),2015,,1.617001534,,F,Free (free for publication),2,Two,A,Normal value,0,Units
DATAFLOW,OECD.ELS.JAI:DSD_EPL@DF_EPL(1.0),Strictness of employment protection,I,A,Annual,FRA,France,EPL_T,Temporary contracts,0_TO_6,0-6 scale,VERSION4,Version 4 (2013-2019),2015,,2.689577103,,F,Free (free for publication),2,Two,A,Normal value,0,Units
DATAFLOW,OECD.ELS.JAI:DSD_EPL@DF_EPL(1.0),Strictness of employment protection,I,A,Annual,DEU,Germany,EPL_T,Temporary contracts,0_TO_6,0-6 scale,VERSION4,Version 4 (2013-2019),2015,,1.557818651,,F,Free (free for publication),2,Two,A,Normal value,0,Units
DATAFLOW,OECD.ELS.JAI:DSD_EPL@DF_EPL(1.0),Strictness of employment protection,I,A,Annual,GRC,Greece,EPL_T,Temporary contracts,0_TO_6,0-6 scale,VERSION4,Version 4 (2013-2019),2015,,2.333333492,,F,Free (free for publication),2,Two,A,Normal value,0,Units
DATAFLOW,OECD.ELS.JAI:DSD_EPL@DF_EPL(1.0),Strictness of employment protection,I,A,Annual,HUN,Hungary,EPL_T,Temporary contracts,0_TO_6,0-6 scale,VERSION4,Version 4 (2013-2019),2015,,1.599051356,,F,Free (free for publication),2,Two,A,Normal value,0,Units
DATAFLOW,OECD.ELS.JAI:DSD_EPL@DF_EPL(1.0),Strictness of employment protection,I,A,Annual,ISL,Iceland,EPL_T,Temporary contracts,0_TO_6,0-6 scale,VERSION4,Version 4 (2013-2019),2015,,1.437169313,,F,Free (free for publication),2,Two,A,Normal value,0,Units
DATAFLOW,OECD.ELS.JAI:DSD_EPL@DF_EPL(1.0),Strictness of employment protection,I,A,Annual,IRL,Ireland,EPL_T,Temporary contracts,0_TO_6,0-6 scale,VERSION4,Version 4 (2013-2019),2015,,0.857142866,,F,Free (free for publication),2,Two,A,Normal value,0,Units
DATAFLOW,OECD.ELS.JAI:DSD_EPL@DF_EPL(1.0),Strictness of employment protection,I,A,Annual,ISR,Israel,EPL_T,Temporary contracts,0_TO_6,0-6 scale,VERSION4,Version 4 (2013-2019),2015,,1.480530739,,F,Free (free for publication),2,Two,A,Normal value,0,Units
DATAFLOW,OECD.ELS.JAI:DSD_EPL@DF_EPL(1.0),Strictness of employment protection,I,A,Annual,ITA,Italy,EPL_T,Temporary contracts,0_TO_6,0-6 scale,VERSION4,Version 4 (2013-2019),2015,,1.97997272,,F,Free (free for publication),2,Two,A,Normal value,0,Units
DATAFLOW,OECD.ELS.JAI:DSD_EPL@DF_EPL(1.0),Strictness of employment protection,I,A,Annual,JPN,Japan,EPL_T,Temporary contracts,0_TO_6,0-6 scale,VERSION4,Version 4 (2013-2019),2015,,1.348710299,,F,Free (free for publication),2,Two,A,Normal value,0,Units
DATAFLOW,OECD.ELS.JAI:DSD_EPL@DF_EPL(1.0),Strictness of employment protection,I,A,Annual,KOR,Korea,EPL_T,Temporary contracts,0_TO_6,0-6 scale,VERSION4,Version 4 (2013-2019),2015,,2.209532022,,F,Free (free for publication),2,Two,A,Normal value,0,Units
DATAFLOW,OECD.ELS.JAI:DSD_EPL@DF_EPL(1.0),Strictness of employment protection,I,A,Annual,LVA,Latvia,EPL_T,Temporary contracts,0_TO_6,0-6 scale,VERSION4,Version 4 (2013-2019),2015,,1.701140761,,F,Free (free for publication),2,Two,A,Normal value,0,Units
DATAFLOW,OECD.ELS.JAI:DSD_EPL@DF_EPL(1.0),Strictness of employment protection,I,A,Annual,LTU,Lithuania,EPL_T,Temporary contracts,0_TO_6,0-6 scale,VERSION4,Version 4 (2013-2019),2015,,2.709465027,,F,Free (free for publication),2,Two,A,Normal value,0,Units
DATAFLOW,OECD.ELS.JAI:DSD_EPL@DF_EPL(1.0),Strictness of employment protection,I,A,Annual,LUX,Luxembourg,EPL_T,Temporary contracts,0_TO_6,0-6 scale,VERSION4,Version 4 (2013-2019),2015,,3.555555582,,F,Free (free for publication),2,Two,A,Normal value,0,Units
DATAFLOW,OECD.ELS.JAI:DSD_EPL@DF_EPL(1.0),Strictness of employment protection,I,A,Annual,MEX,Mexico,EPL_T,Temporary contracts,0_TO_6,0-6 scale,VERSION4,Version 4 (2013-2019),2015,,2.004919052,,F,Free (free for publication),2,Two,A,Normal value,0,Units
DATAFLOW,OECD.ELS.JAI:DSD_EPL@DF_EPL(1.0),Strictness of employment protection,I,A,Annual,NLD,Netherlands,EPL_T,Temporary contracts,0_TO_6,0-6 scale,VERSION4,Version 4 (2013-2019),2015,,1.249372482,,F,Free (free for publication),2,Two,A,Normal value,0,Units
DATAFLOW,OECD.ELS.JAI:DSD_EPL@DF_EPL(1.0),Strictness of employment protection,I,A,Annual,NZL,New Zealand,EPL_T,Temporary contracts,0_TO_6,0-6 scale,VERSION4,Version 4 (2013-2019),2015,,1.015253067,,F,Free (free for publication),2,Two,A,Normal value,0,Units
DATAFLOW,OECD.ELS.JAI:DSD_EPL@DF_EPL(1.0),Strictness of employment protection,I,A,Annual,NOR,Norway,EPL_T,Temporary contracts,0_TO_6,0-6 scale,VERSION4,Version 4 (2013-2019),2015,,2.720579147,,F,Free (free for publication),2,Two,A,Normal value,0,Units
DATAFLOW,OECD.ELS.JAI:DSD_EPL@DF_EPL(1.0),Strictness of employment protection,I,A,Annual,POL,Poland,EPL_T,Temporary contracts,0_TO_6,0-6 scale,VERSION4,Version 4 (2013-2019),2015,,1.768725276,,F,Free (free for publication),2,Two,A,Normal value,0,Units
DATAFLOW,OECD.ELS.JAI:DSD_EPL@DF_EPL(1.0),Strictness of employment protection,I,A,Annual,PRT,Portugal,EPL_T,Temporary contracts,0_TO_6,0-6 scale,VERSION4,Version 4 (2013-2019),2015,,2.207609892,,F,Free (free for publication),2,Two,A,Normal value,0,Units
DATAFLOW,OECD.ELS.JAI:DSD_EPL@DF_EPL(1.0),Strictness of employment protection,I,A,Annual,SVK,Slovak Republic,EPL_T,Temporary contracts,0_TO_6,0-6 scale,VERSION4,Version 4 (2013-2019),2015,,2.02244544,,F,Free (free for publication),2,Two,A,Normal value,0,Units
DATAFLOW,OECD.ELS.JAI:DSD_EPL@DF_EPL(1.0),Strictness of employment protection,I,A,Annual,SVN,Slovenia,EPL_T,Temporary contracts,0_TO_6,0-6 scale,VERSION4,Version 4 (2013-2019),2015,,1.827752948,,F,Free (free for publication),2,Two,A,Normal value,0,Units
DATAFLOW,OECD.ELS.JAI:DSD_EPL@DF_EPL(1.0),Strictness of employment protection,I,A,Annual,ESP,Spain,EPL_T,Temporary contracts,0_TO_6,0-6 scale,VERSION4,Version 4 (2013-2019),2015,,2.457248211,,F,Free (free for publication),2,Two,A,Normal value,0,Units
DATAFLOW,OECD.ELS.JAI:DSD_EPL@DF_EPL(1.0),Strictness of employment protection,I,A,Annual,SWE,Sweden,EPL_T,Temporary contracts,0_TO_6,0-6 scale,VERSION4,Version 4 (2013-2019),2015,,1.547428012,,F,Free (free for publication),2,Two,A,Normal value,0,Units
DATAFLOW,OECD.ELS.JAI:DSD_EPL@DF_EPL(1.0),Strictness of employment protection,I,A,Annual,CHE,Switzerland,EPL_T,Temporary contracts,0_TO_6,0-6 scale,VERSION4,Version 4 (2013-2019),2015,,1.164021134,,F,Free (free for publication),2,Two,A,Normal value,0,Units
DATAFLOW,OECD.ELS.JAI:DSD_EPL@DF_EPL(1.0),Strictness of employment protection,I,A,Annual,TUR,Türkiye,EPL_T,Temporary contracts,0_TO_6,0-6 scale,VERSION4,Version 4 (2013-2019),2015,,3.722098112,,F,Free (free for publication),2,Two,A,Normal value,0,Units
DATAFLOW,OECD.ELS.JAI:DSD_EPL@DF_EPL(1.0),Strictness of employment protection,I,A,Annual,GBR,United Kingdom,EPL_T,Temporary contracts,0_TO_6,0-6 scale,VERSION4,Version 4 (2013-2019),2015,,0.412698418,,F,Free (free for publication),2,Two,A,Normal value,0,Units
DATAFLOW,OECD.ELS.JAI:DSD_EPL@DF_EPL(1.0),Strictness of employment protection,I,A,Annual,USA,United States,EPL_T,Temporary contracts,0_TO_6,0-6 scale,VERSION4,Version 4 (2013-2019),2015,,0.27078706,,F,Free (free for publication),2,Two,A,Normal value,0,Units
DATAFLOW,OECD.ELS.JAI:DSD_EPL@DF_EPL(1.0),Strictness of employment protection,I,A,Annual,OECD,OECD,EPL_T,Temporary contracts,0_TO_6,0-6 scale,VERSION4,Version 4 (2013-2019),2015,,1.794973612,,F,Free (free for publication),2,Two,A,Normal value,0,Units
DATAFLOW,OECD.ELS.JAI:DSD_EPL@DF_EPL(1.0),Strictness of employment protection,I,A,Annual,AUS,Australia,EPL_T,Temporary contracts,0_TO_6,0-6 scale,VERSION4,Version 4 (2013-2019),2016,,0.939112127,,F,Free (free for publication),2,Two,A,Normal value,0,Units
DATAFLOW,OECD.ELS.JAI:DSD_EPL@DF_EPL(1.0),Strictness of employment protection,I,A,Annual,AUT,Austria,EPL_T,Temporary contracts,0_TO_6,0-6 scale,VERSION4,Version 4 (2013-2019),2016,,1.472222209,,F,Free (free for publication),2,Two,A,Normal value,0,Units
DATAFLOW,OECD.ELS.JAI:DSD_EPL@DF_EPL(1.0),Strictness of employment protection,I,A,Annual,BEL,Belgium,EPL_T,Temporary contracts,0_TO_6,0-6 scale,VERSION4,Version 4 (2013-2019),2016,,1.920758843,,F,Free (free for publication),2,Two,A,Normal value,0,Units
DATAFLOW,OECD.ELS.JAI:DSD_EPL@DF_EPL(1.0),Strictness of employment protection,I,A,Annual,CAN,Canada,EPL_T,Temporary contracts,0_TO_6,0-6 scale,VERSION4,Version 4 (2013-2019),2016,,0.393985629,,F,Free (free for publication),2,Two,A,Normal value,0,Units
DATAFLOW,OECD.ELS.JAI:DSD_EPL@DF_EPL(1.0),Strictness of employment protection,I,A,Annual,CHL,Chile,EPL_T,Temporary contracts,0_TO_6,0-6 scale,VERSION4,Version 4 (2013-2019),2016,,2.070519209,,F,Free (free for publication),2,Two,A,Normal value,0,Units
DATAFLOW,OECD.ELS.JAI:DSD_EPL@DF_EPL(1.0),Strictness of employment protection,I,A,Annual,COL,Colombia,EPL_T,Temporary contracts,0_TO_6,0-6 scale,VERSION4,Version 4 (2013-2019),2016,,2.045014858,,F,Free (free for publication),2,Two,A,Normal value,0,Units
DATAFLOW,OECD.ELS.JAI:DSD_EPL@DF_EPL(1.0),Strictness of employment protection,I,A,Annual,CZE,Czechia,EPL_T,Temporary contracts,0_TO_6,0-6 scale,VERSION4,Version 4 (2013-2019),2016,,2.0078125,,F,Free (free for publication),2,Two,A,Normal value,0,Units
DATAFLOW,OECD.ELS.JAI:DSD_EPL@DF_EPL(1.0),Strictness of employment protection,I,A,Annual,DNK,Denmark,EPL_T,Temporary contracts,0_TO_6,0-6 scale,VERSION4,Version 4 (2013-2019),2016,,1.604042649,,F,Free (free for publication),2,Two,A,Normal value,0,Units
DATAFLOW,OECD.ELS.JAI:DSD_EPL@DF_EPL(1.0),Strictness of employment protection,I,A,Annual,EST,Estonia,EPL_T,Temporary contracts,0_TO_6,0-6 scale,VERSION4,Version 4 (2013-2019),2016,,2.49361372,,F,Free (free for publication),2,Two,A,Normal value,0,Units
DATAFLOW,OECD.ELS.JAI:DSD_EPL@DF_EPL(1.0),Strictness of employment protection,I,A,Annual,FIN,Finland,EPL_T,Temporary contracts,0_TO_6,0-6 scale,VERSION4,Version 4 (2013-2019),2016,,1.617001534,,F,Free (free for publication),2,Two,A,Normal value,0,Units
DATAFLOW,OECD.ELS.JAI:DSD_EPL@DF_EPL(1.0),Strictness of employment protection,I,A,Annual,FRA,France,EPL_T,Temporary contracts,0_TO_6,0-6 scale,VERSION4,Version 4 (2013-2019),2016,,2.595827103,,F,Free (free for publication),2,Two,A,Normal value,0,Units
DATAFLOW,OECD.ELS.JAI:DSD_EPL@DF_EPL(1.0),Strictness of employment protection,I,A,Annual,DEU,Germany,EPL_T,Temporary contracts,0_TO_6,0-6 scale,VERSION4,Version 4 (2013-2019),2016,,1.557818651,,F,Free (free for publication),2,Two,A,Normal value,0,Units
DATAFLOW,OECD.ELS.JAI:DSD_EPL@DF_EPL(1.0),Strictness of employment protection,I,A,Annual,GRC,Greece,EPL_T,Temporary contracts,0_TO_6,0-6 scale,VERSION4,Version 4 (2013-2019),2016,,2.333333492,,F,Free (free for publication),2,Two,A,Normal value,0,Units
DATAFLOW,OECD.ELS.JAI:DSD_EPL@DF_EPL(1.0),Strictness of employment protection,I,A,Annual,HUN,Hungary,EPL_T,Temporary contracts,0_TO_6,0-6 scale,VERSION4,Version 4 (2013-2019),2016,,1.599051356,,F,Free (free for publication),2,Two,A,Normal value,0,Units
DATAFLOW,OECD.ELS.JAI:DSD_EPL@DF_EPL(1.0),Strictness of employment protection,I,A,Annual,ISL,Iceland,EPL_T,Temporary contracts,0_TO_6,0-6 scale,VERSION4,Version 4 (2013-2019),2016,,1.437169313,,F,Free (free for publication),2,Two,A,Normal value,0,Units
DATAFLOW,OECD.ELS.JAI:DSD_EPL@DF_EPL(1.0),Strictness of employment protection,I,A,Annual,IRL,Ireland,EPL_T,Temporary contracts,0_TO_6,0-6 scale,VERSION4,Version 4 (2013-2019),2016,,0.857142866,,F,Free (free for publication),2,Two,A,Normal value,0,Units
DATAFLOW,OECD.ELS.JAI:DSD_EPL@DF_EPL(1.0),Strictness of employment protection,I,A,Annual,ISR,Israel,EPL_T,Temporary contracts,0_TO_6,0-6 scale,VERSION4,Version 4 (2013-2019),2016,,1.480530739,,F,Free (free for publication),2,Two,A,Normal value,0,Units
DATAFLOW,OECD.ELS.JAI:DSD_EPL@DF_EPL(1.0),Strictness of employment protection,I,A,Annual,ITA,Italy,EPL_T,Temporary contracts,0_TO_6,0-6 scale,VERSION4,Version 4 (2013-2019),2016,,1.959139466,,F,Free (free for publication),2,Two,A,Normal value,0,Units
DATAFLOW,OECD.ELS.JAI:DSD_EPL@DF_EPL(1.0),Strictness of employment protection,I,A,Annual,JPN,Japan,EPL_T,Temporary contracts,0_TO_6,0-6 scale,VERSION4,Version 4 (2013-2019),2016,,1.348710299,,F,Free (free for publication),2,Two,A,Normal value,0,Units
DATAFLOW,OECD.ELS.JAI:DSD_EPL@DF_EPL(1.0),Strictness of employment protection,I,A,Annual,KOR,Korea,EPL_T,Temporary contracts,0_TO_6,0-6 scale,VERSION4,Version 4 (2013-2019),2016,,2.209532022,,F,Free (free for publication),2,Two,A,Normal value,0,Units
DATAFLOW,OECD.ELS.JAI:DSD_EPL@DF_EPL(1.0),Strictness of employment protection,I,A,Annual,LVA,Latvia,EPL_T,Temporary contracts,0_TO_6,0-6 scale,VERSION4,Version 4 (2013-2019),2016,,1.701140761,,F,Free (free for publication),2,Two,A,Normal value,0,Units
DATAFLOW,OECD.ELS.JAI:DSD_EPL@DF_EPL(1.0),Strictness of employment protection,I,A,Annual,LTU,Lithuania,EPL_T,Temporary contracts,0_TO_6,0-6 scale,VERSION4,Version 4 (2013-2019),2016,,2.626131535,,F,Free (free for publication),2,Two,A,Normal value,0,Units
DATAFLOW,OECD.ELS.JAI:DSD_EPL@DF_EPL(1.0),Strictness of employment protection,I,A,Annual,LUX,Luxembourg,EPL_T,Temporary contracts,0_TO_6,0-6 scale,VERSION4,Version 4 (2013-2019),2016,,3.555555582,,F,Free (free for publication),2,Two,A,Normal value,0,Units
DATAFLOW,OECD.ELS.JAI:DSD_EPL@DF_EPL(1.0),Strictness of employment protection,I,A,Annual,MEX,Mexico,EPL_T,Temporary contracts,0_TO_6,0-6 scale,VERSION4,Version 4 (2013-2019),2016,,2.004919052,,F,Free (free for publication),2,Two,A,Normal value,0,Units
DATAFLOW,OECD.ELS.JAI:DSD_EPL@DF_EPL(1.0),Strictness of employment protection,I,A,Annual,NLD,Netherlands,EPL_T,Temporary contracts,0_TO_6,0-6 scale,VERSION4,Version 4 (2013-2019),2016,,1.457620263,,F,Free (free for publication),2,Two,A,Normal value,0,Units
DATAFLOW,OECD.ELS.JAI:DSD_EPL@DF_EPL(1.0),Strictness of employment protection,I,A,Annual,NZL,New Zealand,EPL_T,Temporary contracts,0_TO_6,0-6 scale,VERSION4,Version 4 (2013-2019),2016,,1.015253067,,F,Free (free for publication),2,Two,A,Normal value,0,Units
DATAFLOW,OECD.ELS.JAI:DSD_EPL@DF_EPL(1.0),Strictness of employment protection,I,A,Annual,NOR,Norway,EPL_T,Temporary contracts,0_TO_6,0-6 scale,VERSION4,Version 4 (2013-2019),2016,,2.387245655,,F,Free (free for publication),2,Two,A,Normal value,0,Units
DATAFLOW,OECD.ELS.JAI:DSD_EPL@DF_EPL(1.0),Strictness of employment protection,I,A,Annual,POL,Poland,EPL_T,Temporary contracts,0_TO_6,0-6 scale,VERSION4,Version 4 (2013-2019),2016,,1.768725276,,F,Free (free for publication),2,Two,A,Normal value,0,Units
DATAFLOW,OECD.ELS.JAI:DSD_EPL@DF_EPL(1.0),Strictness of employment protection,I,A,Annual,PRT,Portugal,EPL_T,Temporary contracts,0_TO_6,0-6 scale,VERSION4,Version 4 (2013-2019),2016,,2.290943384,,F,Free (free for publication),2,Two,A,Normal value,0,Units
DATAFLOW,OECD.ELS.JAI:DSD_EPL@DF_EPL(1.0),Strictness of employment protection,I,A,Annual,SVK,Slovak Republic,EPL_T,Temporary contracts,0_TO_6,0-6 scale,VERSION4,Version 4 (2013-2019),2016,,2.244667768,,F,Free (free for publication),2,Two,A,Normal value,0,Units
DATAFLOW,OECD.ELS.JAI:DSD_EPL@DF_EPL(1.0),Strictness of employment protection,I,A,Annual,SVN,Slovenia,EPL_T,Temporary contracts,0_TO_6,0-6 scale,VERSION4,Version 4 (2013-2019),2016,,1.827752948,,F,Free (free for publication),2,Two,A,Normal value,0,Units
DATAFLOW,OECD.ELS.JAI:DSD_EPL@DF_EPL(1.0),Strictness of employment protection,I,A,Annual,ESP,Spain,EPL_T,Temporary contracts,0_TO_6,0-6 scale,VERSION4,Version 4 (2013-2019),2016,,2.457248211,,F,Free (free for publication),2,Two,A,Normal value,0,Units
DATAFLOW,OECD.ELS.JAI:DSD_EPL@DF_EPL(1.0),Strictness of employment protection,I,A,Annual,SWE,Sweden,EPL_T,Temporary contracts,0_TO_6,0-6 scale,VERSION4,Version 4 (2013-2019),2016,,1.547428012,,F,Free (free for publication),2,Two,A,Normal value,0,Units
DATAFLOW,OECD.ELS.JAI:DSD_EPL@DF_EPL(1.0),Strictness of employment protection,I,A,Annual,CHE,Switzerland,EPL_T,Temporary contracts,0_TO_6,0-6 scale,VERSION4,Version 4 (2013-2019),2016,,1.164021134,,F,Free (free for publication),2,Two,A,Normal value,0,Units
DATAFLOW,OECD.ELS.JAI:DSD_EPL@DF_EPL(1.0),Strictness of employment protection,I,A,Annual,TUR,Türkiye,EPL_T,Temporary contracts,0_TO_6,0-6 scale,VERSION4,Version 4 (2013-2019),2016,,3.722098112,,F,Free (free for publication),2,Two,A,Normal value,0,Units
DATAFLOW,OECD.ELS.JAI:DSD_EPL@DF_EPL(1.0),Strictness of employment protection,I,A,Annual,GBR,United Kingdom,EPL_T,Temporary contracts,0_TO_6,0-6 scale,VERSION4,Version 4 (2013-2019),2016,,0.412698418,,F,Free (free for publication),2,Two,A,Normal value,0,Units
DATAFLOW,OECD.ELS.JAI:DSD_EPL@DF_EPL(1.0),Strictness of employment protection,I,A,Annual,USA,United States,EPL_T,Temporary contracts,0_TO_6,0-6 scale,VERSION4,Version 4 (2013-2019),2016,,0.27078706,,F,Free (free for publication),2,Two,A,Normal value,0,Units
DATAFLOW,OECD.ELS.JAI:DSD_EPL@DF_EPL(1.0),Strictness of employment protection,I,A,Annual,OECD,OECD,EPL_T,Temporary contracts,0_TO_6,0-6 scale,VERSION4,Version 4 (2013-2019),2016,,1.79450202,,F,Free (free for publication),2,Two,A,Normal value,0,Units
DATAFLOW,OECD.ELS.JAI:DSD_EPL@DF_EPL(1.0),Strictness of employment protection,I,A,Annual,AUS,Australia,EPL_T,Temporary contracts,0_TO_6,0-6 scale,VERSION4,Version 4 (2013-2019),2017,,0.939112127,,F,Free (free for publication),2,Two,A,Normal value,0,Units
DATAFLOW,OECD.ELS.JAI:DSD_EPL@DF_EPL(1.0),Strictness of employment protection,I,A,Annual,AUT,Austria,EPL_T,Temporary contracts,0_TO_6,0-6 scale,VERSION4,Version 4 (2013-2019),2017,,1.472222209,,F,Free (free for publication),2,Two,A,Normal value,0,Units
DATAFLOW,OECD.ELS.JAI:DSD_EPL@DF_EPL(1.0),Strictness of employment protection,I,A,Annual,BEL,Belgium,EPL_T,Temporary contracts,0_TO_6,0-6 scale,VERSION4,Version 4 (2013-2019),2017,,1.922711968,,F,Free (free for publication),2,Two,A,Normal value,0,Units
DATAFLOW,OECD.ELS.JAI:DSD_EPL@DF_EPL(1.0),Strictness of employment protection,I,A,Annual,CAN,Canada,EPL_T,Temporary contracts,0_TO_6,0-6 scale,VERSION4,Version 4 (2013-2019),2017,,0.393985629,,F,Free (free for publication),2,Two,A,Normal value,0,Units
DATAFLOW,OECD.ELS.JAI:DSD_EPL@DF_EPL(1.0),Strictness of employment protection,I,A,Annual,CHL,Chile,EPL_T,Temporary contracts,0_TO_6,0-6 scale,VERSION4,Version 4 (2013-2019),2017,,2.070519209,,F,Free (free for publication),2,Two,A,Normal value,0,Units
DATAFLOW,OECD.ELS.JAI:DSD_EPL@DF_EPL(1.0),Strictness of employment protection,I,A,Annual,COL,Colombia,EPL_T,Temporary contracts,0_TO_6,0-6 scale,VERSION4,Version 4 (2013-2019),2017,,2.045014858,,F,Free (free for publication),2,Two,A,Normal value,0,Units
DATAFLOW,OECD.ELS.JAI:DSD_EPL@DF_EPL(1.0),Strictness of employment protection,I,A,Annual,CZE,Czechia,EPL_T,Temporary contracts,0_TO_6,0-6 scale,VERSION4,Version 4 (2013-2019),2017,,2.0078125,,F,Free (free for publication),2,Two,A,Normal value,0,Units
DATAFLOW,OECD.ELS.JAI:DSD_EPL@DF_EPL(1.0),Strictness of employment protection,I,A,Annual,DNK,Denmark,EPL_T,Temporary contracts,0_TO_6,0-6 scale,VERSION4,Version 4 (2013-2019),2017,,1.604042649,,F,Free (free for publication),2,Two,A,Normal value,0,Units
DATAFLOW,OECD.ELS.JAI:DSD_EPL@DF_EPL(1.0),Strictness of employment protection,I,A,Annual,EST,Estonia,EPL_T,Temporary contracts,0_TO_6,0-6 scale,VERSION4,Version 4 (2013-2019),2017,,2.49361372,,F,Free (free for publication),2,Two,A,Normal value,0,Units
DATAFLOW,OECD.ELS.JAI:DSD_EPL@DF_EPL(1.0),Strictness of employment protection,I,A,Annual,FIN,Finland,EPL_T,Temporary contracts,0_TO_6,0-6 scale,VERSION4,Version 4 (2013-2019),2017,,1.608072877,,F,Free (free for publication),2,Two,A,Normal value,0,Units
DATAFLOW,OECD.ELS.JAI:DSD_EPL@DF_EPL(1.0),Strictness of employment protection,I,A,Annual,FRA,France,EPL_T,Temporary contracts,0_TO_6,0-6 scale,VERSION4,Version 4 (2013-2019),2017,,2.595827103,,F,Free (free for publication),2,Two,A,Normal value,0,Units
DATAFLOW,OECD.ELS.JAI:DSD_EPL@DF_EPL(1.0),Strictness of employment protection,I,A,Annual,DEU,Germany,EPL_T,Temporary contracts,0_TO_6,0-6 scale,VERSION4,Version 4 (2013-2019),2017,,1.557818651,,F,Free (free for publication),2,Two,A,Normal value,0,Units
DATAFLOW,OECD.ELS.JAI:DSD_EPL@DF_EPL(1.0),Strictness of employment protection,I,A,Annual,GRC,Greece,EPL_T,Temporary contracts,0_TO_6,0-6 scale,VERSION4,Version 4 (2013-2019),2017,,2.333333492,,F,Free (free for publication),2,Two,A,Normal value,0,Units
DATAFLOW,OECD.ELS.JAI:DSD_EPL@DF_EPL(1.0),Strictness of employment protection,I,A,Annual,HUN,Hungary,EPL_T,Temporary contracts,0_TO_6,0-6 scale,VERSION4,Version 4 (2013-2019),2017,,1.599051356,,F,Free (free for publication),2,Two,A,Normal value,0,Units
DATAFLOW,OECD.ELS.JAI:DSD_EPL@DF_EPL(1.0),Strictness of employment protection,I,A,Annual,ISL,Iceland,EPL_T,Temporary contracts,0_TO_6,0-6 scale,VERSION4,Version 4 (2013-2019),2017,,1.437169313,,F,Free (free for publication),2,Two,A,Normal value,0,Units
DATAFLOW,OECD.ELS.JAI:DSD_EPL@DF_EPL(1.0),Strictness of employment protection,I,A,Annual,IRL,Ireland,EPL_T,Temporary contracts,0_TO_6,0-6 scale,VERSION4,Version 4 (2013-2019),2017,,0.857142866,,F,Free (free for publication),2,Two,A,Normal value,0,Units
DATAFLOW,OECD.ELS.JAI:DSD_EPL@DF_EPL(1.0),Strictness of employment protection,I,A,Annual,ISR,Israel,EPL_T,Temporary contracts,0_TO_6,0-6 scale,VERSION4,Version 4 (2013-2019),2017,,1.480530739,,F,Free (free for publication),2,Two,A,Normal value,0,Units
DATAFLOW,OECD.ELS.JAI:DSD_EPL@DF_EPL(1.0),Strictness of employment protection,I,A,Annual,ITA,Italy,EPL_T,Temporary contracts,0_TO_6,0-6 scale,VERSION4,Version 4 (2013-2019),2017,,1.959139466,,F,Free (free for publication),2,Two,A,Normal value,0,Units
DATAFLOW,OECD.ELS.JAI:DSD_EPL@DF_EPL(1.0),Strictness of employment protection,I,A,Annual,JPN,Japan,EPL_T,Temporary contracts,0_TO_6,0-6 scale,VERSION4,Version 4 (2013-2019),2017,,1.348710299,,F,Free (free for publication),2,Two,A,Normal value,0,Units
DATAFLOW,OECD.ELS.JAI:DSD_EPL@DF_EPL(1.0),Strictness of employment protection,I,A,Annual,KOR,Korea,EPL_T,Temporary contracts,0_TO_6,0-6 scale,VERSION4,Version 4 (2013-2019),2017,,2.209532022,,F,Free (free for publication),2,Two,A,Normal value,0,Units
DATAFLOW,OECD.ELS.JAI:DSD_EPL@DF_EPL(1.0),Strictness of employment protection,I,A,Annual,LVA,Latvia,EPL_T,Temporary contracts,0_TO_6,0-6 scale,VERSION4,Version 4 (2013-2019),2017,,1.701140761,,F,Free (free for publication),2,Two,A,Normal value,0,Units
DATAFLOW,OECD.ELS.JAI:DSD_EPL@DF_EPL(1.0),Strictness of employment protection,I,A,Annual,LTU,Lithuania,EPL_T,Temporary contracts,0_TO_6,0-6 scale,VERSION4,Version 4 (2013-2019),2017,,2.626131535,,F,Free (free for publication),2,Two,A,Normal value,0,Units
DATAFLOW,OECD.ELS.JAI:DSD_EPL@DF_EPL(1.0),Strictness of employment protection,I,A,Annual,LUX,Luxembourg,EPL_T,Temporary contracts,0_TO_6,0-6 scale,VERSION4,Version 4 (2013-2019),2017,,3.555555582,,F,Free (free for publication),2,Two,A,Normal value,0,Units
DATAFLOW,OECD.ELS.JAI:DSD_EPL@DF_EPL(1.0),Strictness of employment protection,I,A,Annual,MEX,Mexico,EPL_T,Temporary contracts,0_TO_6,0-6 scale,VERSION4,Version 4 (2013-2019),2017,,2.004919052,,F,Free (free for publication),2,Two,A,Normal value,0,Units
DATAFLOW,OECD.ELS.JAI:DSD_EPL@DF_EPL(1.0),Strictness of employment protection,I,A,Annual,NLD,Netherlands,EPL_T,Temporary contracts,0_TO_6,0-6 scale,VERSION4,Version 4 (2013-2019),2017,,1.457620263,,F,Free (free for publication),2,Two,A,Normal value,0,Units
DATAFLOW,OECD.ELS.JAI:DSD_EPL@DF_EPL(1.0),Strictness of employment protection,I,A,Annual,NZL,New Zealand,EPL_T,Temporary contracts,0_TO_6,0-6 scale,VERSION4,Version 4 (2013-2019),2017,,1.015253067,,F,Free (free for publication),2,Two,A,Normal value,0,Units
DATAFLOW,OECD.ELS.JAI:DSD_EPL@DF_EPL(1.0),Strictness of employment protection,I,A,Annual,NOR,Norway,EPL_T,Temporary contracts,0_TO_6,0-6 scale,VERSION4,Version 4 (2013-2019),2017,,2.387245655,,F,Free (free for publication),2,Two,A,Normal value,0,Units
DATAFLOW,OECD.ELS.JAI:DSD_EPL@DF_EPL(1.0),Strictness of employment protection,I,A,Annual,POL,Poland,EPL_T,Temporary contracts,0_TO_6,0-6 scale,VERSION4,Version 4 (2013-2019),2017,,1.804439545,,F,Free (free for publication),2,Two,A,Normal value,0,Units
DATAFLOW,OECD.ELS.JAI:DSD_EPL@DF_EPL(1.0),Strictness of employment protection,I,A,Annual,PRT,Portugal,EPL_T,Temporary contracts,0_TO_6,0-6 scale,VERSION4,Version 4 (2013-2019),2017,,2.290943384,,F,Free (free for publication),2,Two,A,Normal value,0,Units
DATAFLOW,OECD.ELS.JAI:DSD_EPL@DF_EPL(1.0),Strictness of employment protection,I,A,Annual,SVK,Slovak Republic,EPL_T,Temporary contracts,0_TO_6,0-6 scale,VERSION4,Version 4 (2013-2019),2017,,2.244667768,,F,Free (free for publication),2,Two,A,Normal value,0,Units
DATAFLOW,OECD.ELS.JAI:DSD_EPL@DF_EPL(1.0),Strictness of employment protection,I,A,Annual,SVN,Slovenia,EPL_T,Temporary contracts,0_TO_6,0-6 scale,VERSION4,Version 4 (2013-2019),2017,,1.827752948,,F,Free (free for publication),2,Two,A,Normal value,0,Units
DATAFLOW,OECD.ELS.JAI:DSD_EPL@DF_EPL(1.0),Strictness of employment protection,I,A,Annual,ESP,Spain,EPL_T,Temporary contracts,0_TO_6,0-6 scale,VERSION4,Version 4 (2013-2019),2017,,2.457248211,,F,Free (free for publication),2,Two,A,Normal value,0,Units
DATAFLOW,OECD.ELS.JAI:DSD_EPL@DF_EPL(1.0),Strictness of employment protection,I,A,Annual,SWE,Sweden,EPL_T,Temporary contracts,0_TO_6,0-6 scale,VERSION4,Version 4 (2013-2019),2017,,1.547428012,,F,Free (free for publication),2,Two,A,Normal value,0,Units
DATAFLOW,OECD.ELS.JAI:DSD_EPL@DF_EPL(1.0),Strictness of employment protection,I,A,Annual,CHE,Switzerland,EPL_T,Temporary contracts,0_TO_6,0-6 scale,VERSION4,Version 4 (2013-2019),2017,,1.164021134,,F,Free (free for publication),2,Two,A,Normal value,0,Units
DATAFLOW,OECD.ELS.JAI:DSD_EPL@DF_EPL(1.0),Strictness of employment protection,I,A,Annual,TUR,Türkiye,EPL_T,Temporary contracts,0_TO_6,0-6 scale,VERSION4,Version 4 (2013-2019),2017,,3.416542768,,F,Free (free for publication),2,Two,A,Normal value,0,Units
DATAFLOW,OECD.ELS.JAI:DSD_EPL@DF_EPL(1.0),Strictness of employment protection,I,A,Annual,GBR,United Kingdom,EPL_T,Temporary contracts,0_TO_6,0-6 scale,VERSION4,Version 4 (2013-2019),2017,,0.412698418,,F,Free (free for publication),2,Two,A,Normal value,0,Units
DATAFLOW,OECD.ELS.JAI:DSD_EPL@DF_EPL(1.0),Strictness of employment protection,I,A,Annual,USA,United States,EPL_T,Temporary contracts,0_TO_6,0-6 scale,VERSION4,Version 4 (2013-2019),2017,,0.27078706,,F,Free (free for publication),2,Two,A,Normal value,0,Units
DATAFLOW,OECD.ELS.JAI:DSD_EPL@DF_EPL(1.0),Strictness of employment protection,I,A,Annual,OECD,OECD,EPL_T,Temporary contracts,0_TO_6,0-6 scale,VERSION4,Version 4 (2013-2019),2017,,1.787020445,,F,Free (free for publication),2,Two,A,Normal value,0,Units
DATAFLOW,OECD.ELS.JAI:DSD_EPL@DF_EPL(1.0),Strictness of employment protection,I,A,Annual,AUS,Australia,EPL_T,Temporary contracts,0_TO_6,0-6 scale,VERSION4,Version 4 (2013-2019),2018,,0.939112127,,F,Free (free for publication),2,Two,A,Normal value,0,Units
DATAFLOW,OECD.ELS.JAI:DSD_EPL@DF_EPL(1.0),Strictness of employment protection,I,A,Annual,AUT,Austria,EPL_T,Temporary contracts,0_TO_6,0-6 scale,VERSION4,Version 4 (2013-2019),2018,,1.472222209,,F,Free (free for publication),2,Two,A,Normal value,0,Units
DATAFLOW,OECD.ELS.JAI:DSD_EPL@DF_EPL(1.0),Strictness of employment protection,I,A,Annual,BEL,Belgium,EPL_T,Temporary contracts,0_TO_6,0-6 scale,VERSION4,Version 4 (2013-2019),2018,,1.922711968,,F,Free (free for publication),2,Two,A,Normal value,0,Units
DATAFLOW,OECD.ELS.JAI:DSD_EPL@DF_EPL(1.0),Strictness of employment protection,I,A,Annual,CAN,Canada,EPL_T,Temporary contracts,0_TO_6,0-6 scale,VERSION4,Version 4 (2013-2019),2018,,0.393985629,,F,Free (free for publication),2,Two,A,Normal value,0,Units
DATAFLOW,OECD.ELS.JAI:DSD_EPL@DF_EPL(1.0),Strictness of employment protection,I,A,Annual,CHL,Chile,EPL_T,Temporary contracts,0_TO_6,0-6 scale,VERSION4,Version 4 (2013-2019),2018,,2.070519209,,F,Free (free for publication),2,Two,A,Normal value,0,Units
DATAFLOW,OECD.ELS.JAI:DSD_EPL@DF_EPL(1.0),Strictness of employment protection,I,A,Annual,COL,Colombia,EPL_T,Temporary contracts,0_TO_6,0-6 scale,VERSION4,Version 4 (2013-2019),2018,,2.045014858,,F,Free (free for publication),2,Two,A,Normal value,0,Units
DATAFLOW,OECD.ELS.JAI:DSD_EPL@DF_EPL(1.0),Strictness of employment protection,I,A,Annual,CZE,Czechia,EPL_T,Temporary contracts,0_TO_6,0-6 scale,VERSION4,Version 4 (2013-2019),2018,,2.0078125,,F,Free (free for publication),2,Two,A,Normal value,0,Units
DATAFLOW,OECD.ELS.JAI:DSD_EPL@DF_EPL(1.0),Strictness of employment protection,I,A,Annual,DNK,Denmark,EPL_T,Temporary contracts,0_TO_6,0-6 scale,VERSION4,Version 4 (2013-2019),2018,,1.604042649,,F,Free (free for publication),2,Two,A,Normal value,0,Units
DATAFLOW,OECD.ELS.JAI:DSD_EPL@DF_EPL(1.0),Strictness of employment protection,I,A,Annual,EST,Estonia,EPL_T,Temporary contracts,0_TO_6,0-6 scale,VERSION4,Version 4 (2013-2019),2018,,2.49361372,,F,Free (free for publication),2,Two,A,Normal value,0,Units
DATAFLOW,OECD.ELS.JAI:DSD_EPL@DF_EPL(1.0),Strictness of employment protection,I,A,Annual,FIN,Finland,EPL_T,Temporary contracts,0_TO_6,0-6 scale,VERSION4,Version 4 (2013-2019),2018,,1.608072877,,F,Free (free for publication),2,Two,A,Normal value,0,Units
DATAFLOW,OECD.ELS.JAI:DSD_EPL@DF_EPL(1.0),Strictness of employment protection,I,A,Annual,FRA,France,EPL_T,Temporary contracts,0_TO_6,0-6 scale,VERSION4,Version 4 (2013-2019),2018,,2.581442118,,F,Free (free for publication),2,Two,A,Normal value,0,Units
DATAFLOW,OECD.ELS.JAI:DSD_EPL@DF_EPL(1.0),Strictness of employment protection,I,A,Annual,DEU,Germany,EPL_T,Temporary contracts,0_TO_6,0-6 scale,VERSION4,Version 4 (2013-2019),2018,,1.668929815,,F,Free (free for publication),2,Two,A,Normal value,0,Units
DATAFLOW,OECD.ELS.JAI:DSD_EPL@DF_EPL(1.0),Strictness of employment protection,I,A,Annual,GRC,Greece,EPL_T,Temporary contracts,0_TO_6,0-6 scale,VERSION4,Version 4 (2013-2019),2018,,2.333333492,,F,Free (free for publication),2,Two,A,Normal value,0,Units
DATAFLOW,OECD.ELS.JAI:DSD_EPL@DF_EPL(1.0),Strictness of employment protection,I,A,Annual,HUN,Hungary,EPL_T,Temporary contracts,0_TO_6,0-6 scale,VERSION4,Version 4 (2013-2019),2018,,1.61988461,,F,Free (free for publication),2,Two,A,Normal value,0,Units
DATAFLOW,OECD.ELS.JAI:DSD_EPL@DF_EPL(1.0),Strictness of employment protection,I,A,Annual,ISL,Iceland,EPL_T,Temporary contracts,0_TO_6,0-6 scale,VERSION4,Version 4 (2013-2019),2018,,1.437169313,,F,Free (free for publication),2,Two,A,Normal value,0,Units
DATAFLOW,OECD.ELS.JAI:DSD_EPL@DF_EPL(1.0),Strictness of employment protection,I,A,Annual,IRL,Ireland,EPL_T,Temporary contracts,0_TO_6,0-6 scale,VERSION4,Version 4 (2013-2019),2018,,0.857142866,,F,Free (free for publication),2,Two,A,Normal value,0,Units
DATAFLOW,OECD.ELS.JAI:DSD_EPL@DF_EPL(1.0),Strictness of employment protection,I,A,Annual,ISR,Israel,EPL_T,Temporary contracts,0_TO_6,0-6 scale,VERSION4,Version 4 (2013-2019),2018,,1.480530739,,F,Free (free for publication),2,Two,A,Normal value,0,Units
DATAFLOW,OECD.ELS.JAI:DSD_EPL@DF_EPL(1.0),Strictness of employment protection,I,A,Annual,ITA,Italy,EPL_T,Temporary contracts,0_TO_6,0-6 scale,VERSION4,Version 4 (2013-2019),2018,,1.959139466,,F,Free (free for publication),2,Two,A,Normal value,0,Units
DATAFLOW,OECD.ELS.JAI:DSD_EPL@DF_EPL(1.0),Strictness of employment protection,I,A,Annual,JPN,Japan,EPL_T,Temporary contracts,0_TO_6,0-6 scale,VERSION4,Version 4 (2013-2019),2018,,1.348710299,,F,Free (free for publication),2,Two,A,Normal value,0,Units
DATAFLOW,OECD.ELS.JAI:DSD_EPL@DF_EPL(1.0),Strictness of employment protection,I,A,Annual,KOR,Korea,EPL_T,Temporary contracts,0_TO_6,0-6 scale,VERSION4,Version 4 (2013-2019),2018,,2.209532022,,F,Free (free for publication),2,Two,A,Normal value,0,Units
DATAFLOW,OECD.ELS.JAI:DSD_EPL@DF_EPL(1.0),Strictness of employment protection,I,A,Annual,LVA,Latvia,EPL_T,Temporary contracts,0_TO_6,0-6 scale,VERSION4,Version 4 (2013-2019),2018,,1.701140761,,F,Free (free for publication),2,Two,A,Normal value,0,Units
DATAFLOW,OECD.ELS.JAI:DSD_EPL@DF_EPL(1.0),Strictness of employment protection,I,A,Annual,LTU,Lithuania,EPL_T,Temporary contracts,0_TO_6,0-6 scale,VERSION4,Version 4 (2013-2019),2018,,1.720904589,,F,Free (free for publication),2,Two,A,Normal value,0,Units
DATAFLOW,OECD.ELS.JAI:DSD_EPL@DF_EPL(1.0),Strictness of employment protection,I,A,Annual,LUX,Luxembourg,EPL_T,Temporary contracts,0_TO_6,0-6 scale,VERSION4,Version 4 (2013-2019),2018,,3.555555582,,F,Free (free for publication),2,Two,A,Normal value,0,Units
DATAFLOW,OECD.ELS.JAI:DSD_EPL@DF_EPL(1.0),Strictness of employment protection,I,A,Annual,MEX,Mexico,EPL_T,Temporary contracts,0_TO_6,0-6 scale,VERSION4,Version 4 (2013-2019),2018,,2.004919052,,F,Free (free for publication),2,Two,A,Normal value,0,Units
DATAFLOW,OECD.ELS.JAI:DSD_EPL@DF_EPL(1.0),Strictness of employment protection,I,A,Annual,NLD,Netherlands,EPL_T,Temporary contracts,0_TO_6,0-6 scale,VERSION4,Version 4 (2013-2019),2018,,1.457620263,,F,Free (free for publication),2,Two,A,Normal value,0,Units
DATAFLOW,OECD.ELS.JAI:DSD_EPL@DF_EPL(1.0),Strictness of employment protection,I,A,Annual,NZL,New Zealand,EPL_T,Temporary contracts,0_TO_6,0-6 scale,VERSION4,Version 4 (2013-2019),2018,,1.015253067,,F,Free (free for publication),2,Two,A,Normal value,0,Units
DATAFLOW,OECD.ELS.JAI:DSD_EPL@DF_EPL(1.0),Strictness of employment protection,I,A,Annual,NOR,Norway,EPL_T,Temporary contracts,0_TO_6,0-6 scale,VERSION4,Version 4 (2013-2019),2018,,2.387245655,,F,Free (free for publication),2,Two,A,Normal value,0,Units
DATAFLOW,OECD.ELS.JAI:DSD_EPL@DF_EPL(1.0),Strictness of employment protection,I,A,Annual,POL,Poland,EPL_T,Temporary contracts,0_TO_6,0-6 scale,VERSION4,Version 4 (2013-2019),2018,,1.804439545,,F,Free (free for publication),2,Two,A,Normal value,0,Units
DATAFLOW,OECD.ELS.JAI:DSD_EPL@DF_EPL(1.0),Strictness of employment protection,I,A,Annual,PRT,Portugal,EPL_T,Temporary contracts,0_TO_6,0-6 scale,VERSION4,Version 4 (2013-2019),2018,,2.290943384,,F,Free (free for publication),2,Two,A,Normal value,0,Units
DATAFLOW,OECD.ELS.JAI:DSD_EPL@DF_EPL(1.0),Strictness of employment protection,I,A,Annual,SVK,Slovak Republic,EPL_T,Temporary contracts,0_TO_6,0-6 scale,VERSION4,Version 4 (2013-2019),2018,,2.244667768,,F,Free (free for publication),2,Two,A,Normal value,0,Units
DATAFLOW,OECD.ELS.JAI:DSD_EPL@DF_EPL(1.0),Strictness of employment protection,I,A,Annual,SVN,Slovenia,EPL_T,Temporary contracts,0_TO_6,0-6 scale,VERSION4,Version 4 (2013-2019),2018,,1.827752948,,F,Free (free for publication),2,Two,A,Normal value,0,Units
DATAFLOW,OECD.ELS.JAI:DSD_EPL@DF_EPL(1.0),Strictness of employment protection,I,A,Annual,ESP,Spain,EPL_T,Temporary contracts,0_TO_6,0-6 scale,VERSION4,Version 4 (2013-2019),2018,,2.457248211,,F,Free (free for publication),2,Two,A,Normal value,0,Units
DATAFLOW,OECD.ELS.JAI:DSD_EPL@DF_EPL(1.0),Strictness of employment protection,I,A,Annual,SWE,Sweden,EPL_T,Temporary contracts,0_TO_6,0-6 scale,VERSION4,Version 4 (2013-2019),2018,,1.547428012,,F,Free (free for publication),2,Two,A,Normal value,0,Units
DATAFLOW,OECD.ELS.JAI:DSD_EPL@DF_EPL(1.0),Strictness of employment protection,I,A,Annual,CHE,Switzerland,EPL_T,Temporary contracts,0_TO_6,0-6 scale,VERSION4,Version 4 (2013-2019),2018,,1.164021134,,F,Free (free for publication),2,Two,A,Normal value,0,Units
DATAFLOW,OECD.ELS.JAI:DSD_EPL@DF_EPL(1.0),Strictness of employment protection,I,A,Annual,TUR,Türkiye,EPL_T,Temporary contracts,0_TO_6,0-6 scale,VERSION4,Version 4 (2013-2019),2018,,3.416542768,,F,Free (free for publication),2,Two,A,Normal value,0,Units
DATAFLOW,OECD.ELS.JAI:DSD_EPL@DF_EPL(1.0),Strictness of employment protection,I,A,Annual,GBR,United Kingdom,EPL_T,Temporary contracts,0_TO_6,0-6 scale,VERSION4,Version 4 (2013-2019),2018,,0.412698418,,F,Free (free for publication),2,Two,A,Normal value,0,Units
DATAFLOW,OECD.ELS.JAI:DSD_EPL@DF_EPL(1.0),Strictness of employment protection,I,A,Annual,USA,United States,EPL_T,Temporary contracts,0_TO_6,0-6 scale,VERSION4,Version 4 (2013-2019),2018,,0.27078706,,F,Free (free for publication),2,Two,A,Normal value,0,Units
DATAFLOW,OECD.ELS.JAI:DSD_EPL@DF_EPL(1.0),Strictness of employment protection,I,A,Annual,OECD,OECD,EPL_T,Temporary contracts,0_TO_6,0-6 scale,VERSION4,Version 4 (2013-2019),2018,,1.765732169,,F,Free (free for publication),2,Two,A,Normal value,0,Units
DATAFLOW,OECD.ELS.JAI:DSD_EPL@DF_EPL(1.0),Strictness of employment protection,I,A,Annual,AUS,Australia,EPL_T,Temporary contracts,0_TO_6,0-6 scale,VERSION4,Version 4 (2013-2019),2019,,0.939112127,,F,Free (free for publication),2,Two,A,Normal value,0,Units
DATAFLOW,OECD.ELS.JAI:DSD_EPL@DF_EPL(1.0),Strictness of employment protection,I,A,Annual,AUT,Austria,EPL_T,Temporary contracts,0_TO_6,0-6 scale,VERSION4,Version 4 (2013-2019),2019,,1.472222209,,F,Free (free for publication),2,Two,A,Normal value,0,Units
DATAFLOW,OECD.ELS.JAI:DSD_EPL@DF_EPL(1.0),Strictness of employment protection,I,A,Annual,BEL,Belgium,EPL_T,Temporary contracts,0_TO_6,0-6 scale,VERSION4,Version 4 (2013-2019),2019,,1.891462088,,F,Free (free for publication),2,Two,A,Normal value,0,Units
DATAFLOW,OECD.ELS.JAI:DSD_EPL@DF_EPL(1.0),Strictness of employment protection,I,A,Annual,CAN,Canada,EPL_T,Temporary contracts,0_TO_6,0-6 scale,VERSION4,Version 4 (2013-2019),2019,,0.440652281,,F,Free (free for publication),2,Two,A,Normal value,0,Units
DATAFLOW,OECD.ELS.JAI:DSD_EPL@DF_EPL(1.0),Strictness of employment protection,I,A,Annual,CHL,Chile,EPL_T,Temporary contracts,0_TO_6,0-6 scale,VERSION4,Version 4 (2013-2019),2019,,2.070519209,,F,Free (free for publication),2,Two,A,Normal value,0,Units
DATAFLOW,OECD.ELS.JAI:DSD_EPL@DF_EPL(1.0),Strictness of employment protection,I,A,Annual,COL,Colombia,EPL_T,Temporary contracts,0_TO_6,0-6 scale,VERSION4,Version 4 (2013-2019),2019,,2.045014858,,F,Free (free for publication),2,Two,A,Normal value,0,Units
DATAFLOW,OECD.ELS.JAI:DSD_EPL@DF_EPL(1.0),Strictness of employment protection,I,A,Annual,CZE,Czechia,EPL_T,Temporary contracts,0_TO_6,0-6 scale,VERSION4,Version 4 (2013-2019),2019,,2.0078125,,F,Free (free for publication),2,Two,A,Normal value,0,Units
DATAFLOW,OECD.ELS.JAI:DSD_EPL@DF_EPL(1.0),Strictness of employment protection,I,A,Annual,DNK,Denmark,EPL_T,Temporary contracts,0_TO_6,0-6 scale,VERSION4,Version 4 (2013-2019),2019,,1.604042649,,F,Free (free for publication),2,Two,A,Normal value,0,Units
DATAFLOW,OECD.ELS.JAI:DSD_EPL@DF_EPL(1.0),Strictness of employment protection,I,A,Annual,EST,Estonia,EPL_T,Temporary contracts,0_TO_6,0-6 scale,VERSION4,Version 4 (2013-2019),2019,,2.49361372,,F,Free (free for publication),2,Two,A,Normal value,0,Units
DATAFLOW,OECD.ELS.JAI:DSD_EPL@DF_EPL(1.0),Strictness of employment protection,I,A,Annual,FIN,Finland,EPL_T,Temporary contracts,0_TO_6,0-6 scale,VERSION4,Version 4 (2013-2019),2019,,1.608072877,,F,Free (free for publication),2,Two,A,Normal value,0,Units
DATAFLOW,OECD.ELS.JAI:DSD_EPL@DF_EPL(1.0),Strictness of employment protection,I,A,Annual,FRA,France,EPL_T,Temporary contracts,0_TO_6,0-6 scale,VERSION4,Version 4 (2013-2019),2019,,2.581442118,,F,Free (free for publication),2,Two,A,Normal value,0,Units
DATAFLOW,OECD.ELS.JAI:DSD_EPL@DF_EPL(1.0),Strictness of employment protection,I,A,Annual,DEU,Germany,EPL_T,Temporary contracts,0_TO_6,0-6 scale,VERSION4,Version 4 (2013-2019),2019,,1.668929815,,F,Free (free for publication),2,Two,A,Normal value,0,Units
DATAFLOW,OECD.ELS.JAI:DSD_EPL@DF_EPL(1.0),Strictness of employment protection,I,A,Annual,GRC,Greece,EPL_T,Temporary contracts,0_TO_6,0-6 scale,VERSION4,Version 4 (2013-2019),2019,,2.333333492,,F,Free (free for publication),2,Two,A,Normal value,0,Units
DATAFLOW,OECD.ELS.JAI:DSD_EPL@DF_EPL(1.0),Strictness of employment protection,I,A,Annual,HUN,Hungary,EPL_T,Temporary contracts,0_TO_6,0-6 scale,VERSION4,Version 4 (2013-2019),2019,,1.61988461,,F,Free (free for publication),2,Two,A,Normal value,0,Units
DATAFLOW,OECD.ELS.JAI:DSD_EPL@DF_EPL(1.0),Strictness of employment protection,I,A,Annual,ISL,Iceland,EPL_T,Temporary contracts,0_TO_6,0-6 scale,VERSION4,Version 4 (2013-2019),2019,,1.437169313,,F,Free (free for publication),2,Two,A,Normal value,0,Units
DATAFLOW,OECD.ELS.JAI:DSD_EPL@DF_EPL(1.0),Strictness of employment protection,I,A,Annual,IRL,Ireland,EPL_T,Temporary contracts,0_TO_6,0-6 scale,VERSION4,Version 4 (2013-2019),2019,,0.857142866,,F,Free (free for publication),2,Two,A,Normal value,0,Units
DATAFLOW,OECD.ELS.JAI:DSD_EPL@DF_EPL(1.0),Strictness of employment protection,I,A,Annual,ISR,Israel,EPL_T,Temporary contracts,0_TO_6,0-6 scale,VERSION4,Version 4 (2013-2019),2019,,1.480530739,,F,Free (free for publication),2,Two,A,Normal value,0,Units
DATAFLOW,OECD.ELS.JAI:DSD_EPL@DF_EPL(1.0),Strictness of employment protection,I,A,Annual,ITA,Italy,EPL_T,Temporary contracts,0_TO_6,0-6 scale,VERSION4,Version 4 (2013-2019),2019,,2.820250511,,F,Free (free for publication),2,Two,A,Normal value,0,Units
DATAFLOW,OECD.ELS.JAI:DSD_EPL@DF_EPL(1.0),Strictness of employment protection,I,A,Annual,JPN,Japan,EPL_T,Temporary contracts,0_TO_6,0-6 scale,VERSION4,Version 4 (2013-2019),2019,,1.348710299,,F,Free (free for publication),2,Two,A,Normal value,0,Units
DATAFLOW,OECD.ELS.JAI:DSD_EPL@DF_EPL(1.0),Strictness of employment protection,I,A,Annual,KOR,Korea,EPL_T,Temporary contracts,0_TO_6,0-6 scale,VERSION4,Version 4 (2013-2019),2019,,2.188698769,,F,Free (free for publication),2,Two,A,Normal value,0,Units
DATAFLOW,OECD.ELS.JAI:DSD_EPL@DF_EPL(1.0),Strictness of employment protection,I,A,Annual,LVA,Latvia,EPL_T,Temporary contracts,0_TO_6,0-6 scale,VERSION4,Version 4 (2013-2019),2019,,1.701140761,,F,Free (free for publication),2,Two,A,Normal value,0,Units
DATAFLOW,OECD.ELS.JAI:DSD_EPL@DF_EPL(1.0),Strictness of employment protection,I,A,Annual,LTU,Lithuania,EPL_T,Temporary contracts,0_TO_6,0-6 scale,VERSION4,Version 4 (2013-2019),2019,,1.720904589,,F,Free (free for publication),2,Two,A,Normal value,0,Units
DATAFLOW,OECD.ELS.JAI:DSD_EPL@DF_EPL(1.0),Strictness of employment protection,I,A,Annual,LUX,Luxembourg,EPL_T,Temporary contracts,0_TO_6,0-6 scale,VERSION4,Version 4 (2013-2019),2019,,3.555555582,,F,Free (free for publication),2,Two,A,Normal value,0,Units
DATAFLOW,OECD.ELS.JAI:DSD_EPL@DF_EPL(1.0),Strictness of employment protection,I,A,Annual,MEX,Mexico,EPL_T,Temporary contracts,0_TO_6,0-6 scale,VERSION4,Version 4 (2013-2019),2019,,2.004919052,,F,Free (free for publication),2,Two,A,Normal value,0,Units
DATAFLOW,OECD.ELS.JAI:DSD_EPL@DF_EPL(1.0),Strictness of employment protection,I,A,Annual,NLD,Netherlands,EPL_T,Temporary contracts,0_TO_6,0-6 scale,VERSION4,Version 4 (2013-2019),2019,,1.478453636,,F,Free (free for publication),2,Two,A,Normal value,0,Units
DATAFLOW,OECD.ELS.JAI:DSD_EPL@DF_EPL(1.0),Strictness of employment protection,I,A,Annual,NZL,New Zealand,EPL_T,Temporary contracts,0_TO_6,0-6 scale,VERSION4,Version 4 (2013-2019),2019,,1.015253067,,F,Free (free for publication),2,Two,A,Normal value,0,Units
DATAFLOW,OECD.ELS.JAI:DSD_EPL@DF_EPL(1.0),Strictness of employment protection,I,A,Annual,NOR,Norway,EPL_T,Temporary contracts,0_TO_6,0-6 scale,VERSION4,Version 4 (2013-2019),2019,,2.470579147,,F,Free (free for publication),2,Two,A,Normal value,0,Units
DATAFLOW,OECD.ELS.JAI:DSD_EPL@DF_EPL(1.0),Strictness of employment protection,I,A,Annual,POL,Poland,EPL_T,Temporary contracts,0_TO_6,0-6 scale,VERSION4,Version 4 (2013-2019),2019,,1.804439545,,F,Free (free for publication),2,Two,A,Normal value,0,Units
DATAFLOW,OECD.ELS.JAI:DSD_EPL@DF_EPL(1.0),Strictness of employment protection,I,A,Annual,PRT,Portugal,EPL_T,Temporary contracts,0_TO_6,0-6 scale,VERSION4,Version 4 (2013-2019),2019,,2.290943384,,F,Free (free for publication),2,Two,A,Normal value,0,Units
DATAFLOW,OECD.ELS.JAI:DSD_EPL@DF_EPL(1.0),Strictness of employment protection,I,A,Annual,SVK,Slovak Republic,EPL_T,Temporary contracts,0_TO_6,0-6 scale,VERSION4,Version 4 (2013-2019),2019,,2.244667768,,F,Free (free for publication),2,Two,A,Normal value,0,Units
DATAFLOW,OECD.ELS.JAI:DSD_EPL@DF_EPL(1.0),Strictness of employment protection,I,A,Annual,SVN,Slovenia,EPL_T,Temporary contracts,0_TO_6,0-6 scale,VERSION4,Version 4 (2013-2019),2019,,1.827752948,,F,Free (free for publication),2,Two,A,Normal value,0,Units
DATAFLOW,OECD.ELS.JAI:DSD_EPL@DF_EPL(1.0),Strictness of employment protection,I,A,Annual,ESP,Spain,EPL_T,Temporary contracts,0_TO_6,0-6 scale,VERSION4,Version 4 (2013-2019),2019,,2.466176748,,F,Free (free for publication),2,Two,A,Normal value,0,Units
DATAFLOW,OECD.ELS.JAI:DSD_EPL@DF_EPL(1.0),Strictness of employment protection,I,A,Annual,SWE,Sweden,EPL_T,Temporary contracts,0_TO_6,0-6 scale,VERSION4,Version 4 (2013-2019),2019,,1.547428012,,F,Free (free for publication),2,Two,A,Normal value,0,Units
DATAFLOW,OECD.ELS.JAI:DSD_EPL@DF_EPL(1.0),Strictness of employment protection,I,A,Annual,CHE,Switzerland,EPL_T,Temporary contracts,0_TO_6,0-6 scale,VERSION4,Version 4 (2013-2019),2019,,1.164021134,,F,Free (free for publication),2,Two,A,Normal value,0,Units
DATAFLOW,OECD.ELS.JAI:DSD_EPL@DF_EPL(1.0),Strictness of employment protection,I,A,Annual,TUR,Türkiye,EPL_T,Temporary contracts,0_TO_6,0-6 scale,VERSION4,Version 4 (2013-2019),2019,,3.416542768,,F,Free (free for publication),2,Two,A,Normal value,0,Units
DATAFLOW,OECD.ELS.JAI:DSD_EPL@DF_EPL(1.0),Strictness of employment protection,I,A,Annual,GBR,United Kingdom,EPL_T,Temporary contracts,0_TO_6,0-6 scale,VERSION4,Version 4 (2013-2019),2019,,0.412698418,,F,Free (free for publication),2,Two,A,Normal value,0,Units
DATAFLOW,OECD.ELS.JAI:DSD_EPL@DF_EPL(1.0),Strictness of employment protection,I,A,Annual,USA,United States,EPL_T,Temporary contracts,0_TO_6,0-6 scale,VERSION4,Version 4 (2013-2019),2019,,0.27078706,,F,Free (free for publication),2,Two,A,Normal value,0,Units
DATAFLOW,OECD.ELS.JAI:DSD_EPL@DF_EPL(1.0),Strictness of employment protection,I,A,Annual,OECD,OECD,EPL_T,Temporary contracts,0_TO_6,0-6 scale,VERSION4,Version 4 (2013-2019),2019,,1.791915655,,F,Free (free for publication),2,Two,A,Normal value,0,Units
DATAFLOW,OECD.ELS.JAI:DSD_EPL@DF_EPL(1.0),Strictness of employment protection,I,A,Annual,AUS,Australia,EPL_OV,Individual and collective dismissals (regular contracts),0_TO_6,0-6 scale,VERSION4,Version 4 (2013-2019),2013,,1.700077891,,F,Free (free for publication),2,Two,A,Normal value,0,Units
DATAFLOW,OECD.ELS.JAI:DSD_EPL@DF_EPL(1.0),Strictness of employment protection,I,A,Annual,AUT,Austria,EPL_OV,Individual and collective dismissals (regular contracts),0_TO_6,0-6 scale,VERSION4,Version 4 (2013-2019),2013,,1.800630689,,F,Free (free for publication),2,Two,A,Normal value,0,Units
DATAFLOW,OECD.ELS.JAI:DSD_EPL@DF_EPL(1.0),Strictness of employment protection,I,A,Annual,BEL,Belgium,EPL_OV,Individual and collective dismissals (regular contracts),0_TO_6,0-6 scale,VERSION4,Version 4 (2013-2019),2013,,2.219474316,,F,Free (free for publication),2,Two,A,Normal value,0,Units
DATAFLOW,OECD.ELS.JAI:DSD_EPL@DF_EPL(1.0),Strictness of employment protection,I,A,Annual,CAN,Canada,EPL_OV,Individual and collective dismissals (regular contracts),0_TO_6,0-6 scale,VERSION4,Version 4 (2013-2019),2013,,1.675306797,,F,Free (free for publication),2,Two,A,Normal value,0,Units
DATAFLOW,OECD.ELS.JAI:DSD_EPL@DF_EPL(1.0),Strictness of employment protection,I,A,Annual,CHL,Chile,EPL_OV,Individual and collective dismissals (regular contracts),0_TO_6,0-6 scale,VERSION4,Version 4 (2013-2019),2013,,2.341765881,,F,Free (free for publication),2,Two,A,Normal value,0,Units
DATAFLOW,OECD.ELS.JAI:DSD_EPL@DF_EPL(1.0),Strictness of employment protection,I,A,Annual,CZE,Czechia,EPL_OV,Individual and collective dismissals (regular contracts),0_TO_6,0-6 scale,VERSION4,Version 4 (2013-2019),2013,,3.025262117,,F,Free (free for publication),2,Two,A,Normal value,0,Units
DATAFLOW,OECD.ELS.JAI:DSD_EPL@DF_EPL(1.0),Strictness of employment protection,I,A,Annual,DNK,Denmark,EPL_OV,Individual and collective dismissals (regular contracts),0_TO_6,0-6 scale,VERSION4,Version 4 (2013-2019),2013,,1.937693,,F,Free (free for publication),2,Two,A,Normal value,0,Units
DATAFLOW,OECD.ELS.JAI:DSD_EPL@DF_EPL(1.0),Strictness of employment protection,I,A,Annual,EST,Estonia,EPL_OV,Individual and collective dismissals (regular contracts),0_TO_6,0-6 scale,VERSION4,Version 4 (2013-2019),2013,,1.934222698,,F,Free (free for publication),2,Two,A,Normal value,0,Units
DATAFLOW,OECD.ELS.JAI:DSD_EPL@DF_EPL(1.0),Strictness of employment protection,I,A,Annual,FIN,Finland,EPL_OV,Individual and collective dismissals (regular contracts),0_TO_6,0-6 scale,VERSION4,Version 4 (2013-2019),2013,,2.518016577,,F,Free (free for publication),2,Two,A,Normal value,0,Units
DATAFLOW,OECD.ELS.JAI:DSD_EPL@DF_EPL(1.0),Strictness of employment protection,I,A,Annual,FRA,France,EPL_OV,Individual and collective dismissals (regular contracts),0_TO_6,0-6 scale,VERSION4,Version 4 (2013-2019),2013,,2.828447104,,F,Free (free for publication),2,Two,A,Normal value,0,Units
DATAFLOW,OECD.ELS.JAI:DSD_EPL@DF_EPL(1.0),Strictness of employment protection,I,A,Annual,DEU,Germany,EPL_OV,Individual and collective dismissals (regular contracts),0_TO_6,0-6 scale,VERSION4,Version 4 (2013-2019),2013,,2.332411051,,F,Free (free for publication),2,Two,A,Normal value,0,Units
DATAFLOW,OECD.ELS.JAI:DSD_EPL@DF_EPL(1.0),Strictness of employment protection,I,A,Annual,GRC,Greece,EPL_OV,Individual and collective dismissals (regular contracts),0_TO_6,0-6 scale,VERSION4,Version 4 (2013-2019),2013,,2.591600657,,F,Free (free for publication),2,Two,A,Normal value,0,Units
DATAFLOW,OECD.ELS.JAI:DSD_EPL@DF_EPL(1.0),Strictness of employment protection,I,A,Annual,HUN,Hungary,EPL_OV,Individual and collective dismissals (regular contracts),0_TO_6,0-6 scale,VERSION4,Version 4 (2013-2019),2013,,1.76733458,,F,Free (free for publication),2,Two,A,Normal value,0,Units
DATAFLOW,OECD.ELS.JAI:DSD_EPL@DF_EPL(1.0),Strictness of employment protection,I,A,Annual,ISL,Iceland,EPL_OV,Individual and collective dismissals (regular contracts),0_TO_6,0-6 scale,VERSION4,Version 4 (2013-2019),2013,,2.203089476,,F,Free (free for publication),2,Two,A,Normal value,0,Units
DATAFLOW,OECD.ELS.JAI:DSD_EPL@DF_EPL(1.0),Strictness of employment protection,I,A,Annual,IRL,Ireland,EPL_OV,Individual and collective dismissals (regular contracts),0_TO_6,0-6 scale,VERSION4,Version 4 (2013-2019),2013,,2.134929419,,F,Free (free for publication),2,Two,A,Normal value,0,Units
DATAFLOW,OECD.ELS.JAI:DSD_EPL@DF_EPL(1.0),Strictness of employment protection,I,A,Annual,ISR,Israel,EPL_OV,Individual and collective dismissals (regular contracts),0_TO_6,0-6 scale,VERSION4,Version 4 (2013-2019),2013,,2.832093239,,F,Free (free for publication),2,Two,A,Normal value,0,Units
DATAFLOW,OECD.ELS.JAI:DSD_EPL@DF_EPL(1.0),Strictness of employment protection,I,A,Annual,ITA,Italy,EPL_OV,Individual and collective dismissals (regular contracts),0_TO_6,0-6 scale,VERSION4,Version 4 (2013-2019),2013,,3.103652954,,F,Free (free for publication),2,Two,A,Normal value,0,Units
DATAFLOW,OECD.ELS.JAI:DSD_EPL@DF_EPL(1.0),Strictness of employment protection,I,A,Annual,JPN,Japan,EPL_OV,Individual and collective dismissals (regular contracts),0_TO_6,0-6 scale,VERSION4,Version 4 (2013-2019),2013,,2.080915213,,F,Free (free for publication),2,Two,A,Normal value,0,Units
DATAFLOW,OECD.ELS.JAI:DSD_EPL@DF_EPL(1.0),Strictness of employment protection,I,A,Annual,KOR,Korea,EPL_OV,Individual and collective dismissals (regular contracts),0_TO_6,0-6 scale,VERSION4,Version 4 (2013-2019),2013,,2.385948181,,F,Free (free for publication),2,Two,A,Normal value,0,Units
DATAFLOW,OECD.ELS.JAI:DSD_EPL@DF_EPL(1.0),Strictness of employment protection,I,A,Annual,LVA,Latvia,EPL_OV,Individual and collective dismissals (regular contracts),0_TO_6,0-6 scale,VERSION4,Version 4 (2013-2019),2013,,2.708120823,,F,Free (free for publication),2,Two,A,Normal value,0,Units
DATAFLOW,OECD.ELS.JAI:DSD_EPL@DF_EPL(1.0),Strictness of employment protection,I,A,Annual,LUX,Luxembourg,EPL_OV,Individual and collective dismissals (regular contracts),0_TO_6,0-6 scale,VERSION4,Version 4 (2013-2019),2013,,2.541836739,,F,Free (free for publication),2,Two,A,Normal value,0,Units
DATAFLOW,OECD.ELS.JAI:DSD_EPL@DF_EPL(1.0),Strictness of employment protection,I,A,Annual,MEX,Mexico,EPL_OV,Individual and collective dismissals (regular contracts),0_TO_6,0-6 scale,VERSION4,Version 4 (2013-2019),2013,,2.464817286,,F,Free (free for publication),2,Two,A,Normal value,0,Units
DATAFLOW,OECD.ELS.JAI:DSD_EPL@DF_EPL(1.0),Strictness of employment protection,I,A,Annual,NLD,Netherlands,EPL_OV,Individual and collective dismissals (regular contracts),0_TO_6,0-6 scale,VERSION4,Version 4 (2013-2019),2013,,2.55173254,,F,Free (free for publication),2,Two,A,Normal value,0,Units
DATAFLOW,OECD.ELS.JAI:DSD_EPL@DF_EPL(1.0),Strictness of employment protection,I,A,Annual,NZL,New Zealand,EPL_OV,Individual and collective dismissals (regular contracts),0_TO_6,0-6 scale,VERSION4,Version 4 (2013-2019),2013,,2.085777998,,F,Free (free for publication),2,Two,A,Normal value,0,Units
DATAFLOW,OECD.ELS.JAI:DSD_EPL@DF_EPL(1.0),Strictness of employment protection,I,A,Annual,NOR,Norway,EPL_OV,Individual and collective dismissals (regular contracts),0_TO_6,0-6 scale,VERSION4,Version 4 (2013-2019),2013,,2.373485327,,F,Free (free for publication),2,Two,A,Normal value,0,Units
DATAFLOW,OECD.ELS.JAI:DSD_EPL@DF_EPL(1.0),Strictness of employment protection,I,A,Annual,POL,Poland,EPL_OV,Individual and collective dismissals (regular contracts),0_TO_6,0-6 scale,VERSION4,Version 4 (2013-2019),2013,,2.385318041,,F,Free (free for publication),2,Two,A,Normal value,0,Units
DATAFLOW,OECD.ELS.JAI:DSD_EPL@DF_EPL(1.0),Strictness of employment protection,I,A,Annual,PRT,Portugal,EPL_OV,Individual and collective dismissals (regular contracts),0_TO_6,0-6 scale,VERSION4,Version 4 (2013-2019),2013,,3.062234163,,F,Free (free for publication),2,Two,A,Normal value,0,Units
DATAFLOW,OECD.ELS.JAI:DSD_EPL@DF_EPL(1.0),Strictness of employment protection,I,A,Annual,SVK,Slovak Republic,EPL_OV,Individual and collective dismissals (regular contracts),0_TO_6,0-6 scale,VERSION4,Version 4 (2013-2019),2013,,2.33060503,,F,Free (free for publication),2,Two,A,Normal value,0,Units
DATAFLOW,OECD.ELS.JAI:DSD_EPL@DF_EPL(1.0),Strictness of employment protection,I,A,Annual,SVN,Slovenia,EPL_OV,Individual and collective dismissals (regular contracts),0_TO_6,0-6 scale,VERSION4,Version 4 (2013-2019),2013,,2.539350748,,F,Free (free for publication),2,Two,A,Normal value,0,Units
DATAFLOW,OECD.ELS.JAI:DSD_EPL@DF_EPL(1.0),Strictness of employment protection,I,A,Annual,ESP,Spain,EPL_OV,Individual and collective dismissals (regular contracts),0_TO_6,0-6 scale,VERSION4,Version 4 (2013-2019),2013,,2.392248631,,F,Free (free for publication),2,Two,A,Normal value,0,Units
DATAFLOW,OECD.ELS.JAI:DSD_EPL@DF_EPL(1.0),Strictness of employment protection,I,A,Annual,SWE,Sweden,EPL_OV,Individual and collective dismissals (regular contracts),0_TO_6,0-6 scale,VERSION4,Version 4 (2013-2019),2013,,2.54440546,,F,Free (free for publication),2,Two,A,Normal value,0,Units
DATAFLOW,OECD.ELS.JAI:DSD_EPL@DF_EPL(1.0),Strictness of employment protection,I,A,Annual,CHE,Switzerland,EPL_OV,Individual and collective dismissals (regular contracts),0_TO_6,0-6 scale,VERSION4,Version 4 (2013-2019),2013,,1.606973529,,F,Free (free for publication),2,Two,A,Normal value,0,Units
DATAFLOW,OECD.ELS.JAI:DSD_EPL@DF_EPL(1.0),Strictness of employment protection,I,A,Annual,TUR,Türkiye,EPL_OV,Individual and collective dismissals (regular contracts),0_TO_6,0-6 scale,VERSION4,Version 4 (2013-2019),2013,,2.949660778,,F,Free (free for publication),2,Two,A,Normal value,0,Units
DATAFLOW,OECD.ELS.JAI:DSD_EPL@DF_EPL(1.0),Strictness of employment protection,I,A,Annual,GBR,United Kingdom,EPL_OV,Individual and collective dismissals (regular contracts),0_TO_6,0-6 scale,VERSION4,Version 4 (2013-2019),2013,,1.932335973,,F,Free (free for publication),2,Two,A,Normal value,0,Units
DATAFLOW,OECD.ELS.JAI:DSD_EPL@DF_EPL(1.0),Strictness of employment protection,I,A,Annual,USA,United States,EPL_OV,Individual and collective dismissals (regular contracts),0_TO_6,0-6 scale,VERSION4,Version 4 (2013-2019),2013,,1.310865164,,F,Free (free for publication),2,Two,A,Normal value,0,Units
DATAFLOW,OECD.ELS.JAI:DSD_EPL@DF_EPL(1.0),Strictness of employment protection,I,A,Annual,AUS,Australia,EPL_OV,Individual and collective dismissals (regular contracts),0_TO_6,0-6 scale,VERSION4,Version 4 (2013-2019),2014,,1.700077891,,F,Free (free for publication),2,Two,A,Normal value,0,Units
DATAFLOW,OECD.ELS.JAI:DSD_EPL@DF_EPL(1.0),Strictness of employment protection,I,A,Annual,AUT,Austria,EPL_OV,Individual and collective dismissals (regular contracts),0_TO_6,0-6 scale,VERSION4,Version 4 (2013-2019),2014,,1.800630689,,F,Free (free for publication),2,Two,A,Normal value,0,Units
DATAFLOW,OECD.ELS.JAI:DSD_EPL@DF_EPL(1.0),Strictness of employment protection,I,A,Annual,BEL,Belgium,EPL_OV,Individual and collective dismissals (regular contracts),0_TO_6,0-6 scale,VERSION4,Version 4 (2013-2019),2014,,2.387310266,,F,Free (free for publication),2,Two,A,Normal value,0,Units
DATAFLOW,OECD.ELS.JAI:DSD_EPL@DF_EPL(1.0),Strictness of employment protection,I,A,Annual,CAN,Canada,EPL_OV,Individual and collective dismissals (regular contracts),0_TO_6,0-6 scale,VERSION4,Version 4 (2013-2019),2014,,1.675306797,,F,Free (free for publication),2,Two,A,Normal value,0,Units
DATAFLOW,OECD.ELS.JAI:DSD_EPL@DF_EPL(1.0),Strictness of employment protection,I,A,Annual,CHL,Chile,EPL_OV,Individual and collective dismissals (regular contracts),0_TO_6,0-6 scale,VERSION4,Version 4 (2013-2019),2014,,2.341765881,,F,Free (free for publication),2,Two,A,Normal value,0,Units
DATAFLOW,OECD.ELS.JAI:DSD_EPL@DF_EPL(1.0),Strictness of employment protection,I,A,Annual,COL,Colombia,EPL_OV,Individual and collective dismissals (regular contracts),0_TO_6,0-6 scale,VERSION4,Version 4 (2013-2019),2014,,1.980052471,,F,Free (free for publication),2,Two,A,Normal value,0,Units
DATAFLOW,OECD.ELS.JAI:DSD_EPL@DF_EPL(1.0),Strictness of employment protection,I,A,Annual,CRI,Costa Rica,EPL_OV,Individual and collective dismissals (regular contracts),0_TO_6,0-6 scale,VERSION4,Version 4 (2013-2019),2014,,0.849206388,,F,Free (free for publication),2,Two,A,Normal value,0,Units
DATAFLOW,OECD.ELS.JAI:DSD_EPL@DF_EPL(1.0),Strictness of employment protection,I,A,Annual,CZE,Czechia,EPL_OV,Individual and collective dismissals (regular contracts),0_TO_6,0-6 scale,VERSION4,Version 4 (2013-2019),2014,,3.025262117,,F,Free (free for publication),2,Two,A,Normal value,0,Units
DATAFLOW,OECD.ELS.JAI:DSD_EPL@DF_EPL(1.0),Strictness of employment protection,I,A,Annual,DNK,Denmark,EPL_OV,Individual and collective dismissals (regular contracts),0_TO_6,0-6 scale,VERSION4,Version 4 (2013-2019),2014,,1.937693,,F,Free (free for publication),2,Two,A,Normal value,0,Units
DATAFLOW,OECD.ELS.JAI:DSD_EPL@DF_EPL(1.0),Strictness of employment protection,I,A,Annual,EST,Estonia,EPL_OV,Individual and collective dismissals (regular contracts),0_TO_6,0-6 scale,VERSION4,Version 4 (2013-2019),2014,,1.934222698,,F,Free (free for publication),2,Two,A,Normal value,0,Units
DATAFLOW,OECD.ELS.JAI:DSD_EPL@DF_EPL(1.0),Strictness of employment protection,I,A,Annual,FIN,Finland,EPL_OV,Individual and collective dismissals (regular contracts),0_TO_6,0-6 scale,VERSION4,Version 4 (2013-2019),2014,,2.518016577,,F,Free (free for publication),2,Two,A,Normal value,0,Units
DATAFLOW,OECD.ELS.JAI:DSD_EPL@DF_EPL(1.0),Strictness of employment protection,I,A,Annual,FRA,France,EPL_OV,Individual and collective dismissals (regular contracts),0_TO_6,0-6 scale,VERSION4,Version 4 (2013-2019),2014,,2.812613726,,F,Free (free for publication),2,Two,A,Normal value,0,Units
DATAFLOW,OECD.ELS.JAI:DSD_EPL@DF_EPL(1.0),Strictness of employment protection,I,A,Annual,DEU,Germany,EPL_OV,Individual and collective dismissals (regular contracts),0_TO_6,0-6 scale,VERSION4,Version 4 (2013-2019),2014,,2.332411051,,F,Free (free for publication),2,Two,A,Normal value,0,Units
DATAFLOW,OECD.ELS.JAI:DSD_EPL@DF_EPL(1.0),Strictness of employment protection,I,A,Annual,GRC,Greece,EPL_OV,Individual and collective dismissals (regular contracts),0_TO_6,0-6 scale,VERSION4,Version 4 (2013-2019),2014,,2.591600657,,F,Free (free for publication),2,Two,A,Normal value,0,Units
DATAFLOW,OECD.ELS.JAI:DSD_EPL@DF_EPL(1.0),Strictness of employment protection,I,A,Annual,HUN,Hungary,EPL_OV,Individual and collective dismissals (regular contracts),0_TO_6,0-6 scale,VERSION4,Version 4 (2013-2019),2014,,1.76733458,,F,Free (free for publication),2,Two,A,Normal value,0,Units
DATAFLOW,OECD.ELS.JAI:DSD_EPL@DF_EPL(1.0),Strictness of employment protection,I,A,Annual,ISL,Iceland,EPL_OV,Individual and collective dismissals (regular contracts),0_TO_6,0-6 scale,VERSION4,Version 4 (2013-2019),2014,,2.203089476,,F,Free (free for publication),2,Two,A,Normal value,0,Units
DATAFLOW,OECD.ELS.JAI:DSD_EPL@DF_EPL(1.0),Strictness of employment protection,I,A,Annual,IRL,Ireland,EPL_OV,Individual and collective dismissals (regular contracts),0_TO_6,0-6 scale,VERSION4,Version 4 (2013-2019),2014,,2.134929419,,F,Free (free for publication),2,Two,A,Normal value,0,Units
DATAFLOW,OECD.ELS.JAI:DSD_EPL@DF_EPL(1.0),Strictness of employment protection,I,A,Annual,ISR,Israel,EPL_OV,Individual and collective dismissals (regular contracts),0_TO_6,0-6 scale,VERSION4,Version 4 (2013-2019),2014,,2.832093239,,F,Free (free for publication),2,Two,A,Normal value,0,Units
DATAFLOW,OECD.ELS.JAI:DSD_EPL@DF_EPL(1.0),Strictness of employment protection,I,A,Annual,ITA,Italy,EPL_OV,Individual and collective dismissals (regular contracts),0_TO_6,0-6 scale,VERSION4,Version 4 (2013-2019),2014,,3.103652954,,F,Free (free for publication),2,Two,A,Normal value,0,Units
DATAFLOW,OECD.ELS.JAI:DSD_EPL@DF_EPL(1.0),Strictness of employment protection,I,A,Annual,JPN,Japan,EPL_OV,Individual and collective dismissals (regular contracts),0_TO_6,0-6 scale,VERSION4,Version 4 (2013-2019),2014,,2.080915213,,F,Free (free for publication),2,Two,A,Normal value,0,Units
DATAFLOW,OECD.ELS.JAI:DSD_EPL@DF_EPL(1.0),Strictness of employment protection,I,A,Annual,KOR,Korea,EPL_OV,Individual and collective dismissals (regular contracts),0_TO_6,0-6 scale,VERSION4,Version 4 (2013-2019),2014,,2.385948181,,F,Free (free for publication),2,Two,A,Normal value,0,Units
DATAFLOW,OECD.ELS.JAI:DSD_EPL@DF_EPL(1.0),Strictness of employment protection,I,A,Annual,LVA,Latvia,EPL_OV,Individual and collective dismissals (regular contracts),0_TO_6,0-6 scale,VERSION4,Version 4 (2013-2019),2014,,2.708120823,,F,Free (free for publication),2,Two,A,Normal value,0,Units
DATAFLOW,OECD.ELS.JAI:DSD_EPL@DF_EPL(1.0),Strictness of employment protection,I,A,Annual,LTU,Lithuania,EPL_OV,Individual and collective dismissals (regular contracts),0_TO_6,0-6 scale,VERSION4,Version 4 (2013-2019),2014,,2.633250952,,F,Free (free for publication),2,Two,A,Normal value,0,Units
DATAFLOW,OECD.ELS.JAI:DSD_EPL@DF_EPL(1.0),Strictness of employment protection,I,A,Annual,LUX,Luxembourg,EPL_OV,Individual and collective dismissals (regular contracts),0_TO_6,0-6 scale,VERSION4,Version 4 (2013-2019),2014,,2.541836739,,F,Free (free for publication),2,Two,A,Normal value,0,Units
DATAFLOW,OECD.ELS.JAI:DSD_EPL@DF_EPL(1.0),Strictness of employment protection,I,A,Annual,MEX,Mexico,EPL_OV,Individual and collective dismissals (regular contracts),0_TO_6,0-6 scale,VERSION4,Version 4 (2013-2019),2014,,2.464817286,,F,Free (free for publication),2,Two,A,Normal value,0,Units
DATAFLOW,OECD.ELS.JAI:DSD_EPL@DF_EPL(1.0),Strictness of employment protection,I,A,Annual,NLD,Netherlands,EPL_OV,Individual and collective dismissals (regular contracts),0_TO_6,0-6 scale,VERSION4,Version 4 (2013-2019),2014,,2.55173254,,F,Free (free for publication),2,Two,A,Normal value,0,Units
DATAFLOW,OECD.ELS.JAI:DSD_EPL@DF_EPL(1.0),Strictness of employment protection,I,A,Annual,NZL,New Zealand,EPL_OV,Individual and collective dismissals (regular contracts),0_TO_6,0-6 scale,VERSION4,Version 4 (2013-2019),2014,,2.085777998,,F,Free (free for publication),2,Two,A,Normal value,0,Units
DATAFLOW,OECD.ELS.JAI:DSD_EPL@DF_EPL(1.0),Strictness of employment protection,I,A,Annual,NOR,Norway,EPL_OV,Individual and collective dismissals (regular contracts),0_TO_6,0-6 scale,VERSION4,Version 4 (2013-2019),2014,,2.373485327,,F,Free (free for publication),2,Two,A,Normal value,0,Units
DATAFLOW,OECD.ELS.JAI:DSD_EPL@DF_EPL(1.0),Strictness of employment protection,I,A,Annual,POL,Poland,EPL_OV,Individual and collective dismissals (regular contracts),0_TO_6,0-6 scale,VERSION4,Version 4 (2013-2019),2014,,2.385318041,,F,Free (free for publication),2,Two,A,Normal value,0,Units
DATAFLOW,OECD.ELS.JAI:DSD_EPL@DF_EPL(1.0),Strictness of employment protection,I,A,Annual,PRT,Portugal,EPL_OV,Individual and collective dismissals (regular contracts),0_TO_6,0-6 scale,VERSION4,Version 4 (2013-2019),2014,,2.871757984,,F,Free (free for publication),2,Two,A,Normal value,0,Units
DATAFLOW,OECD.ELS.JAI:DSD_EPL@DF_EPL(1.0),Strictness of employment protection,I,A,Annual,SVK,Slovak Republic,EPL_OV,Individual and collective dismissals (regular contracts),0_TO_6,0-6 scale,VERSION4,Version 4 (2013-2019),2014,,2.33060503,,F,Free (free for publication),2,Two,A,Normal value,0,Units
DATAFLOW,OECD.ELS.JAI:DSD_EPL@DF_EPL(1.0),Strictness of employment protection,I,A,Annual,SVN,Slovenia,EPL_OV,Individual and collective dismissals (regular contracts),0_TO_6,0-6 scale,VERSION4,Version 4 (2013-2019),2014,,2.340628147,,F,Free (free for publication),2,Two,A,Normal value,0,Units
DATAFLOW,OECD.ELS.JAI:DSD_EPL@DF_EPL(1.0),Strictness of employment protection,I,A,Annual,ESP,Spain,EPL_OV,Individual and collective dismissals (regular contracts),0_TO_6,0-6 scale,VERSION4,Version 4 (2013-2019),2014,,2.392248631,,F,Free (free for publication),2,Two,A,Normal value,0,Units
DATAFLOW,OECD.ELS.JAI:DSD_EPL@DF_EPL(1.0),Strictness of employment protection,I,A,Annual,SWE,Sweden,EPL_OV,Individual and collective dismissals (regular contracts),0_TO_6,0-6 scale,VERSION4,Version 4 (2013-2019),2014,,2.54440546,,F,Free (free for publication),2,Two,A,Normal value,0,Units
DATAFLOW,OECD.ELS.JAI:DSD_EPL@DF_EPL(1.0),Strictness of employment protection,I,A,Annual,CHE,Switzerland,EPL_OV,Individual and collective dismissals (regular contracts),0_TO_6,0-6 scale,VERSION4,Version 4 (2013-2019),2014,,1.606973529,,F,Free (free for publication),2,Two,A,Normal value,0,Units
DATAFLOW,OECD.ELS.JAI:DSD_EPL@DF_EPL(1.0),Strictness of employment protection,I,A,Annual,TUR,Türkiye,EPL_OV,Individual and collective dismissals (regular contracts),0_TO_6,0-6 scale,VERSION4,Version 4 (2013-2019),2014,,2.949660778,,F,Free (free for publication),2,Two,A,Normal value,0,Units
DATAFLOW,OECD.ELS.JAI:DSD_EPL@DF_EPL(1.0),Strictness of employment protection,I,A,Annual,GBR,United Kingdom,EPL_OV,Individual and collective dismissals (regular contracts),0_TO_6,0-6 scale,VERSION4,Version 4 (2013-2019),2014,,1.901723742,,F,Free (free for publication),2,Two,A,Normal value,0,Units
DATAFLOW,OECD.ELS.JAI:DSD_EPL@DF_EPL(1.0),Strictness of employment protection,I,A,Annual,USA,United States,EPL_OV,Individual and collective dismissals (regular contracts),0_TO_6,0-6 scale,VERSION4,Version 4 (2013-2019),2014,,1.310865164,,F,Free (free for publication),2,Two,A,Normal value,0,Units
DATAFLOW,OECD.ELS.JAI:DSD_EPL@DF_EPL(1.0),Strictness of employment protection,I,A,Annual,OECD,OECD,EPL_OV,Individual and collective dismissals (regular contracts),0_TO_6,0-6 scale,VERSION4,Version 4 (2013-2019),2014,,2.273351192,,F,Free (free for publication),2,Two,A,Normal value,0,Units
DATAFLOW,OECD.ELS.JAI:DSD_EPL@DF_EPL(1.0),Strictness of employment protection,I,A,Annual,ARG,Argentina,EPL_OV,Individual and collective dismissals (regular contracts),0_TO_6,0-6 scale,VERSION4,Version 4 (2013-2019),2014,,2.557883739,,F,Free (free for publication),2,Two,A,Normal value,0,Units
DATAFLOW,OECD.ELS.JAI:DSD_EPL@DF_EPL(1.0),Strictness of employment protection,I,A,Annual,PRY,Paraguay,EPL_OV,Individual and collective dismissals (regular contracts),0_TO_6,0-6 scale,VERSION4,Version 4 (2013-2019),2014,,2.019664288,,F,Free (free for publication),2,Two,A,Normal value,0,Units
DATAFLOW,OECD.ELS.JAI:DSD_EPL@DF_EPL(1.0),Strictness of employment protection,I,A,Annual,PER,Peru,EPL_OV,Individual and collective dismissals (regular contracts),0_TO_6,0-6 scale,VERSION4,Version 4 (2013-2019),2014,,1.803536057,,F,Free (free for publication),2,Two,A,Normal value,0,Units
DATAFLOW,OECD.ELS.JAI:DSD_EPL@DF_EPL(1.0),Strictness of employment protection,I,A,Annual,URY,Uruguay,EPL_OV,Individual and collective dismissals (regular contracts),0_TO_6,0-6 scale,VERSION4,Version 4 (2013-2019),2014,,0.984126985,,F,Free (free for publication),2,Two,A,Normal value,0,Units
DATAFLOW,OECD.ELS.JAI:DSD_EPL@DF_EPL(1.0),Strictness of employment protection,I,A,Annual,AUS,Australia,EPL_OV,Individual and collective dismissals (regular contracts),0_TO_6,0-6 scale,VERSION4,Version 4 (2013-2019),2015,,1.700077891,,F,Free (free for publication),2,Two,A,Normal value,0,Units
DATAFLOW,OECD.ELS.JAI:DSD_EPL@DF_EPL(1.0),Strictness of employment protection,I,A,Annual,AUT,Austria,EPL_OV,Individual and collective dismissals (regular contracts),0_TO_6,0-6 scale,VERSION4,Version 4 (2013-2019),2015,,1.800630689,,F,Free (free for publication),2,Two,A,Normal value,0,Units
DATAFLOW,OECD.ELS.JAI:DSD_EPL@DF_EPL(1.0),Strictness of employment protection,I,A,Annual,BEL,Belgium,EPL_OV,Individual and collective dismissals (regular contracts),0_TO_6,0-6 scale,VERSION4,Version 4 (2013-2019),2015,,2.670048237,,F,Free (free for publication),2,Two,A,Normal value,0,Units
DATAFLOW,OECD.ELS.JAI:DSD_EPL@DF_EPL(1.0),Strictness of employment protection,I,A,Annual,CAN,Canada,EPL_OV,Individual and collective dismissals (regular contracts),0_TO_6,0-6 scale,VERSION4,Version 4 (2013-2019),2015,,1.675306797,,F,Free (free for publication),2,Two,A,Normal value,0,Units
DATAFLOW,OECD.ELS.JAI:DSD_EPL@DF_EPL(1.0),Strictness of employment protection,I,A,Annual,CHL,Chile,EPL_OV,Individual and collective dismissals (regular contracts),0_TO_6,0-6 scale,VERSION4,Version 4 (2013-2019),2015,,2.341765881,,F,Free (free for publication),2,Two,A,Normal value,0,Units
DATAFLOW,OECD.ELS.JAI:DSD_EPL@DF_EPL(1.0),Strictness of employment protection,I,A,Annual,COL,Colombia,EPL_OV,Individual and collective dismissals (regular contracts),0_TO_6,0-6 scale,VERSION4,Version 4 (2013-2019),2015,,1.980052471,,F,Free (free for publication),2,Two,A,Normal value,0,Units
DATAFLOW,OECD.ELS.JAI:DSD_EPL@DF_EPL(1.0),Strictness of employment protection,I,A,Annual,CRI,Costa Rica,EPL_OV,Individual and collective dismissals (regular contracts),0_TO_6,0-6 scale,VERSION4,Version 4 (2013-2019),2015,,0.849206388,,F,Free (free for publication),2,Two,A,Normal value,0,Units
DATAFLOW,OECD.ELS.JAI:DSD_EPL@DF_EPL(1.0),Strictness of employment protection,I,A,Annual,CZE,Czechia,EPL_OV,Individual and collective dismissals (regular contracts),0_TO_6,0-6 scale,VERSION4,Version 4 (2013-2019),2015,,3.025262117,,F,Free (free for publication),2,Two,A,Normal value,0,Units
DATAFLOW,OECD.ELS.JAI:DSD_EPL@DF_EPL(1.0),Strictness of employment protection,I,A,Annual,DNK,Denmark,EPL_OV,Individual and collective dismissals (regular contracts),0_TO_6,0-6 scale,VERSION4,Version 4 (2013-2019),2015,,1.937693,,F,Free (free for publication),2,Two,A,Normal value,0,Units
DATAFLOW,OECD.ELS.JAI:DSD_EPL@DF_EPL(1.0),Strictness of employment protection,I,A,Annual,EST,Estonia,EPL_OV,Individual and collective dismissals (regular contracts),0_TO_6,0-6 scale,VERSION4,Version 4 (2013-2019),2015,,1.934222698,,F,Free (free for publication),2,Two,A,Normal value,0,Units
DATAFLOW,OECD.ELS.JAI:DSD_EPL@DF_EPL(1.0),Strictness of employment protection,I,A,Annual,FIN,Finland,EPL_OV,Individual and collective dismissals (regular contracts),0_TO_6,0-6 scale,VERSION4,Version 4 (2013-2019),2015,,2.518016577,,F,Free (free for publication),2,Two,A,Normal value,0,Units
DATAFLOW,OECD.ELS.JAI:DSD_EPL@DF_EPL(1.0),Strictness of employment protection,I,A,Annual,FRA,France,EPL_OV,Individual and collective dismissals (regular contracts),0_TO_6,0-6 scale,VERSION4,Version 4 (2013-2019),2015,,2.812613726,,F,Free (free for publication),2,Two,A,Normal value,0,Units
DATAFLOW,OECD.ELS.JAI:DSD_EPL@DF_EPL(1.0),Strictness of employment protection,I,A,Annual,DEU,Germany,EPL_OV,Individual and collective dismissals (regular contracts),0_TO_6,0-6 scale,VERSION4,Version 4 (2013-2019),2015,,2.332411051,,F,Free (free for publication),2,Two,A,Normal value,0,Units
DATAFLOW,OECD.ELS.JAI:DSD_EPL@DF_EPL(1.0),Strictness of employment protection,I,A,Annual,GRC,Greece,EPL_OV,Individual and collective dismissals (regular contracts),0_TO_6,0-6 scale,VERSION4,Version 4 (2013-2019),2015,,2.591600657,,F,Free (free for publication),2,Two,A,Normal value,0,Units
DATAFLOW,OECD.ELS.JAI:DSD_EPL@DF_EPL(1.0),Strictness of employment protection,I,A,Annual,HUN,Hungary,EPL_OV,Individual and collective dismissals (regular contracts),0_TO_6,0-6 scale,VERSION4,Version 4 (2013-2019),2015,,1.76733458,,F,Free (free for publication),2,Two,A,Normal value,0,Units
DATAFLOW,OECD.ELS.JAI:DSD_EPL@DF_EPL(1.0),Strictness of employment protection,I,A,Annual,ISL,Iceland,EPL_OV,Individual and collective dismissals (regular contracts),0_TO_6,0-6 scale,VERSION4,Version 4 (2013-2019),2015,,2.203089476,,F,Free (free for publication),2,Two,A,Normal value,0,Units
DATAFLOW,OECD.ELS.JAI:DSD_EPL@DF_EPL(1.0),Strictness of employment protection,I,A,Annual,IRL,Ireland,EPL_OV,Individual and collective dismissals (regular contracts),0_TO_6,0-6 scale,VERSION4,Version 4 (2013-2019),2015,,2.134929419,,F,Free (free for publication),2,Two,A,Normal value,0,Units
DATAFLOW,OECD.ELS.JAI:DSD_EPL@DF_EPL(1.0),Strictness of employment protection,I,A,Annual,ISR,Israel,EPL_OV,Individual and collective dismissals (regular contracts),0_TO_6,0-6 scale,VERSION4,Version 4 (2013-2019),2015,,2.832093239,,F,Free (free for publication),2,Two,A,Normal value,0,Units
DATAFLOW,OECD.ELS.JAI:DSD_EPL@DF_EPL(1.0),Strictness of employment protection,I,A,Annual,ITA,Italy,EPL_OV,Individual and collective dismissals (regular contracts),0_TO_6,0-6 scale,VERSION4,Version 4 (2013-2019),2015,,3.103652954,,F,Free (free for publication),2,Two,A,Normal value,0,Units
DATAFLOW,OECD.ELS.JAI:DSD_EPL@DF_EPL(1.0),Strictness of employment protection,I,A,Annual,JPN,Japan,EPL_OV,Individual and collective dismissals (regular contracts),0_TO_6,0-6 scale,VERSION4,Version 4 (2013-2019),2015,,2.080915213,,F,Free (free for publication),2,Two,A,Normal value,0,Units
DATAFLOW,OECD.ELS.JAI:DSD_EPL@DF_EPL(1.0),Strictness of employment protection,I,A,Annual,KOR,Korea,EPL_OV,Individual and collective dismissals (regular contracts),0_TO_6,0-6 scale,VERSION4,Version 4 (2013-2019),2015,,2.385948181,,F,Free (free for publication),2,Two,A,Normal value,0,Units
DATAFLOW,OECD.ELS.JAI:DSD_EPL@DF_EPL(1.0),Strictness of employment protection,I,A,Annual,LVA,Latvia,EPL_OV,Individual and collective dismissals (regular contracts),0_TO_6,0-6 scale,VERSION4,Version 4 (2013-2019),2015,,2.708120823,,F,Free (free for publication),2,Two,A,Normal value,0,Units
DATAFLOW,OECD.ELS.JAI:DSD_EPL@DF_EPL(1.0),Strictness of employment protection,I,A,Annual,LTU,Lithuania,EPL_OV,Individual and collective dismissals (regular contracts),0_TO_6,0-6 scale,VERSION4,Version 4 (2013-2019),2015,,2.633250952,,F,Free (free for publication),2,Two,A,Normal value,0,Units
DATAFLOW,OECD.ELS.JAI:DSD_EPL@DF_EPL(1.0),Strictness of employment protection,I,A,Annual,LUX,Luxembourg,EPL_OV,Individual and collective dismissals (regular contracts),0_TO_6,0-6 scale,VERSION4,Version 4 (2013-2019),2015,,2.541836739,,F,Free (free for publication),2,Two,A,Normal value,0,Units
DATAFLOW,OECD.ELS.JAI:DSD_EPL@DF_EPL(1.0),Strictness of employment protection,I,A,Annual,MEX,Mexico,EPL_OV,Individual and collective dismissals (regular contracts),0_TO_6,0-6 scale,VERSION4,Version 4 (2013-2019),2015,,2.464817286,,F,Free (free for publication),2,Two,A,Normal value,0,Units
DATAFLOW,OECD.ELS.JAI:DSD_EPL@DF_EPL(1.0),Strictness of employment protection,I,A,Annual,NLD,Netherlands,EPL_OV,Individual and collective dismissals (regular contracts),0_TO_6,0-6 scale,VERSION4,Version 4 (2013-2019),2015,,2.55173254,,F,Free (free for publication),2,Two,A,Normal value,0,Units
DATAFLOW,OECD.ELS.JAI:DSD_EPL@DF_EPL(1.0),Strictness of employment protection,I,A,Annual,NZL,New Zealand,EPL_OV,Individual and collective dismissals (regular contracts),0_TO_6,0-6 scale,VERSION4,Version 4 (2013-2019),2015,,2.085777998,,F,Free (free for publication),2,Two,A,Normal value,0,Units
DATAFLOW,OECD.ELS.JAI:DSD_EPL@DF_EPL(1.0),Strictness of employment protection,I,A,Annual,NOR,Norway,EPL_OV,Individual and collective dismissals (regular contracts),0_TO_6,0-6 scale,VERSION4,Version 4 (2013-2019),2015,,2.373485327,,F,Free (free for publication),2,Two,A,Normal value,0,Units
DATAFLOW,OECD.ELS.JAI:DSD_EPL@DF_EPL(1.0),Strictness of employment protection,I,A,Annual,POL,Poland,EPL_OV,Individual and collective dismissals (regular contracts),0_TO_6,0-6 scale,VERSION4,Version 4 (2013-2019),2015,,2.385318041,,F,Free (free for publication),2,Two,A,Normal value,0,Units
DATAFLOW,OECD.ELS.JAI:DSD_EPL@DF_EPL(1.0),Strictness of employment protection,I,A,Annual,PRT,Portugal,EPL_OV,Individual and collective dismissals (regular contracts),0_TO_6,0-6 scale,VERSION4,Version 4 (2013-2019),2015,,2.871757984,,F,Free (free for publication),2,Two,A,Normal value,0,Units
DATAFLOW,OECD.ELS.JAI:DSD_EPL@DF_EPL(1.0),Strictness of employment protection,I,A,Annual,SVK,Slovak Republic,EPL_OV,Individual and collective dismissals (regular contracts),0_TO_6,0-6 scale,VERSION4,Version 4 (2013-2019),2015,,2.33060503,,F,Free (free for publication),2,Two,A,Normal value,0,Units
DATAFLOW,OECD.ELS.JAI:DSD_EPL@DF_EPL(1.0),Strictness of employment protection,I,A,Annual,SVN,Slovenia,EPL_OV,Individual and collective dismissals (regular contracts),0_TO_6,0-6 scale,VERSION4,Version 4 (2013-2019),2015,,2.340628147,,F,Free (free for publication),2,Two,A,Normal value,0,Units
DATAFLOW,OECD.ELS.JAI:DSD_EPL@DF_EPL(1.0),Strictness of employment protection,I,A,Annual,ESP,Spain,EPL_OV,Individual and collective dismissals (regular contracts),0_TO_6,0-6 scale,VERSION4,Version 4 (2013-2019),2015,,2.392248631,,F,Free (free for publication),2,Two,A,Normal value,0,Units
DATAFLOW,OECD.ELS.JAI:DSD_EPL@DF_EPL(1.0),Strictness of employment protection,I,A,Annual,SWE,Sweden,EPL_OV,Individual and collective dismissals (regular contracts),0_TO_6,0-6 scale,VERSION4,Version 4 (2013-2019),2015,,2.54440546,,F,Free (free for publication),2,Two,A,Normal value,0,Units
DATAFLOW,OECD.ELS.JAI:DSD_EPL@DF_EPL(1.0),Strictness of employment protection,I,A,Annual,CHE,Switzerland,EPL_OV,Individual and collective dismissals (regular contracts),0_TO_6,0-6 scale,VERSION4,Version 4 (2013-2019),2015,,1.606973529,,F,Free (free for publication),2,Two,A,Normal value,0,Units
DATAFLOW,OECD.ELS.JAI:DSD_EPL@DF_EPL(1.0),Strictness of employment protection,I,A,Annual,TUR,Türkiye,EPL_OV,Individual and collective dismissals (regular contracts),0_TO_6,0-6 scale,VERSION4,Version 4 (2013-2019),2015,,2.949660778,,F,Free (free for publication),2,Two,A,Normal value,0,Units
DATAFLOW,OECD.ELS.JAI:DSD_EPL@DF_EPL(1.0),Strictness of employment protection,I,A,Annual,GBR,United Kingdom,EPL_OV,Individual and collective dismissals (regular contracts),0_TO_6,0-6 scale,VERSION4,Version 4 (2013-2019),2015,,1.901723742,,F,Free (free for publication),2,Two,A,Normal value,0,Units
DATAFLOW,OECD.ELS.JAI:DSD_EPL@DF_EPL(1.0),Strictness of employment protection,I,A,Annual,USA,United States,EPL_OV,Individual and collective dismissals (regular contracts),0_TO_6,0-6 scale,VERSION4,Version 4 (2013-2019),2015,,1.310865164,,F,Free (free for publication),2,Two,A,Normal value,0,Units
DATAFLOW,OECD.ELS.JAI:DSD_EPL@DF_EPL(1.0),Strictness of employment protection,I,A,Annual,OECD,OECD,EPL_OV,Individual and collective dismissals (regular contracts),0_TO_6,0-6 scale,VERSION4,Version 4 (2013-2019),2015,,2.280791521,,F,Free (free for publication),2,Two,A,Normal value,0,Units
DATAFLOW,OECD.ELS.JAI:DSD_EPL@DF_EPL(1.0),Strictness of employment protection,I,A,Annual,ARG,Argentina,EPL_OV,Individual and collective dismissals (regular contracts),0_TO_6,0-6 scale,VERSION4,Version 4 (2013-2019),2015,,2.557883739,,F,Free (free for publication),2,Two,A,Normal value,0,Units
DATAFLOW,OECD.ELS.JAI:DSD_EPL@DF_EPL(1.0),Strictness of employment protection,I,A,Annual,PRY,Paraguay,EPL_OV,Individual and collective dismissals (regular contracts),0_TO_6,0-6 scale,VERSION4,Version 4 (2013-2019),2015,,2.019664288,,F,Free (free for publication),2,Two,A,Normal value,0,Units
DATAFLOW,OECD.ELS.JAI:DSD_EPL@DF_EPL(1.0),Strictness of employment protection,I,A,Annual,PER,Peru,EPL_OV,Individual and collective dismissals (regular contracts),0_TO_6,0-6 scale,VERSION4,Version 4 (2013-2019),2015,,1.803536057,,F,Free (free for publication),2,Two,A,Normal value,0,Units
DATAFLOW,OECD.ELS.JAI:DSD_EPL@DF_EPL(1.0),Strictness of employment protection,I,A,Annual,URY,Uruguay,EPL_OV,Individual and collective dismissals (regular contracts),0_TO_6,0-6 scale,VERSION4,Version 4 (2013-2019),2015,,0.984126985,,F,Free (free for publication),2,Two,A,Normal value,0,Units
DATAFLOW,OECD.ELS.JAI:DSD_EPL@DF_EPL(1.0),Strictness of employment protection,I,A,Annual,AUS,Australia,EPL_OV,Individual and collective dismissals (regular contracts),0_TO_6,0-6 scale,VERSION4,Version 4 (2013-2019),2016,,1.700077891,,F,Free (free for publication),2,Two,A,Normal value,0,Units
DATAFLOW,OECD.ELS.JAI:DSD_EPL@DF_EPL(1.0),Strictness of employment protection,I,A,Annual,AUT,Austria,EPL_OV,Individual and collective dismissals (regular contracts),0_TO_6,0-6 scale,VERSION4,Version 4 (2013-2019),2016,,1.800630689,,F,Free (free for publication),2,Two,A,Normal value,0,Units
DATAFLOW,OECD.ELS.JAI:DSD_EPL@DF_EPL(1.0),Strictness of employment protection,I,A,Annual,BEL,Belgium,EPL_OV,Individual and collective dismissals (regular contracts),0_TO_6,0-6 scale,VERSION4,Version 4 (2013-2019),2016,,2.670048237,,F,Free (free for publication),2,Two,A,Normal value,0,Units
DATAFLOW,OECD.ELS.JAI:DSD_EPL@DF_EPL(1.0),Strictness of employment protection,I,A,Annual,CAN,Canada,EPL_OV,Individual and collective dismissals (regular contracts),0_TO_6,0-6 scale,VERSION4,Version 4 (2013-2019),2016,,1.675306797,,F,Free (free for publication),2,Two,A,Normal value,0,Units
DATAFLOW,OECD.ELS.JAI:DSD_EPL@DF_EPL(1.0),Strictness of employment protection,I,A,Annual,CHL,Chile,EPL_OV,Individual and collective dismissals (regular contracts),0_TO_6,0-6 scale,VERSION4,Version 4 (2013-2019),2016,,2.341765881,,F,Free (free for publication),2,Two,A,Normal value,0,Units
DATAFLOW,OECD.ELS.JAI:DSD_EPL@DF_EPL(1.0),Strictness of employment protection,I,A,Annual,COL,Colombia,EPL_OV,Individual and collective dismissals (regular contracts),0_TO_6,0-6 scale,VERSION4,Version 4 (2013-2019),2016,,1.980052471,,F,Free (free for publication),2,Two,A,Normal value,0,Units
DATAFLOW,OECD.ELS.JAI:DSD_EPL@DF_EPL(1.0),Strictness of employment protection,I,A,Annual,CRI,Costa Rica,EPL_OV,Individual and collective dismissals (regular contracts),0_TO_6,0-6 scale,VERSION4,Version 4 (2013-2019),2016,,0.849206388,,F,Free (free for publication),2,Two,A,Normal value,0,Units
DATAFLOW,OECD.ELS.JAI:DSD_EPL@DF_EPL(1.0),Strictness of employment protection,I,A,Annual,CZE,Czechia,EPL_OV,Individual and collective dismissals (regular contracts),0_TO_6,0-6 scale,VERSION4,Version 4 (2013-2019),2016,,3.025262117,,F,Free (free for publication),2,Two,A,Normal value,0,Units
DATAFLOW,OECD.ELS.JAI:DSD_EPL@DF_EPL(1.0),Strictness of employment protection,I,A,Annual,DNK,Denmark,EPL_OV,Individual and collective dismissals (regular contracts),0_TO_6,0-6 scale,VERSION4,Version 4 (2013-2019),2016,,1.937693,,F,Free (free for publication),2,Two,A,Normal value,0,Units
DATAFLOW,OECD.ELS.JAI:DSD_EPL@DF_EPL(1.0),Strictness of employment protection,I,A,Annual,EST,Estonia,EPL_OV,Individual and collective dismissals (regular contracts),0_TO_6,0-6 scale,VERSION4,Version 4 (2013-2019),2016,,1.934222698,,F,Free (free for publication),2,Two,A,Normal value,0,Units
DATAFLOW,OECD.ELS.JAI:DSD_EPL@DF_EPL(1.0),Strictness of employment protection,I,A,Annual,FIN,Finland,EPL_OV,Individual and collective dismissals (regular contracts),0_TO_6,0-6 scale,VERSION4,Version 4 (2013-2019),2016,,2.518016577,,F,Free (free for publication),2,Two,A,Normal value,0,Units
DATAFLOW,OECD.ELS.JAI:DSD_EPL@DF_EPL(1.0),Strictness of employment protection,I,A,Annual,FRA,France,EPL_OV,Individual and collective dismissals (regular contracts),0_TO_6,0-6 scale,VERSION4,Version 4 (2013-2019),2016,,2.812613726,,F,Free (free for publication),2,Two,A,Normal value,0,Units
DATAFLOW,OECD.ELS.JAI:DSD_EPL@DF_EPL(1.0),Strictness of employment protection,I,A,Annual,DEU,Germany,EPL_OV,Individual and collective dismissals (regular contracts),0_TO_6,0-6 scale,VERSION4,Version 4 (2013-2019),2016,,2.332411051,,F,Free (free for publication),2,Two,A,Normal value,0,Units
DATAFLOW,OECD.ELS.JAI:DSD_EPL@DF_EPL(1.0),Strictness of employment protection,I,A,Annual,GRC,Greece,EPL_OV,Individual and collective dismissals (regular contracts),0_TO_6,0-6 scale,VERSION4,Version 4 (2013-2019),2016,,2.591600657,,F,Free (free for publication),2,Two,A,Normal value,0,Units
DATAFLOW,OECD.ELS.JAI:DSD_EPL@DF_EPL(1.0),Strictness of employment protection,I,A,Annual,HUN,Hungary,EPL_OV,Individual and collective dismissals (regular contracts),0_TO_6,0-6 scale,VERSION4,Version 4 (2013-2019),2016,,1.76733458,,F,Free (free for publication),2,Two,A,Normal value,0,Units
DATAFLOW,OECD.ELS.JAI:DSD_EPL@DF_EPL(1.0),Strictness of employment protection,I,A,Annual,ISL,Iceland,EPL_OV,Individual and collective dismissals (regular contracts),0_TO_6,0-6 scale,VERSION4,Version 4 (2013-2019),2016,,2.203089476,,F,Free (free for publication),2,Two,A,Normal value,0,Units
DATAFLOW,OECD.ELS.JAI:DSD_EPL@DF_EPL(1.0),Strictness of employment protection,I,A,Annual,IRL,Ireland,EPL_OV,Individual and collective dismissals (regular contracts),0_TO_6,0-6 scale,VERSION4,Version 4 (2013-2019),2016,,2.134929419,,F,Free (free for publication),2,Two,A,Normal value,0,Units
DATAFLOW,OECD.ELS.JAI:DSD_EPL@DF_EPL(1.0),Strictness of employment protection,I,A,Annual,ISR,Israel,EPL_OV,Individual and collective dismissals (regular contracts),0_TO_6,0-6 scale,VERSION4,Version 4 (2013-2019),2016,,2.832093239,,F,Free (free for publication),2,Two,A,Normal value,0,Units
DATAFLOW,OECD.ELS.JAI:DSD_EPL@DF_EPL(1.0),Strictness of employment protection,I,A,Annual,ITA,Italy,EPL_OV,Individual and collective dismissals (regular contracts),0_TO_6,0-6 scale,VERSION4,Version 4 (2013-2019),2016,,2.831331491,,F,Free (free for publication),2,Two,A,Normal value,0,Units
DATAFLOW,OECD.ELS.JAI:DSD_EPL@DF_EPL(1.0),Strictness of employment protection,I,A,Annual,JPN,Japan,EPL_OV,Individual and collective dismissals (regular contracts),0_TO_6,0-6 scale,VERSION4,Version 4 (2013-2019),2016,,2.080915213,,F,Free (free for publication),2,Two,A,Normal value,0,Units
DATAFLOW,OECD.ELS.JAI:DSD_EPL@DF_EPL(1.0),Strictness of employment protection,I,A,Annual,KOR,Korea,EPL_OV,Individual and collective dismissals (regular contracts),0_TO_6,0-6 scale,VERSION4,Version 4 (2013-2019),2016,,2.385948181,,F,Free (free for publication),2,Two,A,Normal value,0,Units
DATAFLOW,OECD.ELS.JAI:DSD_EPL@DF_EPL(1.0),Strictness of employment protection,I,A,Annual,LVA,Latvia,EPL_OV,Individual and collective dismissals (regular contracts),0_TO_6,0-6 scale,VERSION4,Version 4 (2013-2019),2016,,2.708120823,,F,Free (free for publication),2,Two,A,Normal value,0,Units
DATAFLOW,OECD.ELS.JAI:DSD_EPL@DF_EPL(1.0),Strictness of employment protection,I,A,Annual,LTU,Lithuania,EPL_OV,Individual and collective dismissals (regular contracts),0_TO_6,0-6 scale,VERSION4,Version 4 (2013-2019),2016,,2.633250952,,F,Free (free for publication),2,Two,A,Normal value,0,Units
DATAFLOW,OECD.ELS.JAI:DSD_EPL@DF_EPL(1.0),Strictness of employment protection,I,A,Annual,LUX,Luxembourg,EPL_OV,Individual and collective dismissals (regular contracts),0_TO_6,0-6 scale,VERSION4,Version 4 (2013-2019),2016,,2.541836739,,F,Free (free for publication),2,Two,A,Normal value,0,Units
DATAFLOW,OECD.ELS.JAI:DSD_EPL@DF_EPL(1.0),Strictness of employment protection,I,A,Annual,MEX,Mexico,EPL_OV,Individual and collective dismissals (regular contracts),0_TO_6,0-6 scale,VERSION4,Version 4 (2013-2019),2016,,2.464817286,,F,Free (free for publication),2,Two,A,Normal value,0,Units
DATAFLOW,OECD.ELS.JAI:DSD_EPL@DF_EPL(1.0),Strictness of employment protection,I,A,Annual,NLD,Netherlands,EPL_OV,Individual and collective dismissals (regular contracts),0_TO_6,0-6 scale,VERSION4,Version 4 (2013-2019),2016,,2.791586876,,F,Free (free for publication),2,Two,A,Normal value,0,Units
DATAFLOW,OECD.ELS.JAI:DSD_EPL@DF_EPL(1.0),Strictness of employment protection,I,A,Annual,NZL,New Zealand,EPL_OV,Individual and collective dismissals (regular contracts),0_TO_6,0-6 scale,VERSION4,Version 4 (2013-2019),2016,,2.085777998,,F,Free (free for publication),2,Two,A,Normal value,0,Units
DATAFLOW,OECD.ELS.JAI:DSD_EPL@DF_EPL(1.0),Strictness of employment protection,I,A,Annual,NOR,Norway,EPL_OV,Individual and collective dismissals (regular contracts),0_TO_6,0-6 scale,VERSION4,Version 4 (2013-2019),2016,,2.373485327,,F,Free (free for publication),2,Two,A,Normal value,0,Units
DATAFLOW,OECD.ELS.JAI:DSD_EPL@DF_EPL(1.0),Strictness of employment protection,I,A,Annual,POL,Poland,EPL_OV,Individual and collective dismissals (regular contracts),0_TO_6,0-6 scale,VERSION4,Version 4 (2013-2019),2016,,2.385318041,,F,Free (free for publication),2,Two,A,Normal value,0,Units
DATAFLOW,OECD.ELS.JAI:DSD_EPL@DF_EPL(1.0),Strictness of employment protection,I,A,Annual,PRT,Portugal,EPL_OV,Individual and collective dismissals (regular contracts),0_TO_6,0-6 scale,VERSION4,Version 4 (2013-2019),2016,,2.871757984,,F,Free (free for publication),2,Two,A,Normal value,0,Units
DATAFLOW,OECD.ELS.JAI:DSD_EPL@DF_EPL(1.0),Strictness of employment protection,I,A,Annual,SVK,Slovak Republic,EPL_OV,Individual and collective dismissals (regular contracts),0_TO_6,0-6 scale,VERSION4,Version 4 (2013-2019),2016,,2.33060503,,F,Free (free for publication),2,Two,A,Normal value,0,Units
DATAFLOW,OECD.ELS.JAI:DSD_EPL@DF_EPL(1.0),Strictness of employment protection,I,A,Annual,SVN,Slovenia,EPL_OV,Individual and collective dismissals (regular contracts),0_TO_6,0-6 scale,VERSION4,Version 4 (2013-2019),2016,,2.340628147,,F,Free (free for publication),2,Two,A,Normal value,0,Units
DATAFLOW,OECD.ELS.JAI:DSD_EPL@DF_EPL(1.0),Strictness of employment protection,I,A,Annual,ESP,Spain,EPL_OV,Individual and collective dismissals (regular contracts),0_TO_6,0-6 scale,VERSION4,Version 4 (2013-2019),2016,,2.392248631,,F,Free (free for publication),2,Two,A,Normal value,0,Units
DATAFLOW,OECD.ELS.JAI:DSD_EPL@DF_EPL(1.0),Strictness of employment protection,I,A,Annual,SWE,Sweden,EPL_OV,Individual and collective dismissals (regular contracts),0_TO_6,0-6 scale,VERSION4,Version 4 (2013-2019),2016,,2.54440546,,F,Free (free for publication),2,Two,A,Normal value,0,Units
DATAFLOW,OECD.ELS.JAI:DSD_EPL@DF_EPL(1.0),Strictness of employment protection,I,A,Annual,CHE,Switzerland,EPL_OV,Individual and collective dismissals (regular contracts),0_TO_6,0-6 scale,VERSION4,Version 4 (2013-2019),2016,,1.606973529,,F,Free (free for publication),2,Two,A,Normal value,0,Units
DATAFLOW,OECD.ELS.JAI:DSD_EPL@DF_EPL(1.0),Strictness of employment protection,I,A,Annual,TUR,Türkiye,EPL_OV,Individual and collective dismissals (regular contracts),0_TO_6,0-6 scale,VERSION4,Version 4 (2013-2019),2016,,2.949660778,,F,Free (free for publication),2,Two,A,Normal value,0,Units
DATAFLOW,OECD.ELS.JAI:DSD_EPL@DF_EPL(1.0),Strictness of employment protection,I,A,Annual,GBR,United Kingdom,EPL_OV,Individual and collective dismissals (regular contracts),0_TO_6,0-6 scale,VERSION4,Version 4 (2013-2019),2016,,1.901723742,,F,Free (free for publication),2,Two,A,Normal value,0,Units
DATAFLOW,OECD.ELS.JAI:DSD_EPL@DF_EPL(1.0),Strictness of employment protection,I,A,Annual,USA,United States,EPL_OV,Individual and collective dismissals (regular contracts),0_TO_6,0-6 scale,VERSION4,Version 4 (2013-2019),2016,,1.310865164,,F,Free (free for publication),2,Two,A,Normal value,0,Units
DATAFLOW,OECD.ELS.JAI:DSD_EPL@DF_EPL(1.0),Strictness of employment protection,I,A,Annual,OECD,OECD,EPL_OV,Individual and collective dismissals (regular contracts),0_TO_6,0-6 scale,VERSION4,Version 4 (2013-2019),2016,,2.279937267,,F,Free (free for publication),2,Two,A,Normal value,0,Units
DATAFLOW,OECD.ELS.JAI:DSD_EPL@DF_EPL(1.0),Strictness of employment protection,I,A,Annual,ARG,Argentina,EPL_OV,Individual and collective dismissals (regular contracts),0_TO_6,0-6 scale,VERSION4,Version 4 (2013-2019),2016,,2.557883739,,F,Free (free for publication),2,Two,A,Normal value,0,Units
DATAFLOW,OECD.ELS.JAI:DSD_EPL@DF_EPL(1.0),Strictness of employment protection,I,A,Annual,PRY,Paraguay,EPL_OV,Individual and collective dismissals (regular contracts),0_TO_6,0-6 scale,VERSION4,Version 4 (2013-2019),2016,,2.019664288,,F,Free (free for publication),2,Two,A,Normal value,0,Units
DATAFLOW,OECD.ELS.JAI:DSD_EPL@DF_EPL(1.0),Strictness of employment protection,I,A,Annual,PER,Peru,EPL_OV,Individual and collective dismissals (regular contracts),0_TO_6,0-6 scale,VERSION4,Version 4 (2013-2019),2016,,1.803536057,,F,Free (free for publication),2,Two,A,Normal value,0,Units
DATAFLOW,OECD.ELS.JAI:DSD_EPL@DF_EPL(1.0),Strictness of employment protection,I,A,Annual,URY,Uruguay,EPL_OV,Individual and collective dismissals (regular contracts),0_TO_6,0-6 scale,VERSION4,Version 4 (2013-2019),2016,,0.984126985,,F,Free (free for publication),2,Two,A,Normal value,0,Units
DATAFLOW,OECD.ELS.JAI:DSD_EPL@DF_EPL(1.0),Strictness of employment protection,I,A,Annual,AUS,Australia,EPL_OV,Individual and collective dismissals (regular contracts),0_TO_6,0-6 scale,VERSION4,Version 4 (2013-2019),2017,,1.700077891,,F,Free (free for publication),2,Two,A,Normal value,0,Units
DATAFLOW,OECD.ELS.JAI:DSD_EPL@DF_EPL(1.0),Strictness of employment protection,I,A,Annual,AUT,Austria,EPL_OV,Individual and collective dismissals (regular contracts),0_TO_6,0-6 scale,VERSION4,Version 4 (2013-2019),2017,,1.800630689,,F,Free (free for publication),2,Two,A,Normal value,0,Units
DATAFLOW,OECD.ELS.JAI:DSD_EPL@DF_EPL(1.0),Strictness of employment protection,I,A,Annual,BEL,Belgium,EPL_OV,Individual and collective dismissals (regular contracts),0_TO_6,0-6 scale,VERSION4,Version 4 (2013-2019),2017,,2.678418875,,F,Free (free for publication),2,Two,A,Normal value,0,Units
DATAFLOW,OECD.ELS.JAI:DSD_EPL@DF_EPL(1.0),Strictness of employment protection,I,A,Annual,CAN,Canada,EPL_OV,Individual and collective dismissals (regular contracts),0_TO_6,0-6 scale,VERSION4,Version 4 (2013-2019),2017,,1.675306797,,F,Free (free for publication),2,Two,A,Normal value,0,Units
DATAFLOW,OECD.ELS.JAI:DSD_EPL@DF_EPL(1.0),Strictness of employment protection,I,A,Annual,CHL,Chile,EPL_OV,Individual and collective dismissals (regular contracts),0_TO_6,0-6 scale,VERSION4,Version 4 (2013-2019),2017,,2.341765881,,F,Free (free for publication),2,Two,A,Normal value,0,Units
DATAFLOW,OECD.ELS.JAI:DSD_EPL@DF_EPL(1.0),Strictness of employment protection,I,A,Annual,COL,Colombia,EPL_OV,Individual and collective dismissals (regular contracts),0_TO_6,0-6 scale,VERSION4,Version 4 (2013-2019),2017,,1.980052471,,F,Free (free for publication),2,Two,A,Normal value,0,Units
DATAFLOW,OECD.ELS.JAI:DSD_EPL@DF_EPL(1.0),Strictness of employment protection,I,A,Annual,CRI,Costa Rica,EPL_OV,Individual and collective dismissals (regular contracts),0_TO_6,0-6 scale,VERSION4,Version 4 (2013-2019),2017,,0.849206388,,F,Free (free for publication),2,Two,A,Normal value,0,Units
DATAFLOW,OECD.ELS.JAI:DSD_EPL@DF_EPL(1.0),Strictness of employment protection,I,A,Annual,CZE,Czechia,EPL_OV,Individual and collective dismissals (regular contracts),0_TO_6,0-6 scale,VERSION4,Version 4 (2013-2019),2017,,3.025262117,,F,Free (free for publication),2,Two,A,Normal value,0,Units
DATAFLOW,OECD.ELS.JAI:DSD_EPL@DF_EPL(1.0),Strictness of employment protection,I,A,Annual,DNK,Denmark,EPL_OV,Individual and collective dismissals (regular contracts),0_TO_6,0-6 scale,VERSION4,Version 4 (2013-2019),2017,,1.937693,,F,Free (free for publication),2,Two,A,Normal value,0,Units
DATAFLOW,OECD.ELS.JAI:DSD_EPL@DF_EPL(1.0),Strictness of employment protection,I,A,Annual,EST,Estonia,EPL_OV,Individual and collective dismissals (regular contracts),0_TO_6,0-6 scale,VERSION4,Version 4 (2013-2019),2017,,1.934222698,,F,Free (free for publication),2,Two,A,Normal value,0,Units
DATAFLOW,OECD.ELS.JAI:DSD_EPL@DF_EPL(1.0),Strictness of employment protection,I,A,Annual,FIN,Finland,EPL_OV,Individual and collective dismissals (regular contracts),0_TO_6,0-6 scale,VERSION4,Version 4 (2013-2019),2017,,2.47975111,,F,Free (free for publication),2,Two,A,Normal value,0,Units
DATAFLOW,OECD.ELS.JAI:DSD_EPL@DF_EPL(1.0),Strictness of employment protection,I,A,Annual,FRA,France,EPL_OV,Individual and collective dismissals (regular contracts),0_TO_6,0-6 scale,VERSION4,Version 4 (2013-2019),2017,,2.792008638,,F,Free (free for publication),2,Two,A,Normal value,0,Units
DATAFLOW,OECD.ELS.JAI:DSD_EPL@DF_EPL(1.0),Strictness of employment protection,I,A,Annual,DEU,Germany,EPL_OV,Individual and collective dismissals (regular contracts),0_TO_6,0-6 scale,VERSION4,Version 4 (2013-2019),2017,,2.332411051,,F,Free (free for publication),2,Two,A,Normal value,0,Units
DATAFLOW,OECD.ELS.JAI:DSD_EPL@DF_EPL(1.0),Strictness of employment protection,I,A,Annual,GRC,Greece,EPL_OV,Individual and collective dismissals (regular contracts),0_TO_6,0-6 scale,VERSION4,Version 4 (2013-2019),2017,,2.591600657,,F,Free (free for publication),2,Two,A,Normal value,0,Units
DATAFLOW,OECD.ELS.JAI:DSD_EPL@DF_EPL(1.0),Strictness of employment protection,I,A,Annual,HUN,Hungary,EPL_OV,Individual and collective dismissals (regular contracts),0_TO_6,0-6 scale,VERSION4,Version 4 (2013-2019),2017,,1.76733458,,F,Free (free for publication),2,Two,A,Normal value,0,Units
DATAFLOW,OECD.ELS.JAI:DSD_EPL@DF_EPL(1.0),Strictness of employment protection,I,A,Annual,ISL,Iceland,EPL_OV,Individual and collective dismissals (regular contracts),0_TO_6,0-6 scale,VERSION4,Version 4 (2013-2019),2017,,2.203089476,,F,Free (free for publication),2,Two,A,Normal value,0,Units
DATAFLOW,OECD.ELS.JAI:DSD_EPL@DF_EPL(1.0),Strictness of employment protection,I,A,Annual,IRL,Ireland,EPL_OV,Individual and collective dismissals (regular contracts),0_TO_6,0-6 scale,VERSION4,Version 4 (2013-2019),2017,,2.134929419,,F,Free (free for publication),2,Two,A,Normal value,0,Units
DATAFLOW,OECD.ELS.JAI:DSD_EPL@DF_EPL(1.0),Strictness of employment protection,I,A,Annual,ISR,Israel,EPL_OV,Individual and collective dismissals (regular contracts),0_TO_6,0-6 scale,VERSION4,Version 4 (2013-2019),2017,,2.832093239,,F,Free (free for publication),2,Two,A,Normal value,0,Units
DATAFLOW,OECD.ELS.JAI:DSD_EPL@DF_EPL(1.0),Strictness of employment protection,I,A,Annual,ITA,Italy,EPL_OV,Individual and collective dismissals (regular contracts),0_TO_6,0-6 scale,VERSION4,Version 4 (2013-2019),2017,,2.763304234,,F,Free (free for publication),2,Two,A,Normal value,0,Units
DATAFLOW,OECD.ELS.JAI:DSD_EPL@DF_EPL(1.0),Strictness of employment protection,I,A,Annual,JPN,Japan,EPL_OV,Individual and collective dismissals (regular contracts),0_TO_6,0-6 scale,VERSION4,Version 4 (2013-2019),2017,,2.080915213,,F,Free (free for publication),2,Two,A,Normal value,0,Units
DATAFLOW,OECD.ELS.JAI:DSD_EPL@DF_EPL(1.0),Strictness of employment protection,I,A,Annual,KOR,Korea,EPL_OV,Individual and collective dismissals (regular contracts),0_TO_6,0-6 scale,VERSION4,Version 4 (2013-2019),2017,,2.385948181,,F,Free (free for publication),2,Two,A,Normal value,0,Units
DATAFLOW,OECD.ELS.JAI:DSD_EPL@DF_EPL(1.0),Strictness of employment protection,I,A,Annual,LVA,Latvia,EPL_OV,Individual and collective dismissals (regular contracts),0_TO_6,0-6 scale,VERSION4,Version 4 (2013-2019),2017,,2.708120823,,F,Free (free for publication),2,Two,A,Normal value,0,Units
DATAFLOW,OECD.ELS.JAI:DSD_EPL@DF_EPL(1.0),Strictness of employment protection,I,A,Annual,LTU,Lithuania,EPL_OV,Individual and collective dismissals (regular contracts),0_TO_6,0-6 scale,VERSION4,Version 4 (2013-2019),2017,,2.633250952,,F,Free (free for publication),2,Two,A,Normal value,0,Units
DATAFLOW,OECD.ELS.JAI:DSD_EPL@DF_EPL(1.0),Strictness of employment protection,I,A,Annual,LUX,Luxembourg,EPL_OV,Individual and collective dismissals (regular contracts),0_TO_6,0-6 scale,VERSION4,Version 4 (2013-2019),2017,,2.541836739,,F,Free (free for publication),2,Two,A,Normal value,0,Units
DATAFLOW,OECD.ELS.JAI:DSD_EPL@DF_EPL(1.0),Strictness of employment protection,I,A,Annual,MEX,Mexico,EPL_OV,Individual and collective dismissals (regular contracts),0_TO_6,0-6 scale,VERSION4,Version 4 (2013-2019),2017,,2.464817286,,F,Free (free for publication),2,Two,A,Normal value,0,Units
DATAFLOW,OECD.ELS.JAI:DSD_EPL@DF_EPL(1.0),Strictness of employment protection,I,A,Annual,NLD,Netherlands,EPL_OV,Individual and collective dismissals (regular contracts),0_TO_6,0-6 scale,VERSION4,Version 4 (2013-2019),2017,,2.791586876,,F,Free (free for publication),2,Two,A,Normal value,0,Units
DATAFLOW,OECD.ELS.JAI:DSD_EPL@DF_EPL(1.0),Strictness of employment protection,I,A,Annual,NZL,New Zealand,EPL_OV,Individual and collective dismissals (regular contracts),0_TO_6,0-6 scale,VERSION4,Version 4 (2013-2019),2017,,2.085777998,,F,Free (free for publication),2,Two,A,Normal value,0,Units
DATAFLOW,OECD.ELS.JAI:DSD_EPL@DF_EPL(1.0),Strictness of employment protection,I,A,Annual,NOR,Norway,EPL_OV,Individual and collective dismissals (regular contracts),0_TO_6,0-6 scale,VERSION4,Version 4 (2013-2019),2017,,2.373485327,,F,Free (free for publication),2,Two,A,Normal value,0,Units
DATAFLOW,OECD.ELS.JAI:DSD_EPL@DF_EPL(1.0),Strictness of employment protection,I,A,Annual,POL,Poland,EPL_OV,Individual and collective dismissals (regular contracts),0_TO_6,0-6 scale,VERSION4,Version 4 (2013-2019),2017,,2.385318041,,F,Free (free for publication),2,Two,A,Normal value,0,Units
DATAFLOW,OECD.ELS.JAI:DSD_EPL@DF_EPL(1.0),Strictness of employment protection,I,A,Annual,PRT,Portugal,EPL_OV,Individual and collective dismissals (regular contracts),0_TO_6,0-6 scale,VERSION4,Version 4 (2013-2019),2017,,2.871757984,,F,Free (free for publication),2,Two,A,Normal value,0,Units
DATAFLOW,OECD.ELS.JAI:DSD_EPL@DF_EPL(1.0),Strictness of employment protection,I,A,Annual,SVK,Slovak Republic,EPL_OV,Individual and collective dismissals (regular contracts),0_TO_6,0-6 scale,VERSION4,Version 4 (2013-2019),2017,,2.33060503,,F,Free (free for publication),2,Two,A,Normal value,0,Units
DATAFLOW,OECD.ELS.JAI:DSD_EPL@DF_EPL(1.0),Strictness of employment protection,I,A,Annual,SVN,Slovenia,EPL_OV,Individual and collective dismissals (regular contracts),0_TO_6,0-6 scale,VERSION4,Version 4 (2013-2019),2017,,2.340628147,,F,Free (free for publication),2,Two,A,Normal value,0,Units
DATAFLOW,OECD.ELS.JAI:DSD_EPL@DF_EPL(1.0),Strictness of employment protection,I,A,Annual,ESP,Spain,EPL_OV,Individual and collective dismissals (regular contracts),0_TO_6,0-6 scale,VERSION4,Version 4 (2013-2019),2017,,2.392248631,,F,Free (free for publication),2,Two,A,Normal value,0,Units
DATAFLOW,OECD.ELS.JAI:DSD_EPL@DF_EPL(1.0),Strictness of employment protection,I,A,Annual,SWE,Sweden,EPL_OV,Individual and collective dismissals (regular contracts),0_TO_6,0-6 scale,VERSION4,Version 4 (2013-2019),2017,,2.54440546,,F,Free (free for publication),2,Two,A,Normal value,0,Units
DATAFLOW,OECD.ELS.JAI:DSD_EPL@DF_EPL(1.0),Strictness of employment protection,I,A,Annual,CHE,Switzerland,EPL_OV,Individual and collective dismissals (regular contracts),0_TO_6,0-6 scale,VERSION4,Version 4 (2013-2019),2017,,1.606973529,,F,Free (free for publication),2,Two,A,Normal value,0,Units
DATAFLOW,OECD.ELS.JAI:DSD_EPL@DF_EPL(1.0),Strictness of employment protection,I,A,Annual,TUR,Türkiye,EPL_OV,Individual and collective dismissals (regular contracts),0_TO_6,0-6 scale,VERSION4,Version 4 (2013-2019),2017,,2.949660778,,F,Free (free for publication),2,Two,A,Normal value,0,Units
DATAFLOW,OECD.ELS.JAI:DSD_EPL@DF_EPL(1.0),Strictness of employment protection,I,A,Annual,GBR,United Kingdom,EPL_OV,Individual and collective dismissals (regular contracts),0_TO_6,0-6 scale,VERSION4,Version 4 (2013-2019),2017,,1.901723742,,F,Free (free for publication),2,Two,A,Normal value,0,Units
DATAFLOW,OECD.ELS.JAI:DSD_EPL@DF_EPL(1.0),Strictness of employment protection,I,A,Annual,USA,United States,EPL_OV,Individual and collective dismissals (regular contracts),0_TO_6,0-6 scale,VERSION4,Version 4 (2013-2019),2017,,1.310865164,,F,Free (free for publication),2,Two,A,Normal value,0,Units
DATAFLOW,OECD.ELS.JAI:DSD_EPL@DF_EPL(1.0),Strictness of employment protection,I,A,Annual,OECD,OECD,EPL_OV,Individual and collective dismissals (regular contracts),0_TO_6,0-6 scale,VERSION4,Version 4 (2013-2019),2017,,2.276818037,,F,Free (free for publication),2,Two,A,Normal value,0,Units
DATAFLOW,OECD.ELS.JAI:DSD_EPL@DF_EPL(1.0),Strictness of employment protection,I,A,Annual,ARG,Argentina,EPL_OV,Individual and collective dismissals (regular contracts),0_TO_6,0-6 scale,VERSION4,Version 4 (2013-2019),2017,,2.557883739,,F,Free (free for publication),2,Two,A,Normal value,0,Units
DATAFLOW,OECD.ELS.JAI:DSD_EPL@DF_EPL(1.0),Strictness of employment protection,I,A,Annual,PRY,Paraguay,EPL_OV,Individual and collective dismissals (regular contracts),0_TO_6,0-6 scale,VERSION4,Version 4 (2013-2019),2017,,2.019664288,,F,Free (free for publication),2,Two,A,Normal value,0,Units
DATAFLOW,OECD.ELS.JAI:DSD_EPL@DF_EPL(1.0),Strictness of employment protection,I,A,Annual,PER,Peru,EPL_OV,Individual and collective dismissals (regular contracts),0_TO_6,0-6 scale,VERSION4,Version 4 (2013-2019),2017,,1.803536057,,F,Free (free for publication),2,Two,A,Normal value,0,Units
DATAFLOW,OECD.ELS.JAI:DSD_EPL@DF_EPL(1.0),Strictness of employment protection,I,A,Annual,URY,Uruguay,EPL_OV,Individual and collective dismissals (regular contracts),0_TO_6,0-6 scale,VERSION4,Version 4 (2013-2019),2017,,0.984126985,,F,Free (free for publication),2,Two,A,Normal value,0,Units
DATAFLOW,OECD.ELS.JAI:DSD_EPL@DF_EPL(1.0),Strictness of employment protection,I,A,Annual,AUS,Australia,EPL_OV,Individual and collective dismissals (regular contracts),0_TO_6,0-6 scale,VERSION4,Version 4 (2013-2019),2018,,1.700077891,,F,Free (free for publication),2,Two,A,Normal value,0,Units
DATAFLOW,OECD.ELS.JAI:DSD_EPL@DF_EPL(1.0),Strictness of employment protection,I,A,Annual,AUT,Austria,EPL_OV,Individual and collective dismissals (regular contracts),0_TO_6,0-6 scale,VERSION4,Version 4 (2013-2019),2018,,1.800630689,,F,Free (free for publication),2,Two,A,Normal value,0,Units
DATAFLOW,OECD.ELS.JAI:DSD_EPL@DF_EPL(1.0),Strictness of employment protection,I,A,Annual,BEL,Belgium,EPL_OV,Individual and collective dismissals (regular contracts),0_TO_6,0-6 scale,VERSION4,Version 4 (2013-2019),2018,,2.678418875,,F,Free (free for publication),2,Two,A,Normal value,0,Units
DATAFLOW,OECD.ELS.JAI:DSD_EPL@DF_EPL(1.0),Strictness of employment protection,I,A,Annual,CAN,Canada,EPL_OV,Individual and collective dismissals (regular contracts),0_TO_6,0-6 scale,VERSION4,Version 4 (2013-2019),2018,,1.675306797,,F,Free (free for publication),2,Two,A,Normal value,0,Units
DATAFLOW,OECD.ELS.JAI:DSD_EPL@DF_EPL(1.0),Strictness of employment protection,I,A,Annual,CHL,Chile,EPL_OV,Individual and collective dismissals (regular contracts),0_TO_6,0-6 scale,VERSION4,Version 4 (2013-2019),2018,,2.341765881,,F,Free (free for publication),2,Two,A,Normal value,0,Units
DATAFLOW,OECD.ELS.JAI:DSD_EPL@DF_EPL(1.0),Strictness of employment protection,I,A,Annual,COL,Colombia,EPL_OV,Individual and collective dismissals (regular contracts),0_TO_6,0-6 scale,VERSION4,Version 4 (2013-2019),2018,,1.980052471,,F,Free (free for publication),2,Two,A,Normal value,0,Units
DATAFLOW,OECD.ELS.JAI:DSD_EPL@DF_EPL(1.0),Strictness of employment protection,I,A,Annual,CRI,Costa Rica,EPL_OV,Individual and collective dismissals (regular contracts),0_TO_6,0-6 scale,VERSION4,Version 4 (2013-2019),2018,,0.849206388,,F,Free (free for publication),2,Two,A,Normal value,0,Units
DATAFLOW,OECD.ELS.JAI:DSD_EPL@DF_EPL(1.0),Strictness of employment protection,I,A,Annual,CZE,Czechia,EPL_OV,Individual and collective dismissals (regular contracts),0_TO_6,0-6 scale,VERSION4,Version 4 (2013-2019),2018,,3.025262117,,F,Free (free for publication),2,Two,A,Normal value,0,Units
DATAFLOW,OECD.ELS.JAI:DSD_EPL@DF_EPL(1.0),Strictness of employment protection,I,A,Annual,DNK,Denmark,EPL_OV,Individual and collective dismissals (regular contracts),0_TO_6,0-6 scale,VERSION4,Version 4 (2013-2019),2018,,1.937693,,F,Free (free for publication),2,Two,A,Normal value,0,Units
DATAFLOW,OECD.ELS.JAI:DSD_EPL@DF_EPL(1.0),Strictness of employment protection,I,A,Annual,EST,Estonia,EPL_OV,Individual and collective dismissals (regular contracts),0_TO_6,0-6 scale,VERSION4,Version 4 (2013-2019),2018,,1.934222698,,F,Free (free for publication),2,Two,A,Normal value,0,Units
DATAFLOW,OECD.ELS.JAI:DSD_EPL@DF_EPL(1.0),Strictness of employment protection,I,A,Annual,FIN,Finland,EPL_OV,Individual and collective dismissals (regular contracts),0_TO_6,0-6 scale,VERSION4,Version 4 (2013-2019),2018,,2.47975111,,F,Free (free for publication),2,Two,A,Normal value,0,Units
DATAFLOW,OECD.ELS.JAI:DSD_EPL@DF_EPL(1.0),Strictness of employment protection,I,A,Annual,FRA,France,EPL_OV,Individual and collective dismissals (regular contracts),0_TO_6,0-6 scale,VERSION4,Version 4 (2013-2019),2018,,2.675937176,,F,Free (free for publication),2,Two,A,Normal value,0,Units
DATAFLOW,OECD.ELS.JAI:DSD_EPL@DF_EPL(1.0),Strictness of employment protection,I,A,Annual,DEU,Germany,EPL_OV,Individual and collective dismissals (regular contracts),0_TO_6,0-6 scale,VERSION4,Version 4 (2013-2019),2018,,2.332411051,,F,Free (free for publication),2,Two,A,Normal value,0,Units
DATAFLOW,OECD.ELS.JAI:DSD_EPL@DF_EPL(1.0),Strictness of employment protection,I,A,Annual,GRC,Greece,EPL_OV,Individual and collective dismissals (regular contracts),0_TO_6,0-6 scale,VERSION4,Version 4 (2013-2019),2018,,2.543981552,,F,Free (free for publication),2,Two,A,Normal value,0,Units
DATAFLOW,OECD.ELS.JAI:DSD_EPL@DF_EPL(1.0),Strictness of employment protection,I,A,Annual,HUN,Hungary,EPL_OV,Individual and collective dismissals (regular contracts),0_TO_6,0-6 scale,VERSION4,Version 4 (2013-2019),2018,,1.89233458,,F,Free (free for publication),2,Two,A,Normal value,0,Units
DATAFLOW,OECD.ELS.JAI:DSD_EPL@DF_EPL(1.0),Strictness of employment protection,I,A,Annual,ISL,Iceland,EPL_OV,Individual and collective dismissals (regular contracts),0_TO_6,0-6 scale,VERSION4,Version 4 (2013-2019),2018,,2.203089476,,F,Free (free for publication),2,Two,A,Normal value,0,Units
DATAFLOW,OECD.ELS.JAI:DSD_EPL@DF_EPL(1.0),Strictness of employment protection,I,A,Annual,IRL,Ireland,EPL_OV,Individual and collective dismissals (regular contracts),0_TO_6,0-6 scale,VERSION4,Version 4 (2013-2019),2018,,2.134929419,,F,Free (free for publication),2,Two,A,Normal value,0,Units
DATAFLOW,OECD.ELS.JAI:DSD_EPL@DF_EPL(1.0),Strictness of employment protection,I,A,Annual,ISR,Israel,EPL_OV,Individual and collective dismissals (regular contracts),0_TO_6,0-6 scale,VERSION4,Version 4 (2013-2019),2018,,2.832093239,,F,Free (free for publication),2,Two,A,Normal value,0,Units
DATAFLOW,OECD.ELS.JAI:DSD_EPL@DF_EPL(1.0),Strictness of employment protection,I,A,Annual,ITA,Italy,EPL_OV,Individual and collective dismissals (regular contracts),0_TO_6,0-6 scale,VERSION4,Version 4 (2013-2019),2018,,2.763304234,,F,Free (free for publication),2,Two,A,Normal value,0,Units
DATAFLOW,OECD.ELS.JAI:DSD_EPL@DF_EPL(1.0),Strictness of employment protection,I,A,Annual,JPN,Japan,EPL_OV,Individual and collective dismissals (regular contracts),0_TO_6,0-6 scale,VERSION4,Version 4 (2013-2019),2018,,2.080915213,,F,Free (free for publication),2,Two,A,Normal value,0,Units
DATAFLOW,OECD.ELS.JAI:DSD_EPL@DF_EPL(1.0),Strictness of employment protection,I,A,Annual,KOR,Korea,EPL_OV,Individual and collective dismissals (regular contracts),0_TO_6,0-6 scale,VERSION4,Version 4 (2013-2019),2018,,2.385948181,,F,Free (free for publication),2,Two,A,Normal value,0,Units
DATAFLOW,OECD.ELS.JAI:DSD_EPL@DF_EPL(1.0),Strictness of employment protection,I,A,Annual,LVA,Latvia,EPL_OV,Individual and collective dismissals (regular contracts),0_TO_6,0-6 scale,VERSION4,Version 4 (2013-2019),2018,,2.708120823,,F,Free (free for publication),2,Two,A,Normal value,0,Units
DATAFLOW,OECD.ELS.JAI:DSD_EPL@DF_EPL(1.0),Strictness of employment protection,I,A,Annual,LTU,Lithuania,EPL_OV,Individual and collective dismissals (regular contracts),0_TO_6,0-6 scale,VERSION4,Version 4 (2013-2019),2018,,2.243927956,,F,Free (free for publication),2,Two,A,Normal value,0,Units
DATAFLOW,OECD.ELS.JAI:DSD_EPL@DF_EPL(1.0),Strictness of employment protection,I,A,Annual,LUX,Luxembourg,EPL_OV,Individual and collective dismissals (regular contracts),0_TO_6,0-6 scale,VERSION4,Version 4 (2013-2019),2018,,2.541836739,,F,Free (free for publication),2,Two,A,Normal value,0,Units
DATAFLOW,OECD.ELS.JAI:DSD_EPL@DF_EPL(1.0),Strictness of employment protection,I,A,Annual,MEX,Mexico,EPL_OV,Individual and collective dismissals (regular contracts),0_TO_6,0-6 scale,VERSION4,Version 4 (2013-2019),2018,,2.464817286,,F,Free (free for publication),2,Two,A,Normal value,0,Units
DATAFLOW,OECD.ELS.JAI:DSD_EPL@DF_EPL(1.0),Strictness of employment protection,I,A,Annual,NLD,Netherlands,EPL_OV,Individual and collective dismissals (regular contracts),0_TO_6,0-6 scale,VERSION4,Version 4 (2013-2019),2018,,2.791586876,,F,Free (free for publication),2,Two,A,Normal value,0,Units
DATAFLOW,OECD.ELS.JAI:DSD_EPL@DF_EPL(1.0),Strictness of employment protection,I,A,Annual,NZL,New Zealand,EPL_OV,Individual and collective dismissals (regular contracts),0_TO_6,0-6 scale,VERSION4,Version 4 (2013-2019),2018,,2.085777998,,F,Free (free for publication),2,Two,A,Normal value,0,Units
DATAFLOW,OECD.ELS.JAI:DSD_EPL@DF_EPL(1.0),Strictness of employment protection,I,A,Annual,NOR,Norway,EPL_OV,Individual and collective dismissals (regular contracts),0_TO_6,0-6 scale,VERSION4,Version 4 (2013-2019),2018,,2.373485327,,F,Free (free for publication),2,Two,A,Normal value,0,Units
DATAFLOW,OECD.ELS.JAI:DSD_EPL@DF_EPL(1.0),Strictness of employment protection,I,A,Annual,POL,Poland,EPL_OV,Individual and collective dismissals (regular contracts),0_TO_6,0-6 scale,VERSION4,Version 4 (2013-2019),2018,,2.385318041,,F,Free (free for publication),2,Two,A,Normal value,0,Units
DATAFLOW,OECD.ELS.JAI:DSD_EPL@DF_EPL(1.0),Strictness of employment protection,I,A,Annual,PRT,Portugal,EPL_OV,Individual and collective dismissals (regular contracts),0_TO_6,0-6 scale,VERSION4,Version 4 (2013-2019),2018,,2.871757984,,F,Free (free for publication),2,Two,A,Normal value,0,Units
DATAFLOW,OECD.ELS.JAI:DSD_EPL@DF_EPL(1.0),Strictness of employment protection,I,A,Annual,SVK,Slovak Republic,EPL_OV,Individual and collective dismissals (regular contracts),0_TO_6,0-6 scale,VERSION4,Version 4 (2013-2019),2018,,2.33060503,,F,Free (free for publication),2,Two,A,Normal value,0,Units
DATAFLOW,OECD.ELS.JAI:DSD_EPL@DF_EPL(1.0),Strictness of employment protection,I,A,Annual,SVN,Slovenia,EPL_OV,Individual and collective dismissals (regular contracts),0_TO_6,0-6 scale,VERSION4,Version 4 (2013-2019),2018,,2.340628147,,F,Free (free for publication),2,Two,A,Normal value,0,Units
DATAFLOW,OECD.ELS.JAI:DSD_EPL@DF_EPL(1.0),Strictness of employment protection,I,A,Annual,ESP,Spain,EPL_OV,Individual and collective dismissals (regular contracts),0_TO_6,0-6 scale,VERSION4,Version 4 (2013-2019),2018,,2.392248631,,F,Free (free for publication),2,Two,A,Normal value,0,Units
DATAFLOW,OECD.ELS.JAI:DSD_EPL@DF_EPL(1.0),Strictness of employment protection,I,A,Annual,SWE,Sweden,EPL_OV,Individual and collective dismissals (regular contracts),0_TO_6,0-6 scale,VERSION4,Version 4 (2013-2019),2018,,2.54440546,,F,Free (free for publication),2,Two,A,Normal value,0,Units
DATAFLOW,OECD.ELS.JAI:DSD_EPL@DF_EPL(1.0),Strictness of employment protection,I,A,Annual,CHE,Switzerland,EPL_OV,Individual and collective dismissals (regular contracts),0_TO_6,0-6 scale,VERSION4,Version 4 (2013-2019),2018,,1.606973529,,F,Free (free for publication),2,Two,A,Normal value,0,Units
DATAFLOW,OECD.ELS.JAI:DSD_EPL@DF_EPL(1.0),Strictness of employment protection,I,A,Annual,TUR,Türkiye,EPL_OV,Individual and collective dismissals (regular contracts),0_TO_6,0-6 scale,VERSION4,Version 4 (2013-2019),2018,,2.949660778,,F,Free (free for publication),2,Two,A,Normal value,0,Units
DATAFLOW,OECD.ELS.JAI:DSD_EPL@DF_EPL(1.0),Strictness of employment protection,I,A,Annual,GBR,United Kingdom,EPL_OV,Individual and collective dismissals (regular contracts),0_TO_6,0-6 scale,VERSION4,Version 4 (2013-2019),2018,,1.901723742,,F,Free (free for publication),2,Two,A,Normal value,0,Units
DATAFLOW,OECD.ELS.JAI:DSD_EPL@DF_EPL(1.0),Strictness of employment protection,I,A,Annual,USA,United States,EPL_OV,Individual and collective dismissals (regular contracts),0_TO_6,0-6 scale,VERSION4,Version 4 (2013-2019),2018,,1.310865164,,F,Free (free for publication),2,Two,A,Normal value,0,Units
DATAFLOW,OECD.ELS.JAI:DSD_EPL@DF_EPL(1.0),Strictness of employment protection,I,A,Annual,OECD,OECD,EPL_OV,Individual and collective dismissals (regular contracts),0_TO_6,0-6 scale,VERSION4,Version 4 (2013-2019),2018,,2.265554428,,F,Free (free for publication),2,Two,A,Normal value,0,Units
DATAFLOW,OECD.ELS.JAI:DSD_EPL@DF_EPL(1.0),Strictness of employment protection,I,A,Annual,ARG,Argentina,EPL_OV,Individual and collective dismissals (regular contracts),0_TO_6,0-6 scale,VERSION4,Version 4 (2013-2019),2018,,2.557883739,,F,Free (free for publication),2,Two,A,Normal value,0,Units
DATAFLOW,OECD.ELS.JAI:DSD_EPL@DF_EPL(1.0),Strictness of employment protection,I,A,Annual,PRY,Paraguay,EPL_OV,Individual and collective dismissals (regular contracts),0_TO_6,0-6 scale,VERSION4,Version 4 (2013-2019),2018,,2.019664288,,F,Free (free for publication),2,Two,A,Normal value,0,Units
DATAFLOW,OECD.ELS.JAI:DSD_EPL@DF_EPL(1.0),Strictness of employment protection,I,A,Annual,PER,Peru,EPL_OV,Individual and collective dismissals (regular contracts),0_TO_6,0-6 scale,VERSION4,Version 4 (2013-2019),2018,,1.803536057,,F,Free (free for publication),2,Two,A,Normal value,0,Units
DATAFLOW,OECD.ELS.JAI:DSD_EPL@DF_EPL(1.0),Strictness of employment protection,I,A,Annual,URY,Uruguay,EPL_OV,Individual and collective dismissals (regular contracts),0_TO_6,0-6 scale,VERSION4,Version 4 (2013-2019),2018,,0.984126985,,F,Free (free for publication),2,Two,A,Normal value,0,Units
DATAFLOW,OECD.ELS.JAI:DSD_EPL@DF_EPL(1.0),Strictness of employment protection,I,A,Annual,AUS,Australia,EPL_OV,Individual and collective dismissals (regular contracts),0_TO_6,0-6 scale,VERSION4,Version 4 (2013-2019),2019,,1.700077891,,F,Free (free for publication),2,Two,A,Normal value,0,Units
DATAFLOW,OECD.ELS.JAI:DSD_EPL@DF_EPL(1.0),Strictness of employment protection,I,A,Annual,AUT,Austria,EPL_OV,Individual and collective dismissals (regular contracts),0_TO_6,0-6 scale,VERSION4,Version 4 (2013-2019),2019,,1.800630689,,F,Free (free for publication),2,Two,A,Normal value,0,Units
DATAFLOW,OECD.ELS.JAI:DSD_EPL@DF_EPL(1.0),Strictness of employment protection,I,A,Annual,BEL,Belgium,EPL_OV,Individual and collective dismissals (regular contracts),0_TO_6,0-6 scale,VERSION4,Version 4 (2013-2019),2019,,2.709881306,,F,Free (free for publication),2,Two,A,Normal value,0,Units
DATAFLOW,OECD.ELS.JAI:DSD_EPL@DF_EPL(1.0),Strictness of employment protection,I,A,Annual,CAN,Canada,EPL_OV,Individual and collective dismissals (regular contracts),0_TO_6,0-6 scale,VERSION4,Version 4 (2013-2019),2019,,1.675306797,,F,Free (free for publication),2,Two,A,Normal value,0,Units
DATAFLOW,OECD.ELS.JAI:DSD_EPL@DF_EPL(1.0),Strictness of employment protection,I,A,Annual,CHL,Chile,EPL_OV,Individual and collective dismissals (regular contracts),0_TO_6,0-6 scale,VERSION4,Version 4 (2013-2019),2019,,2.341765881,,F,Free (free for publication),2,Two,A,Normal value,0,Units
DATAFLOW,OECD.ELS.JAI:DSD_EPL@DF_EPL(1.0),Strictness of employment protection,I,A,Annual,COL,Colombia,EPL_OV,Individual and collective dismissals (regular contracts),0_TO_6,0-6 scale,VERSION4,Version 4 (2013-2019),2019,,1.980052471,,F,Free (free for publication),2,Two,A,Normal value,0,Units
DATAFLOW,OECD.ELS.JAI:DSD_EPL@DF_EPL(1.0),Strictness of employment protection,I,A,Annual,CRI,Costa Rica,EPL_OV,Individual and collective dismissals (regular contracts),0_TO_6,0-6 scale,VERSION4,Version 4 (2013-2019),2019,,0.849206388,,F,Free (free for publication),2,Two,A,Normal value,0,Units
DATAFLOW,OECD.ELS.JAI:DSD_EPL@DF_EPL(1.0),Strictness of employment protection,I,A,Annual,CZE,Czechia,EPL_OV,Individual and collective dismissals (regular contracts),0_TO_6,0-6 scale,VERSION4,Version 4 (2013-2019),2019,,3.025262117,,F,Free (free for publication),2,Two,A,Normal value,0,Units
DATAFLOW,OECD.ELS.JAI:DSD_EPL@DF_EPL(1.0),Strictness of employment protection,I,A,Annual,DNK,Denmark,EPL_OV,Individual and collective dismissals (regular contracts),0_TO_6,0-6 scale,VERSION4,Version 4 (2013-2019),2019,,1.937693,,F,Free (free for publication),2,Two,A,Normal value,0,Units
DATAFLOW,OECD.ELS.JAI:DSD_EPL@DF_EPL(1.0),Strictness of employment protection,I,A,Annual,EST,Estonia,EPL_OV,Individual and collective dismissals (regular contracts),0_TO_6,0-6 scale,VERSION4,Version 4 (2013-2019),2019,,1.934222698,,F,Free (free for publication),2,Two,A,Normal value,0,Units
DATAFLOW,OECD.ELS.JAI:DSD_EPL@DF_EPL(1.0),Strictness of employment protection,I,A,Annual,FIN,Finland,EPL_OV,Individual and collective dismissals (regular contracts),0_TO_6,0-6 scale,VERSION4,Version 4 (2013-2019),2019,,2.47975111,,F,Free (free for publication),2,Two,A,Normal value,0,Units
DATAFLOW,OECD.ELS.JAI:DSD_EPL@DF_EPL(1.0),Strictness of employment protection,I,A,Annual,FRA,France,EPL_OV,Individual and collective dismissals (regular contracts),0_TO_6,0-6 scale,VERSION4,Version 4 (2013-2019),2019,,2.675937176,,F,Free (free for publication),2,Two,A,Normal value,0,Units
DATAFLOW,OECD.ELS.JAI:DSD_EPL@DF_EPL(1.0),Strictness of employment protection,I,A,Annual,DEU,Germany,EPL_OV,Individual and collective dismissals (regular contracts),0_TO_6,0-6 scale,VERSION4,Version 4 (2013-2019),2019,,2.332411051,,F,Free (free for publication),2,Two,A,Normal value,0,Units
DATAFLOW,OECD.ELS.JAI:DSD_EPL@DF_EPL(1.0),Strictness of employment protection,I,A,Annual,GRC,Greece,EPL_OV,Individual and collective dismissals (regular contracts),0_TO_6,0-6 scale,VERSION4,Version 4 (2013-2019),2019,,2.543981552,,F,Free (free for publication),2,Two,A,Normal value,0,Units
DATAFLOW,OECD.ELS.JAI:DSD_EPL@DF_EPL(1.0),Strictness of employment protection,I,A,Annual,HUN,Hungary,EPL_OV,Individual and collective dismissals (regular contracts),0_TO_6,0-6 scale,VERSION4,Version 4 (2013-2019),2019,,1.89233458,,F,Free (free for publication),2,Two,A,Normal value,0,Units
DATAFLOW,OECD.ELS.JAI:DSD_EPL@DF_EPL(1.0),Strictness of employment protection,I,A,Annual,ISL,Iceland,EPL_OV,Individual and collective dismissals (regular contracts),0_TO_6,0-6 scale,VERSION4,Version 4 (2013-2019),2019,,2.203089476,,F,Free (free for publication),2,Two,A,Normal value,0,Units
DATAFLOW,OECD.ELS.JAI:DSD_EPL@DF_EPL(1.0),Strictness of employment protection,I,A,Annual,IRL,Ireland,EPL_OV,Individual and collective dismissals (regular contracts),0_TO_6,0-6 scale,VERSION4,Version 4 (2013-2019),2019,,2.134929419,,F,Free (free for publication),2,Two,A,Normal value,0,Units
DATAFLOW,OECD.ELS.JAI:DSD_EPL@DF_EPL(1.0),Strictness of employment protection,I,A,Annual,ISR,Israel,EPL_OV,Individual and collective dismissals (regular contracts),0_TO_6,0-6 scale,VERSION4,Version 4 (2013-2019),2019,,2.832093239,,F,Free (free for publication),2,Two,A,Normal value,0,Units
DATAFLOW,OECD.ELS.JAI:DSD_EPL@DF_EPL(1.0),Strictness of employment protection,I,A,Annual,ITA,Italy,EPL_OV,Individual and collective dismissals (regular contracts),0_TO_6,0-6 scale,VERSION4,Version 4 (2013-2019),2019,,2.855566263,,F,Free (free for publication),2,Two,A,Normal value,0,Units
DATAFLOW,OECD.ELS.JAI:DSD_EPL@DF_EPL(1.0),Strictness of employment protection,I,A,Annual,JPN,Japan,EPL_OV,Individual and collective dismissals (regular contracts),0_TO_6,0-6 scale,VERSION4,Version 4 (2013-2019),2019,,2.080915213,,F,Free (free for publication),2,Two,A,Normal value,0,Units
DATAFLOW,OECD.ELS.JAI:DSD_EPL@DF_EPL(1.0),Strictness of employment protection,I,A,Annual,KOR,Korea,EPL_OV,Individual and collective dismissals (regular contracts),0_TO_6,0-6 scale,VERSION4,Version 4 (2013-2019),2019,,2.350233793,,F,Free (free for publication),2,Two,A,Normal value,0,Units
DATAFLOW,OECD.ELS.JAI:DSD_EPL@DF_EPL(1.0),Strictness of employment protection,I,A,Annual,LVA,Latvia,EPL_OV,Individual and collective dismissals (regular contracts),0_TO_6,0-6 scale,VERSION4,Version 4 (2013-2019),2019,,2.708120823,,F,Free (free for publication),2,Two,A,Normal value,0,Units
DATAFLOW,OECD.ELS.JAI:DSD_EPL@DF_EPL(1.0),Strictness of employment protection,I,A,Annual,LTU,Lithuania,EPL_OV,Individual and collective dismissals (regular contracts),0_TO_6,0-6 scale,VERSION4,Version 4 (2013-2019),2019,,2.243927956,,F,Free (free for publication),2,Two,A,Normal value,0,Units
DATAFLOW,OECD.ELS.JAI:DSD_EPL@DF_EPL(1.0),Strictness of employment protection,I,A,Annual,LUX,Luxembourg,EPL_OV,Individual and collective dismissals (regular contracts),0_TO_6,0-6 scale,VERSION4,Version 4 (2013-2019),2019,,2.541836739,,F,Free (free for publication),2,Two,A,Normal value,0,Units
DATAFLOW,OECD.ELS.JAI:DSD_EPL@DF_EPL(1.0),Strictness of employment protection,I,A,Annual,MEX,Mexico,EPL_OV,Individual and collective dismissals (regular contracts),0_TO_6,0-6 scale,VERSION4,Version 4 (2013-2019),2019,,2.464817286,,F,Free (free for publication),2,Two,A,Normal value,0,Units
DATAFLOW,OECD.ELS.JAI:DSD_EPL@DF_EPL(1.0),Strictness of employment protection,I,A,Annual,NLD,Netherlands,EPL_OV,Individual and collective dismissals (regular contracts),0_TO_6,0-6 scale,VERSION4,Version 4 (2013-2019),2019,,2.880872488,,F,Free (free for publication),2,Two,A,Normal value,0,Units
DATAFLOW,OECD.ELS.JAI:DSD_EPL@DF_EPL(1.0),Strictness of employment protection,I,A,Annual,NZL,New Zealand,EPL_OV,Individual and collective dismissals (regular contracts),0_TO_6,0-6 scale,VERSION4,Version 4 (2013-2019),2019,,2.085777998,,F,Free (free for publication),2,Two,A,Normal value,0,Units
DATAFLOW,OECD.ELS.JAI:DSD_EPL@DF_EPL(1.0),Strictness of employment protection,I,A,Annual,NOR,Norway,EPL_OV,Individual and collective dismissals (regular contracts),0_TO_6,0-6 scale,VERSION4,Version 4 (2013-2019),2019,,2.373485327,,F,Free (free for publication),2,Two,A,Normal value,0,Units
DATAFLOW,OECD.ELS.JAI:DSD_EPL@DF_EPL(1.0),Strictness of employment protection,I,A,Annual,POL,Poland,EPL_OV,Individual and collective dismissals (regular contracts),0_TO_6,0-6 scale,VERSION4,Version 4 (2013-2019),2019,,2.385318041,,F,Free (free for publication),2,Two,A,Normal value,0,Units
DATAFLOW,OECD.ELS.JAI:DSD_EPL@DF_EPL(1.0),Strictness of employment protection,I,A,Annual,PRT,Portugal,EPL_OV,Individual and collective dismissals (regular contracts),0_TO_6,0-6 scale,VERSION4,Version 4 (2013-2019),2019,,2.871757984,,F,Free (free for publication),2,Two,A,Normal value,0,Units
DATAFLOW,OECD.ELS.JAI:DSD_EPL@DF_EPL(1.0),Strictness of employment protection,I,A,Annual,SVK,Slovak Republic,EPL_OV,Individual and collective dismissals (regular contracts),0_TO_6,0-6 scale,VERSION4,Version 4 (2013-2019),2019,,2.33060503,,F,Free (free for publication),2,Two,A,Normal value,0,Units
DATAFLOW,OECD.ELS.JAI:DSD_EPL@DF_EPL(1.0),Strictness of employment protection,I,A,Annual,SVN,Slovenia,EPL_OV,Individual and collective dismissals (regular contracts),0_TO_6,0-6 scale,VERSION4,Version 4 (2013-2019),2019,,2.322109699,,F,Free (free for publication),2,Two,A,Normal value,0,Units
DATAFLOW,OECD.ELS.JAI:DSD_EPL@DF_EPL(1.0),Strictness of employment protection,I,A,Annual,ESP,Spain,EPL_OV,Individual and collective dismissals (regular contracts),0_TO_6,0-6 scale,VERSION4,Version 4 (2013-2019),2019,,2.430514097,,F,Free (free for publication),2,Two,A,Normal value,0,Units
DATAFLOW,OECD.ELS.JAI:DSD_EPL@DF_EPL(1.0),Strictness of employment protection,I,A,Annual,SWE,Sweden,EPL_OV,Individual and collective dismissals (regular contracts),0_TO_6,0-6 scale,VERSION4,Version 4 (2013-2019),2019,,2.54440546,,F,Free (free for publication),2,Two,A,Normal value,0,Units
DATAFLOW,OECD.ELS.JAI:DSD_EPL@DF_EPL(1.0),Strictness of employment protection,I,A,Annual,CHE,Switzerland,EPL_OV,Individual and collective dismissals (regular contracts),0_TO_6,0-6 scale,VERSION4,Version 4 (2013-2019),2019,,1.606973529,,F,Free (free for publication),2,Two,A,Normal value,0,Units
DATAFLOW,OECD.ELS.JAI:DSD_EPL@DF_EPL(1.0),Strictness of employment protection,I,A,Annual,TUR,Türkiye,EPL_OV,Individual and collective dismissals (regular contracts),0_TO_6,0-6 scale,VERSION4,Version 4 (2013-2019),2019,,2.949660778,,F,Free (free for publication),2,Two,A,Normal value,0,Units
DATAFLOW,OECD.ELS.JAI:DSD_EPL@DF_EPL(1.0),Strictness of employment protection,I,A,Annual,GBR,United Kingdom,EPL_OV,Individual and collective dismissals (regular contracts),0_TO_6,0-6 scale,VERSION4,Version 4 (2013-2019),2019,,1.901723742,,F,Free (free for publication),2,Two,A,Normal value,0,Units
DATAFLOW,OECD.ELS.JAI:DSD_EPL@DF_EPL(1.0),Strictness of employment protection,I,A,Annual,USA,United States,EPL_OV,Individual and collective dismissals (regular contracts),0_TO_6,0-6 scale,VERSION4,Version 4 (2013-2019),2019,,1.310865164,,F,Free (free for publication),2,Two,A,Normal value,0,Units
DATAFLOW,OECD.ELS.JAI:DSD_EPL@DF_EPL(1.0),Strictness of employment protection,I,A,Annual,OECD,OECD,EPL_OV,Individual and collective dismissals (regular contracts),0_TO_6,0-6 scale,VERSION4,Version 4 (2013-2019),2019,,2.270739794,,F,Free (free for publication),2,Two,A,Normal value,0,Units
DATAFLOW,OECD.ELS.JAI:DSD_EPL@DF_EPL(1.0),Strictness of employment protection,I,A,Annual,ARG,Argentina,EPL_OV,Individual and collective dismissals (regular contracts),0_TO_6,0-6 scale,VERSION4,Version 4 (2013-2019),2019,,2.557883739,,F,Free (free for publication),2,Two,A,Normal value,0,Units
DATAFLOW,OECD.ELS.JAI:DSD_EPL@DF_EPL(1.0),Strictness of employment protection,I,A,Annual,PRY,Paraguay,EPL_OV,Individual and collective dismissals (regular contracts),0_TO_6,0-6 scale,VERSION4,Version 4 (2013-2019),2019,,2.019664288,,F,Free (free for publication),2,Two,A,Normal value,0,Units
DATAFLOW,OECD.ELS.JAI:DSD_EPL@DF_EPL(1.0),Strictness of employment protection,I,A,Annual,PER,Peru,EPL_OV,Individual and collective dismissals (regular contracts),0_TO_6,0-6 scale,VERSION4,Version 4 (2013-2019),2019,,1.803536057,,F,Free (free for publication),2,Two,A,Normal value,0,Units
DATAFLOW,OECD.ELS.JAI:DSD_EPL@DF_EPL(1.0),Strictness of employment protection,I,A,Annual,URY,Uruguay,EPL_OV,Individual and collective dismissals (regular contracts),0_TO_6,0-6 scale,VERSION4,Version 4 (2013-2019),2019,,0.984126985,,F,Free (free for publication),2,Two,A,Normal value,0,Units
