STRUCTURE,STRUCTURE_ID,STRUCTURE_NAME,ACTION,FREQ,Frequency of observation,REF_AREA,Reference area,MEASURE,Measure,UNIT_MEASURE,Unit of measure,VERSION,Version,TIME_PERIOD,Time period,OBS_VALUE,Observation value,CONF_STATUS,Confidentiality status,DECIMALS,Decimals,OBS_STATUS,Observation status,UNIT_MULT,Unit multiplier
DATAFLOW,OECD.ELS.JAI:DSD_EPL@DF_EPL(1.0),Strictness of employment protection,I,A,Annual,AUS,Australia,EPL_OV,Individual and collective dismissals (regular contracts),0_TO_6,0-6 scale,VERSION1,Version 1 (1985-2019),1990,,1.166666627,,F,Free (free for publication),2,Two,A,Normal value,0,Units
DATAFLOW,OECD.ELS.JAI:DSD_EPL@DF_EPL(1.0),Strictness of employment protection,I,A,Annual,AUT,Austria,EPL_OV,Individual and collective dismissals (regular contracts),0_TO_6,0-6 scale,VERSION1,Version 1 (1985-2019),1990,,2.666666746,,F,Free (free for publication),2,Two,A,Normal value,0,Units
DATAFLOW,OECD.ELS.JAI:DSD_EPL@DF_EPL(1.0),Strictness of employment protection,I,A,Annual,BEL,Belgium,EPL_OV,Individual and collective dismissals (regular contracts),0_TO_6,0-6 scale,VERSION1,Version 1 (1985-2019),1990,,1.638888955,,F,Free (free for publication),2,Two,A,Normal value,0,Units
DATAFLOW,OECD.ELS.JAI:DSD_EPL@DF_EPL(1.0),Strictness of employment protection,I,A,Annual,CAN,Canada,EPL_OV,Individual and collective dismissals (regular contracts),0_TO_6,0-6 scale,VERSION1,Version 1 (1985-2019),1990,,0.587301612,,F,Free (free for publication),2,Two,A,Normal value,0,Units
DATAFLOW,OECD.ELS.JAI:DSD_EPL@DF_EPL(1.0),Strictness of employment protection,I,A,Annual,DNK,Denmark,EPL_OV,Individual and collective dismissals (regular contracts),0_TO_6,0-6 scale,VERSION1,Version 1 (1985-2019),1990,,1.515873075,,F,Free (free for publication),2,Two,A,Normal value,0,Units
DATAFLOW,OECD.ELS.JAI:DSD_EPL@DF_EPL(1.0),Strictness of employment protection,I,A,Annual,FIN,Finland,EPL_OV,Individual and collective dismissals (regular contracts),0_TO_6,0-6 scale,VERSION1,Version 1 (1985-2019),1990,,2.702380896,,F,Free (free for publication),2,Two,A,Normal value,0,Units
DATAFLOW,OECD.ELS.JAI:DSD_EPL@DF_EPL(1.0),Strictness of employment protection,I,A,Annual,FRA,France,EPL_OV,Individual and collective dismissals (regular contracts),0_TO_6,0-6 scale,VERSION1,Version 1 (1985-2019),1990,,2.515872955,,F,Free (free for publication),2,Two,A,Normal value,0,Units
DATAFLOW,OECD.ELS.JAI:DSD_EPL@DF_EPL(1.0),Strictness of employment protection,I,A,Annual,DEU,Germany,EPL_OV,Individual and collective dismissals (regular contracts),0_TO_6,0-6 scale,VERSION1,Version 1 (1985-2019),1990,,2.5,,F,Free (free for publication),2,Two,A,Normal value,0,Units
DATAFLOW,OECD.ELS.JAI:DSD_EPL@DF_EPL(1.0),Strictness of employment protection,I,A,Annual,GRC,Greece,EPL_OV,Individual and collective dismissals (regular contracts),0_TO_6,0-6 scale,VERSION1,Version 1 (1985-2019),1990,,3.134920597,,F,Free (free for publication),2,Two,A,Normal value,0,Units
DATAFLOW,OECD.ELS.JAI:DSD_EPL@DF_EPL(1.0),Strictness of employment protection,I,A,Annual,HUN,Hungary,EPL_OV,Individual and collective dismissals (regular contracts),0_TO_6,0-6 scale,VERSION1,Version 1 (1985-2019),1990,,2.003968239,,F,Free (free for publication),2,Two,A,Normal value,0,Units
DATAFLOW,OECD.ELS.JAI:DSD_EPL@DF_EPL(1.0),Strictness of employment protection,I,A,Annual,IRL,Ireland,EPL_OV,Individual and collective dismissals (regular contracts),0_TO_6,0-6 scale,VERSION1,Version 1 (1985-2019),1990,,1.269841313,,F,Free (free for publication),2,Two,A,Normal value,0,Units
DATAFLOW,OECD.ELS.JAI:DSD_EPL@DF_EPL(1.0),Strictness of employment protection,I,A,Annual,ITA,Italy,EPL_OV,Individual and collective dismissals (regular contracts),0_TO_6,0-6 scale,VERSION1,Version 1 (1985-2019),1990,,3.015872955,,F,Free (free for publication),2,Two,A,Normal value,0,Units
DATAFLOW,OECD.ELS.JAI:DSD_EPL@DF_EPL(1.0),Strictness of employment protection,I,A,Annual,JPN,Japan,EPL_OV,Individual and collective dismissals (regular contracts),0_TO_6,0-6 scale,VERSION1,Version 1 (1985-2019),1990,,1.702380896,,F,Free (free for publication),2,Two,A,Normal value,0,Units
DATAFLOW,OECD.ELS.JAI:DSD_EPL@DF_EPL(1.0),Strictness of employment protection,I,A,Annual,KOR,Korea,EPL_OV,Individual and collective dismissals (regular contracts),0_TO_6,0-6 scale,VERSION1,Version 1 (1985-2019),1990,,3.083333254,,F,Free (free for publication),2,Two,A,Normal value,0,Units
DATAFLOW,OECD.ELS.JAI:DSD_EPL@DF_EPL(1.0),Strictness of employment protection,I,A,Annual,MEX,Mexico,EPL_OV,Individual and collective dismissals (regular contracts),0_TO_6,0-6 scale,VERSION1,Version 1 (1985-2019),1990,,2.321428537,,F,Free (free for publication),2,Two,A,Normal value,0,Units
DATAFLOW,OECD.ELS.JAI:DSD_EPL@DF_EPL(1.0),Strictness of employment protection,I,A,Annual,NLD,Netherlands,EPL_OV,Individual and collective dismissals (regular contracts),0_TO_6,0-6 scale,VERSION1,Version 1 (1985-2019),1990,,3.459761858,,F,Free (free for publication),2,Two,A,Normal value,0,Units
DATAFLOW,OECD.ELS.JAI:DSD_EPL@DF_EPL(1.0),Strictness of employment protection,I,A,Annual,NZL,New Zealand,EPL_OV,Individual and collective dismissals (regular contracts),0_TO_6,0-6 scale,VERSION1,Version 1 (1985-2019),1990,,1.492857099,,F,Free (free for publication),2,Two,A,Normal value,0,Units
DATAFLOW,OECD.ELS.JAI:DSD_EPL@DF_EPL(1.0),Strictness of employment protection,I,A,Annual,NOR,Norway,EPL_OV,Individual and collective dismissals (regular contracts),0_TO_6,0-6 scale,VERSION1,Version 1 (1985-2019),1990,,2.333333254,,F,Free (free for publication),2,Two,A,Normal value,0,Units
DATAFLOW,OECD.ELS.JAI:DSD_EPL@DF_EPL(1.0),Strictness of employment protection,I,A,Annual,POL,Poland,EPL_OV,Individual and collective dismissals (regular contracts),0_TO_6,0-6 scale,VERSION1,Version 1 (1985-2019),1990,,2.325396776,,F,Free (free for publication),2,Two,A,Normal value,0,Units
DATAFLOW,OECD.ELS.JAI:DSD_EPL@DF_EPL(1.0),Strictness of employment protection,I,A,Annual,PRT,Portugal,EPL_OV,Individual and collective dismissals (regular contracts),0_TO_6,0-6 scale,VERSION1,Version 1 (1985-2019),1990,,4.833333492,,F,Free (free for publication),2,Two,A,Normal value,0,Units
DATAFLOW,OECD.ELS.JAI:DSD_EPL@DF_EPL(1.0),Strictness of employment protection,I,A,Annual,ESP,Spain,EPL_OV,Individual and collective dismissals (regular contracts),0_TO_6,0-6 scale,VERSION1,Version 1 (1985-2019),1990,,3.547619104,,F,Free (free for publication),2,Two,A,Normal value,0,Units
DATAFLOW,OECD.ELS.JAI:DSD_EPL@DF_EPL(1.0),Strictness of employment protection,I,A,Annual,SWE,Sweden,EPL_OV,Individual and collective dismissals (regular contracts),0_TO_6,0-6 scale,VERSION1,Version 1 (1985-2019),1990,,2.636904716,,F,Free (free for publication),2,Two,A,Normal value,0,Units
DATAFLOW,OECD.ELS.JAI:DSD_EPL@DF_EPL(1.0),Strictness of employment protection,I,A,Annual,CHE,Switzerland,EPL_OV,Individual and collective dismissals (regular contracts),0_TO_6,0-6 scale,VERSION1,Version 1 (1985-2019),1990,,1.428571463,,F,Free (free for publication),2,Two,A,Normal value,0,Units
DATAFLOW,OECD.ELS.JAI:DSD_EPL@DF_EPL(1.0),Strictness of employment protection,I,A,Annual,TUR,Türkiye,EPL_OV,Individual and collective dismissals (regular contracts),0_TO_6,0-6 scale,VERSION1,Version 1 (1985-2019),1990,,3.059523821,,F,Free (free for publication),2,Two,A,Normal value,0,Units
DATAFLOW,OECD.ELS.JAI:DSD_EPL@DF_EPL(1.0),Strictness of employment protection,I,A,Annual,GBR,United Kingdom,EPL_OV,Individual and collective dismissals (regular contracts),0_TO_6,0-6 scale,VERSION1,Version 1 (1985-2019),1990,,1.34523809,,F,Free (free for publication),2,Two,A,Normal value,0,Units
DATAFLOW,OECD.ELS.JAI:DSD_EPL@DF_EPL(1.0),Strictness of employment protection,I,A,Annual,USA,United States,EPL_OV,Individual and collective dismissals (regular contracts),0_TO_6,0-6 scale,VERSION1,Version 1 (1985-2019),1990,,0.093333334,,F,Free (free for publication),2,Two,A,Normal value,0,Units
DATAFLOW,OECD.ELS.JAI:DSD_EPL@DF_EPL(1.0),Strictness of employment protection,I,A,Annual,AUS,Australia,EPL_OV,Individual and collective dismissals (regular contracts),0_TO_6,0-6 scale,VERSION1,Version 1 (1985-2019),1991,,1.166666627,,F,Free (free for publication),2,Two,A,Normal value,0,Units
DATAFLOW,OECD.ELS.JAI:DSD_EPL@DF_EPL(1.0),Strictness of employment protection,I,A,Annual,AUT,Austria,EPL_OV,Individual and collective dismissals (regular contracts),0_TO_6,0-6 scale,VERSION1,Version 1 (1985-2019),1991,,2.666666746,,F,Free (free for publication),2,Two,A,Normal value,0,Units
DATAFLOW,OECD.ELS.JAI:DSD_EPL@DF_EPL(1.0),Strictness of employment protection,I,A,Annual,BEL,Belgium,EPL_OV,Individual and collective dismissals (regular contracts),0_TO_6,0-6 scale,VERSION1,Version 1 (1985-2019),1991,,1.638888955,,F,Free (free for publication),2,Two,A,Normal value,0,Units
DATAFLOW,OECD.ELS.JAI:DSD_EPL@DF_EPL(1.0),Strictness of employment protection,I,A,Annual,CAN,Canada,EPL_OV,Individual and collective dismissals (regular contracts),0_TO_6,0-6 scale,VERSION1,Version 1 (1985-2019),1991,,0.587301612,,F,Free (free for publication),2,Two,A,Normal value,0,Units
DATAFLOW,OECD.ELS.JAI:DSD_EPL@DF_EPL(1.0),Strictness of employment protection,I,A,Annual,DNK,Denmark,EPL_OV,Individual and collective dismissals (regular contracts),0_TO_6,0-6 scale,VERSION1,Version 1 (1985-2019),1991,,1.515873075,,F,Free (free for publication),2,Two,A,Normal value,0,Units
DATAFLOW,OECD.ELS.JAI:DSD_EPL@DF_EPL(1.0),Strictness of employment protection,I,A,Annual,FIN,Finland,EPL_OV,Individual and collective dismissals (regular contracts),0_TO_6,0-6 scale,VERSION1,Version 1 (1985-2019),1991,,2.702380896,,F,Free (free for publication),2,Two,A,Normal value,0,Units
DATAFLOW,OECD.ELS.JAI:DSD_EPL@DF_EPL(1.0),Strictness of employment protection,I,A,Annual,FRA,France,EPL_OV,Individual and collective dismissals (regular contracts),0_TO_6,0-6 scale,VERSION1,Version 1 (1985-2019),1991,,2.515872955,,F,Free (free for publication),2,Two,A,Normal value,0,Units
DATAFLOW,OECD.ELS.JAI:DSD_EPL@DF_EPL(1.0),Strictness of employment protection,I,A,Annual,DEU,Germany,EPL_OV,Individual and collective dismissals (regular contracts),0_TO_6,0-6 scale,VERSION1,Version 1 (1985-2019),1991,,2.5,,F,Free (free for publication),2,Two,A,Normal value,0,Units
DATAFLOW,OECD.ELS.JAI:DSD_EPL@DF_EPL(1.0),Strictness of employment protection,I,A,Annual,GRC,Greece,EPL_OV,Individual and collective dismissals (regular contracts),0_TO_6,0-6 scale,VERSION1,Version 1 (1985-2019),1991,,3.134920597,,F,Free (free for publication),2,Two,A,Normal value,0,Units
DATAFLOW,OECD.ELS.JAI:DSD_EPL@DF_EPL(1.0),Strictness of employment protection,I,A,Annual,HUN,Hungary,EPL_OV,Individual and collective dismissals (regular contracts),0_TO_6,0-6 scale,VERSION1,Version 1 (1985-2019),1991,,2.003968239,,F,Free (free for publication),2,Two,A,Normal value,0,Units
DATAFLOW,OECD.ELS.JAI:DSD_EPL@DF_EPL(1.0),Strictness of employment protection,I,A,Annual,IRL,Ireland,EPL_OV,Individual and collective dismissals (regular contracts),0_TO_6,0-6 scale,VERSION1,Version 1 (1985-2019),1991,,1.269841313,,F,Free (free for publication),2,Two,A,Normal value,0,Units
DATAFLOW,OECD.ELS.JAI:DSD_EPL@DF_EPL(1.0),Strictness of employment protection,I,A,Annual,ITA,Italy,EPL_OV,Individual and collective dismissals (regular contracts),0_TO_6,0-6 scale,VERSION1,Version 1 (1985-2019),1991,,3.015872955,,F,Free (free for publication),2,Two,A,Normal value,0,Units
DATAFLOW,OECD.ELS.JAI:DSD_EPL@DF_EPL(1.0),Strictness of employment protection,I,A,Annual,JPN,Japan,EPL_OV,Individual and collective dismissals (regular contracts),0_TO_6,0-6 scale,VERSION1,Version 1 (1985-2019),1991,,1.702380896,,F,Free (free for publication),2,Two,A,Normal value,0,Units
DATAFLOW,OECD.ELS.JAI:DSD_EPL@DF_EPL(1.0),Strictness of employment protection,I,A,Annual,KOR,Korea,EPL_OV,Individual and collective dismissals (regular contracts),0_TO_6,0-6 scale,VERSION1,Version 1 (1985-2019),1991,,3.083333254,,F,Free (free for publication),2,Two,A,Normal value,0,Units
DATAFLOW,OECD.ELS.JAI:DSD_EPL@DF_EPL(1.0),Strictness of employment protection,I,A,Annual,MEX,Mexico,EPL_OV,Individual and collective dismissals (regular contracts),0_TO_6,0-6 scale,VERSION1,Version 1 (1985-2019),1991,,2.321428537,,F,Free (free for publication),2,Two,A,Normal value,0,Units
DATAFLOW,OECD.ELS.JAI:DSD_EPL@DF_EPL(1.0),Strictness of employment protection,I,A,Annual,NLD,Netherlands,EPL_OV,Individual and collective dismissals (regular contracts),0_TO_6,0-6 scale,VERSION1,Version 1 (1985-2019),1991,,3.449761868,,F,Free (free for publication),2,Two,A,Normal value,0,Units
DATAFLOW,OECD.ELS.JAI:DSD_EPL@DF_EPL(1.0),Strictness of employment protection,I,A,Annual,NZL,New Zealand,EPL_OV,Individual and collective dismissals (regular contracts),0_TO_6,0-6 scale,VERSION1,Version 1 (1985-2019),1991,,1.492857099,,F,Free (free for publication),2,Two,A,Normal value,0,Units
DATAFLOW,OECD.ELS.JAI:DSD_EPL@DF_EPL(1.0),Strictness of employment protection,I,A,Annual,NOR,Norway,EPL_OV,Individual and collective dismissals (regular contracts),0_TO_6,0-6 scale,VERSION1,Version 1 (1985-2019),1991,,2.333333254,,F,Free (free for publication),2,Two,A,Normal value,0,Units
DATAFLOW,OECD.ELS.JAI:DSD_EPL@DF_EPL(1.0),Strictness of employment protection,I,A,Annual,POL,Poland,EPL_OV,Individual and collective dismissals (regular contracts),0_TO_6,0-6 scale,VERSION1,Version 1 (1985-2019),1991,,2.325396776,,F,Free (free for publication),2,Two,A,Normal value,0,Units
DATAFLOW,OECD.ELS.JAI:DSD_EPL@DF_EPL(1.0),Strictness of employment protection,I,A,Annual,PRT,Portugal,EPL_OV,Individual and collective dismissals (regular contracts),0_TO_6,0-6 scale,VERSION1,Version 1 (1985-2019),1991,,4.833333492,,F,Free (free for publication),2,Two,A,Normal value,0,Units
DATAFLOW,OECD.ELS.JAI:DSD_EPL@DF_EPL(1.0),Strictness of employment protection,I,A,Annual,ESP,Spain,EPL_OV,Individual and collective dismissals (regular contracts),0_TO_6,0-6 scale,VERSION1,Version 1 (1985-2019),1991,,3.547619104,,F,Free (free for publication),2,Two,A,Normal value,0,Units
DATAFLOW,OECD.ELS.JAI:DSD_EPL@DF_EPL(1.0),Strictness of employment protection,I,A,Annual,SWE,Sweden,EPL_OV,Individual and collective dismissals (regular contracts),0_TO_6,0-6 scale,VERSION1,Version 1 (1985-2019),1991,,2.636904716,,F,Free (free for publication),2,Two,A,Normal value,0,Units
DATAFLOW,OECD.ELS.JAI:DSD_EPL@DF_EPL(1.0),Strictness of employment protection,I,A,Annual,CHE,Switzerland,EPL_OV,Individual and collective dismissals (regular contracts),0_TO_6,0-6 scale,VERSION1,Version 1 (1985-2019),1991,,1.428571463,,F,Free (free for publication),2,Two,A,Normal value,0,Units
DATAFLOW,OECD.ELS.JAI:DSD_EPL@DF_EPL(1.0),Strictness of employment protection,I,A,Annual,TUR,Türkiye,EPL_OV,Individual and collective dismissals (regular contracts),0_TO_6,0-6 scale,VERSION1,Version 1 (1985-2019),1991,,3.059523821,,F,Free (free for publication),2,Two,A,Normal value,0,Units
DATAFLOW,OECD.ELS.JAI:DSD_EPL@DF_EPL(1.0),Strictness of employment protection,I,A,Annual,GBR,United Kingdom,EPL_OV,Individual and collective dismissals (regular contracts),0_TO_6,0-6 scale,VERSION1,Version 1 (1985-2019),1991,,1.34523809,,F,Free (free for publication),2,Two,A,Normal value,0,Units
DATAFLOW,OECD.ELS.JAI:DSD_EPL@DF_EPL(1.0),Strictness of employment protection,I,A,Annual,USA,United States,EPL_OV,Individual and collective dismissals (regular contracts),0_TO_6,0-6 scale,VERSION1,Version 1 (1985-2019),1991,,0.093333334,,F,Free (free for publication),2,Two,A,Normal value,0,Units
DATAFLOW,OECD.ELS.JAI:DSD_EPL@DF_EPL(1.0),Strictness of employment protection,I,A,Annual,AUS,Australia,EPL_OV,Individual and collective dismissals (regular contracts),0_TO_6,0-6 scale,VERSION1,Version 1 (1985-2019),1992,,1.166666627,,F,Free (free for publication),2,Two,A,Normal value,0,Units
DATAFLOW,OECD.ELS.JAI:DSD_EPL@DF_EPL(1.0),Strictness of employment protection,I,A,Annual,AUT,Austria,EPL_OV,Individual and collective dismissals (regular contracts),0_TO_6,0-6 scale,VERSION1,Version 1 (1985-2019),1992,,2.666666746,,F,Free (free for publication),2,Two,A,Normal value,0,Units
DATAFLOW,OECD.ELS.JAI:DSD_EPL@DF_EPL(1.0),Strictness of employment protection,I,A,Annual,BEL,Belgium,EPL_OV,Individual and collective dismissals (regular contracts),0_TO_6,0-6 scale,VERSION1,Version 1 (1985-2019),1992,,1.638888955,,F,Free (free for publication),2,Two,A,Normal value,0,Units
DATAFLOW,OECD.ELS.JAI:DSD_EPL@DF_EPL(1.0),Strictness of employment protection,I,A,Annual,CAN,Canada,EPL_OV,Individual and collective dismissals (regular contracts),0_TO_6,0-6 scale,VERSION1,Version 1 (1985-2019),1992,,0.587301612,,F,Free (free for publication),2,Two,A,Normal value,0,Units
DATAFLOW,OECD.ELS.JAI:DSD_EPL@DF_EPL(1.0),Strictness of employment protection,I,A,Annual,DNK,Denmark,EPL_OV,Individual and collective dismissals (regular contracts),0_TO_6,0-6 scale,VERSION1,Version 1 (1985-2019),1992,,1.515873075,,F,Free (free for publication),2,Two,A,Normal value,0,Units
DATAFLOW,OECD.ELS.JAI:DSD_EPL@DF_EPL(1.0),Strictness of employment protection,I,A,Annual,FIN,Finland,EPL_OV,Individual and collective dismissals (regular contracts),0_TO_6,0-6 scale,VERSION1,Version 1 (1985-2019),1992,,2.369047642,,F,Free (free for publication),2,Two,A,Normal value,0,Units
DATAFLOW,OECD.ELS.JAI:DSD_EPL@DF_EPL(1.0),Strictness of employment protection,I,A,Annual,FRA,France,EPL_OV,Individual and collective dismissals (regular contracts),0_TO_6,0-6 scale,VERSION1,Version 1 (1985-2019),1992,,2.515872955,,F,Free (free for publication),2,Two,A,Normal value,0,Units
DATAFLOW,OECD.ELS.JAI:DSD_EPL@DF_EPL(1.0),Strictness of employment protection,I,A,Annual,DEU,Germany,EPL_OV,Individual and collective dismissals (regular contracts),0_TO_6,0-6 scale,VERSION1,Version 1 (1985-2019),1992,,2.5,,F,Free (free for publication),2,Two,A,Normal value,0,Units
DATAFLOW,OECD.ELS.JAI:DSD_EPL@DF_EPL(1.0),Strictness of employment protection,I,A,Annual,GRC,Greece,EPL_OV,Individual and collective dismissals (regular contracts),0_TO_6,0-6 scale,VERSION1,Version 1 (1985-2019),1992,,3.134920597,,F,Free (free for publication),2,Two,A,Normal value,0,Units
DATAFLOW,OECD.ELS.JAI:DSD_EPL@DF_EPL(1.0),Strictness of employment protection,I,A,Annual,HUN,Hungary,EPL_OV,Individual and collective dismissals (regular contracts),0_TO_6,0-6 scale,VERSION1,Version 1 (1985-2019),1992,,2.003968239,,F,Free (free for publication),2,Two,A,Normal value,0,Units
DATAFLOW,OECD.ELS.JAI:DSD_EPL@DF_EPL(1.0),Strictness of employment protection,I,A,Annual,IRL,Ireland,EPL_OV,Individual and collective dismissals (regular contracts),0_TO_6,0-6 scale,VERSION1,Version 1 (1985-2019),1992,,1.269841313,,F,Free (free for publication),2,Two,A,Normal value,0,Units
DATAFLOW,OECD.ELS.JAI:DSD_EPL@DF_EPL(1.0),Strictness of employment protection,I,A,Annual,ITA,Italy,EPL_OV,Individual and collective dismissals (regular contracts),0_TO_6,0-6 scale,VERSION1,Version 1 (1985-2019),1992,,3.015872955,,F,Free (free for publication),2,Two,A,Normal value,0,Units
DATAFLOW,OECD.ELS.JAI:DSD_EPL@DF_EPL(1.0),Strictness of employment protection,I,A,Annual,JPN,Japan,EPL_OV,Individual and collective dismissals (regular contracts),0_TO_6,0-6 scale,VERSION1,Version 1 (1985-2019),1992,,1.702380896,,F,Free (free for publication),2,Two,A,Normal value,0,Units
DATAFLOW,OECD.ELS.JAI:DSD_EPL@DF_EPL(1.0),Strictness of employment protection,I,A,Annual,KOR,Korea,EPL_OV,Individual and collective dismissals (regular contracts),0_TO_6,0-6 scale,VERSION1,Version 1 (1985-2019),1992,,3.083333254,,F,Free (free for publication),2,Two,A,Normal value,0,Units
DATAFLOW,OECD.ELS.JAI:DSD_EPL@DF_EPL(1.0),Strictness of employment protection,I,A,Annual,MEX,Mexico,EPL_OV,Individual and collective dismissals (regular contracts),0_TO_6,0-6 scale,VERSION1,Version 1 (1985-2019),1992,,2.321428537,,F,Free (free for publication),2,Two,A,Normal value,0,Units
DATAFLOW,OECD.ELS.JAI:DSD_EPL@DF_EPL(1.0),Strictness of employment protection,I,A,Annual,NLD,Netherlands,EPL_OV,Individual and collective dismissals (regular contracts),0_TO_6,0-6 scale,VERSION1,Version 1 (1985-2019),1992,,3.438095093,,F,Free (free for publication),2,Two,A,Normal value,0,Units
DATAFLOW,OECD.ELS.JAI:DSD_EPL@DF_EPL(1.0),Strictness of employment protection,I,A,Annual,NZL,New Zealand,EPL_OV,Individual and collective dismissals (regular contracts),0_TO_6,0-6 scale,VERSION1,Version 1 (1985-2019),1992,,1.492857099,,F,Free (free for publication),2,Two,A,Normal value,0,Units
DATAFLOW,OECD.ELS.JAI:DSD_EPL@DF_EPL(1.0),Strictness of employment protection,I,A,Annual,NOR,Norway,EPL_OV,Individual and collective dismissals (regular contracts),0_TO_6,0-6 scale,VERSION1,Version 1 (1985-2019),1992,,2.333333254,,F,Free (free for publication),2,Two,A,Normal value,0,Units
DATAFLOW,OECD.ELS.JAI:DSD_EPL@DF_EPL(1.0),Strictness of employment protection,I,A,Annual,POL,Poland,EPL_OV,Individual and collective dismissals (regular contracts),0_TO_6,0-6 scale,VERSION1,Version 1 (1985-2019),1992,,2.325396776,,F,Free (free for publication),2,Two,A,Normal value,0,Units
DATAFLOW,OECD.ELS.JAI:DSD_EPL@DF_EPL(1.0),Strictness of employment protection,I,A,Annual,PRT,Portugal,EPL_OV,Individual and collective dismissals (regular contracts),0_TO_6,0-6 scale,VERSION1,Version 1 (1985-2019),1992,,4.583333492,,F,Free (free for publication),2,Two,A,Normal value,0,Units
DATAFLOW,OECD.ELS.JAI:DSD_EPL@DF_EPL(1.0),Strictness of employment protection,I,A,Annual,ESP,Spain,EPL_OV,Individual and collective dismissals (regular contracts),0_TO_6,0-6 scale,VERSION1,Version 1 (1985-2019),1992,,3.547619104,,F,Free (free for publication),2,Two,A,Normal value,0,Units
DATAFLOW,OECD.ELS.JAI:DSD_EPL@DF_EPL(1.0),Strictness of employment protection,I,A,Annual,SWE,Sweden,EPL_OV,Individual and collective dismissals (regular contracts),0_TO_6,0-6 scale,VERSION1,Version 1 (1985-2019),1992,,2.636904716,,F,Free (free for publication),2,Two,A,Normal value,0,Units
DATAFLOW,OECD.ELS.JAI:DSD_EPL@DF_EPL(1.0),Strictness of employment protection,I,A,Annual,CHE,Switzerland,EPL_OV,Individual and collective dismissals (regular contracts),0_TO_6,0-6 scale,VERSION1,Version 1 (1985-2019),1992,,1.428571463,,F,Free (free for publication),2,Two,A,Normal value,0,Units
DATAFLOW,OECD.ELS.JAI:DSD_EPL@DF_EPL(1.0),Strictness of employment protection,I,A,Annual,TUR,Türkiye,EPL_OV,Individual and collective dismissals (regular contracts),0_TO_6,0-6 scale,VERSION1,Version 1 (1985-2019),1992,,3.059523821,,F,Free (free for publication),2,Two,A,Normal value,0,Units
DATAFLOW,OECD.ELS.JAI:DSD_EPL@DF_EPL(1.0),Strictness of employment protection,I,A,Annual,GBR,United Kingdom,EPL_OV,Individual and collective dismissals (regular contracts),0_TO_6,0-6 scale,VERSION1,Version 1 (1985-2019),1992,,1.34523809,,F,Free (free for publication),2,Two,A,Normal value,0,Units
DATAFLOW,OECD.ELS.JAI:DSD_EPL@DF_EPL(1.0),Strictness of employment protection,I,A,Annual,USA,United States,EPL_OV,Individual and collective dismissals (regular contracts),0_TO_6,0-6 scale,VERSION1,Version 1 (1985-2019),1992,,0.093333334,,F,Free (free for publication),2,Two,A,Normal value,0,Units
DATAFLOW,OECD.ELS.JAI:DSD_EPL@DF_EPL(1.0),Strictness of employment protection,I,A,Annual,AUS,Australia,EPL_OV,Individual and collective dismissals (regular contracts),0_TO_6,0-6 scale,VERSION1,Version 1 (1985-2019),1993,,1.166666627,,F,Free (free for publication),2,Two,A,Normal value,0,Units
DATAFLOW,OECD.ELS.JAI:DSD_EPL@DF_EPL(1.0),Strictness of employment protection,I,A,Annual,AUT,Austria,EPL_OV,Individual and collective dismissals (regular contracts),0_TO_6,0-6 scale,VERSION1,Version 1 (1985-2019),1993,,2.666666746,,F,Free (free for publication),2,Two,A,Normal value,0,Units
DATAFLOW,OECD.ELS.JAI:DSD_EPL@DF_EPL(1.0),Strictness of employment protection,I,A,Annual,BEL,Belgium,EPL_OV,Individual and collective dismissals (regular contracts),0_TO_6,0-6 scale,VERSION1,Version 1 (1985-2019),1993,,1.638888955,,F,Free (free for publication),2,Two,A,Normal value,0,Units
DATAFLOW,OECD.ELS.JAI:DSD_EPL@DF_EPL(1.0),Strictness of employment protection,I,A,Annual,CAN,Canada,EPL_OV,Individual and collective dismissals (regular contracts),0_TO_6,0-6 scale,VERSION1,Version 1 (1985-2019),1993,,0.587301612,,F,Free (free for publication),2,Two,A,Normal value,0,Units
DATAFLOW,OECD.ELS.JAI:DSD_EPL@DF_EPL(1.0),Strictness of employment protection,I,A,Annual,CZE,Czechia,EPL_OV,Individual and collective dismissals (regular contracts),0_TO_6,0-6 scale,VERSION1,Version 1 (1985-2019),1993,,3.638888836,,F,Free (free for publication),2,Two,A,Normal value,0,Units
DATAFLOW,OECD.ELS.JAI:DSD_EPL@DF_EPL(1.0),Strictness of employment protection,I,A,Annual,DNK,Denmark,EPL_OV,Individual and collective dismissals (regular contracts),0_TO_6,0-6 scale,VERSION1,Version 1 (1985-2019),1993,,1.515873075,,F,Free (free for publication),2,Two,A,Normal value,0,Units
DATAFLOW,OECD.ELS.JAI:DSD_EPL@DF_EPL(1.0),Strictness of employment protection,I,A,Annual,FIN,Finland,EPL_OV,Individual and collective dismissals (regular contracts),0_TO_6,0-6 scale,VERSION1,Version 1 (1985-2019),1993,,2.369047642,,F,Free (free for publication),2,Two,A,Normal value,0,Units
DATAFLOW,OECD.ELS.JAI:DSD_EPL@DF_EPL(1.0),Strictness of employment protection,I,A,Annual,FRA,France,EPL_OV,Individual and collective dismissals (regular contracts),0_TO_6,0-6 scale,VERSION1,Version 1 (1985-2019),1993,,2.515872955,,F,Free (free for publication),2,Two,A,Normal value,0,Units
DATAFLOW,OECD.ELS.JAI:DSD_EPL@DF_EPL(1.0),Strictness of employment protection,I,A,Annual,DEU,Germany,EPL_OV,Individual and collective dismissals (regular contracts),0_TO_6,0-6 scale,VERSION1,Version 1 (1985-2019),1993,,2.5,,F,Free (free for publication),2,Two,A,Normal value,0,Units
DATAFLOW,OECD.ELS.JAI:DSD_EPL@DF_EPL(1.0),Strictness of employment protection,I,A,Annual,GRC,Greece,EPL_OV,Individual and collective dismissals (regular contracts),0_TO_6,0-6 scale,VERSION1,Version 1 (1985-2019),1993,,3.134920597,,F,Free (free for publication),2,Two,A,Normal value,0,Units
DATAFLOW,OECD.ELS.JAI:DSD_EPL@DF_EPL(1.0),Strictness of employment protection,I,A,Annual,HUN,Hungary,EPL_OV,Individual and collective dismissals (regular contracts),0_TO_6,0-6 scale,VERSION1,Version 1 (1985-2019),1993,,2.003968239,,F,Free (free for publication),2,Two,A,Normal value,0,Units
DATAFLOW,OECD.ELS.JAI:DSD_EPL@DF_EPL(1.0),Strictness of employment protection,I,A,Annual,IRL,Ireland,EPL_OV,Individual and collective dismissals (regular contracts),0_TO_6,0-6 scale,VERSION1,Version 1 (1985-2019),1993,,1.269841313,,F,Free (free for publication),2,Two,A,Normal value,0,Units
DATAFLOW,OECD.ELS.JAI:DSD_EPL@DF_EPL(1.0),Strictness of employment protection,I,A,Annual,ITA,Italy,EPL_OV,Individual and collective dismissals (regular contracts),0_TO_6,0-6 scale,VERSION1,Version 1 (1985-2019),1993,,3.015872955,,F,Free (free for publication),2,Two,A,Normal value,0,Units
DATAFLOW,OECD.ELS.JAI:DSD_EPL@DF_EPL(1.0),Strictness of employment protection,I,A,Annual,JPN,Japan,EPL_OV,Individual and collective dismissals (regular contracts),0_TO_6,0-6 scale,VERSION1,Version 1 (1985-2019),1993,,1.702380896,,F,Free (free for publication),2,Two,A,Normal value,0,Units
DATAFLOW,OECD.ELS.JAI:DSD_EPL@DF_EPL(1.0),Strictness of employment protection,I,A,Annual,KOR,Korea,EPL_OV,Individual and collective dismissals (regular contracts),0_TO_6,0-6 scale,VERSION1,Version 1 (1985-2019),1993,,3.083333254,,F,Free (free for publication),2,Two,A,Normal value,0,Units
DATAFLOW,OECD.ELS.JAI:DSD_EPL@DF_EPL(1.0),Strictness of employment protection,I,A,Annual,MEX,Mexico,EPL_OV,Individual and collective dismissals (regular contracts),0_TO_6,0-6 scale,VERSION1,Version 1 (1985-2019),1993,,2.321428537,,F,Free (free for publication),2,Two,A,Normal value,0,Units
DATAFLOW,OECD.ELS.JAI:DSD_EPL@DF_EPL(1.0),Strictness of employment protection,I,A,Annual,NLD,Netherlands,EPL_OV,Individual and collective dismissals (regular contracts),0_TO_6,0-6 scale,VERSION1,Version 1 (1985-2019),1993,,3.489920616,,F,Free (free for publication),2,Two,A,Normal value,0,Units
DATAFLOW,OECD.ELS.JAI:DSD_EPL@DF_EPL(1.0),Strictness of employment protection,I,A,Annual,NZL,New Zealand,EPL_OV,Individual and collective dismissals (regular contracts),0_TO_6,0-6 scale,VERSION1,Version 1 (1985-2019),1993,,1.492857099,,F,Free (free for publication),2,Two,A,Normal value,0,Units
DATAFLOW,OECD.ELS.JAI:DSD_EPL@DF_EPL(1.0),Strictness of employment protection,I,A,Annual,NOR,Norway,EPL_OV,Individual and collective dismissals (regular contracts),0_TO_6,0-6 scale,VERSION1,Version 1 (1985-2019),1993,,2.333333254,,F,Free (free for publication),2,Two,A,Normal value,0,Units
DATAFLOW,OECD.ELS.JAI:DSD_EPL@DF_EPL(1.0),Strictness of employment protection,I,A,Annual,POL,Poland,EPL_OV,Individual and collective dismissals (regular contracts),0_TO_6,0-6 scale,VERSION1,Version 1 (1985-2019),1993,,2.325396776,,F,Free (free for publication),2,Two,A,Normal value,0,Units
DATAFLOW,OECD.ELS.JAI:DSD_EPL@DF_EPL(1.0),Strictness of employment protection,I,A,Annual,PRT,Portugal,EPL_OV,Individual and collective dismissals (regular contracts),0_TO_6,0-6 scale,VERSION1,Version 1 (1985-2019),1993,,4.583333492,,F,Free (free for publication),2,Two,A,Normal value,0,Units
DATAFLOW,OECD.ELS.JAI:DSD_EPL@DF_EPL(1.0),Strictness of employment protection,I,A,Annual,SVK,Slovak Republic,EPL_OV,Individual and collective dismissals (regular contracts),0_TO_6,0-6 scale,VERSION1,Version 1 (1985-2019),1993,,3.138888836,,F,Free (free for publication),2,Two,A,Normal value,0,Units
DATAFLOW,OECD.ELS.JAI:DSD_EPL@DF_EPL(1.0),Strictness of employment protection,I,A,Annual,ESP,Spain,EPL_OV,Individual and collective dismissals (regular contracts),0_TO_6,0-6 scale,VERSION1,Version 1 (1985-2019),1993,,3.547619104,,F,Free (free for publication),2,Two,A,Normal value,0,Units
DATAFLOW,OECD.ELS.JAI:DSD_EPL@DF_EPL(1.0),Strictness of employment protection,I,A,Annual,SWE,Sweden,EPL_OV,Individual and collective dismissals (regular contracts),0_TO_6,0-6 scale,VERSION1,Version 1 (1985-2019),1993,,2.636904716,,F,Free (free for publication),2,Two,A,Normal value,0,Units
DATAFLOW,OECD.ELS.JAI:DSD_EPL@DF_EPL(1.0),Strictness of employment protection,I,A,Annual,CHE,Switzerland,EPL_OV,Individual and collective dismissals (regular contracts),0_TO_6,0-6 scale,VERSION1,Version 1 (1985-2019),1993,,1.428571463,,F,Free (free for publication),2,Two,A,Normal value,0,Units
DATAFLOW,OECD.ELS.JAI:DSD_EPL@DF_EPL(1.0),Strictness of employment protection,I,A,Annual,TUR,Türkiye,EPL_OV,Individual and collective dismissals (regular contracts),0_TO_6,0-6 scale,VERSION1,Version 1 (1985-2019),1993,,3.059523821,,F,Free (free for publication),2,Two,A,Normal value,0,Units
DATAFLOW,OECD.ELS.JAI:DSD_EPL@DF_EPL(1.0),Strictness of employment protection,I,A,Annual,GBR,United Kingdom,EPL_OV,Individual and collective dismissals (regular contracts),0_TO_6,0-6 scale,VERSION1,Version 1 (1985-2019),1993,,1.34523809,,F,Free (free for publication),2,Two,A,Normal value,0,Units
DATAFLOW,OECD.ELS.JAI:DSD_EPL@DF_EPL(1.0),Strictness of employment protection,I,A,Annual,USA,United States,EPL_OV,Individual and collective dismissals (regular contracts),0_TO_6,0-6 scale,VERSION1,Version 1 (1985-2019),1993,,0.093333334,,F,Free (free for publication),2,Two,A,Normal value,0,Units
DATAFLOW,OECD.ELS.JAI:DSD_EPL@DF_EPL(1.0),Strictness of employment protection,I,A,Annual,AUS,Australia,EPL_OV,Individual and collective dismissals (regular contracts),0_TO_6,0-6 scale,VERSION1,Version 1 (1985-2019),1994,,1.166666627,,F,Free (free for publication),2,Two,A,Normal value,0,Units
DATAFLOW,OECD.ELS.JAI:DSD_EPL@DF_EPL(1.0),Strictness of employment protection,I,A,Annual,AUT,Austria,EPL_OV,Individual and collective dismissals (regular contracts),0_TO_6,0-6 scale,VERSION1,Version 1 (1985-2019),1994,,2.666666746,,F,Free (free for publication),2,Two,A,Normal value,0,Units
DATAFLOW,OECD.ELS.JAI:DSD_EPL@DF_EPL(1.0),Strictness of employment protection,I,A,Annual,BEL,Belgium,EPL_OV,Individual and collective dismissals (regular contracts),0_TO_6,0-6 scale,VERSION1,Version 1 (1985-2019),1994,,1.638888955,,F,Free (free for publication),2,Two,A,Normal value,0,Units
DATAFLOW,OECD.ELS.JAI:DSD_EPL@DF_EPL(1.0),Strictness of employment protection,I,A,Annual,CAN,Canada,EPL_OV,Individual and collective dismissals (regular contracts),0_TO_6,0-6 scale,VERSION1,Version 1 (1985-2019),1994,,0.587301612,,F,Free (free for publication),2,Two,A,Normal value,0,Units
DATAFLOW,OECD.ELS.JAI:DSD_EPL@DF_EPL(1.0),Strictness of employment protection,I,A,Annual,CZE,Czechia,EPL_OV,Individual and collective dismissals (regular contracts),0_TO_6,0-6 scale,VERSION1,Version 1 (1985-2019),1994,,3.638888836,,F,Free (free for publication),2,Two,A,Normal value,0,Units
DATAFLOW,OECD.ELS.JAI:DSD_EPL@DF_EPL(1.0),Strictness of employment protection,I,A,Annual,DNK,Denmark,EPL_OV,Individual and collective dismissals (regular contracts),0_TO_6,0-6 scale,VERSION1,Version 1 (1985-2019),1994,,1.515873075,,F,Free (free for publication),2,Two,A,Normal value,0,Units
DATAFLOW,OECD.ELS.JAI:DSD_EPL@DF_EPL(1.0),Strictness of employment protection,I,A,Annual,FIN,Finland,EPL_OV,Individual and collective dismissals (regular contracts),0_TO_6,0-6 scale,VERSION1,Version 1 (1985-2019),1994,,2.369047642,,F,Free (free for publication),2,Two,A,Normal value,0,Units
DATAFLOW,OECD.ELS.JAI:DSD_EPL@DF_EPL(1.0),Strictness of employment protection,I,A,Annual,FRA,France,EPL_OV,Individual and collective dismissals (regular contracts),0_TO_6,0-6 scale,VERSION1,Version 1 (1985-2019),1994,,2.515872955,,F,Free (free for publication),2,Two,A,Normal value,0,Units
DATAFLOW,OECD.ELS.JAI:DSD_EPL@DF_EPL(1.0),Strictness of employment protection,I,A,Annual,DEU,Germany,EPL_OV,Individual and collective dismissals (regular contracts),0_TO_6,0-6 scale,VERSION1,Version 1 (1985-2019),1994,,2.595238209,,F,Free (free for publication),2,Two,A,Normal value,0,Units
DATAFLOW,OECD.ELS.JAI:DSD_EPL@DF_EPL(1.0),Strictness of employment protection,I,A,Annual,GRC,Greece,EPL_OV,Individual and collective dismissals (regular contracts),0_TO_6,0-6 scale,VERSION1,Version 1 (1985-2019),1994,,3.134920597,,F,Free (free for publication),2,Two,A,Normal value,0,Units
DATAFLOW,OECD.ELS.JAI:DSD_EPL@DF_EPL(1.0),Strictness of employment protection,I,A,Annual,HUN,Hungary,EPL_OV,Individual and collective dismissals (regular contracts),0_TO_6,0-6 scale,VERSION1,Version 1 (1985-2019),1994,,2.003968239,,F,Free (free for publication),2,Two,A,Normal value,0,Units
DATAFLOW,OECD.ELS.JAI:DSD_EPL@DF_EPL(1.0),Strictness of employment protection,I,A,Annual,IRL,Ireland,EPL_OV,Individual and collective dismissals (regular contracts),0_TO_6,0-6 scale,VERSION1,Version 1 (1985-2019),1994,,1.269841313,,F,Free (free for publication),2,Two,A,Normal value,0,Units
DATAFLOW,OECD.ELS.JAI:DSD_EPL@DF_EPL(1.0),Strictness of employment protection,I,A,Annual,ITA,Italy,EPL_OV,Individual and collective dismissals (regular contracts),0_TO_6,0-6 scale,VERSION1,Version 1 (1985-2019),1994,,3.015872955,,F,Free (free for publication),2,Two,A,Normal value,0,Units
DATAFLOW,OECD.ELS.JAI:DSD_EPL@DF_EPL(1.0),Strictness of employment protection,I,A,Annual,JPN,Japan,EPL_OV,Individual and collective dismissals (regular contracts),0_TO_6,0-6 scale,VERSION1,Version 1 (1985-2019),1994,,1.702380896,,F,Free (free for publication),2,Two,A,Normal value,0,Units
DATAFLOW,OECD.ELS.JAI:DSD_EPL@DF_EPL(1.0),Strictness of employment protection,I,A,Annual,KOR,Korea,EPL_OV,Individual and collective dismissals (regular contracts),0_TO_6,0-6 scale,VERSION1,Version 1 (1985-2019),1994,,3.083333254,,F,Free (free for publication),2,Two,A,Normal value,0,Units
DATAFLOW,OECD.ELS.JAI:DSD_EPL@DF_EPL(1.0),Strictness of employment protection,I,A,Annual,MEX,Mexico,EPL_OV,Individual and collective dismissals (regular contracts),0_TO_6,0-6 scale,VERSION1,Version 1 (1985-2019),1994,,2.321428537,,F,Free (free for publication),2,Two,A,Normal value,0,Units
DATAFLOW,OECD.ELS.JAI:DSD_EPL@DF_EPL(1.0),Strictness of employment protection,I,A,Annual,NLD,Netherlands,EPL_OV,Individual and collective dismissals (regular contracts),0_TO_6,0-6 scale,VERSION1,Version 1 (1985-2019),1994,,3.31325388,,F,Free (free for publication),2,Two,A,Normal value,0,Units
DATAFLOW,OECD.ELS.JAI:DSD_EPL@DF_EPL(1.0),Strictness of employment protection,I,A,Annual,NZL,New Zealand,EPL_OV,Individual and collective dismissals (regular contracts),0_TO_6,0-6 scale,VERSION1,Version 1 (1985-2019),1994,,1.492857099,,F,Free (free for publication),2,Two,A,Normal value,0,Units
DATAFLOW,OECD.ELS.JAI:DSD_EPL@DF_EPL(1.0),Strictness of employment protection,I,A,Annual,NOR,Norway,EPL_OV,Individual and collective dismissals (regular contracts),0_TO_6,0-6 scale,VERSION1,Version 1 (1985-2019),1994,,2.333333254,,F,Free (free for publication),2,Two,A,Normal value,0,Units
DATAFLOW,OECD.ELS.JAI:DSD_EPL@DF_EPL(1.0),Strictness of employment protection,I,A,Annual,POL,Poland,EPL_OV,Individual and collective dismissals (regular contracts),0_TO_6,0-6 scale,VERSION1,Version 1 (1985-2019),1994,,2.325396776,,F,Free (free for publication),2,Two,A,Normal value,0,Units
DATAFLOW,OECD.ELS.JAI:DSD_EPL@DF_EPL(1.0),Strictness of employment protection,I,A,Annual,PRT,Portugal,EPL_OV,Individual and collective dismissals (regular contracts),0_TO_6,0-6 scale,VERSION1,Version 1 (1985-2019),1994,,4.583333492,,F,Free (free for publication),2,Two,A,Normal value,0,Units
DATAFLOW,OECD.ELS.JAI:DSD_EPL@DF_EPL(1.0),Strictness of employment protection,I,A,Annual,SVK,Slovak Republic,EPL_OV,Individual and collective dismissals (regular contracts),0_TO_6,0-6 scale,VERSION1,Version 1 (1985-2019),1994,,3.138888836,,F,Free (free for publication),2,Two,A,Normal value,0,Units
DATAFLOW,OECD.ELS.JAI:DSD_EPL@DF_EPL(1.0),Strictness of employment protection,I,A,Annual,ESP,Spain,EPL_OV,Individual and collective dismissals (regular contracts),0_TO_6,0-6 scale,VERSION1,Version 1 (1985-2019),1994,,3.547619104,,F,Free (free for publication),2,Two,A,Normal value,0,Units
DATAFLOW,OECD.ELS.JAI:DSD_EPL@DF_EPL(1.0),Strictness of employment protection,I,A,Annual,SWE,Sweden,EPL_OV,Individual and collective dismissals (regular contracts),0_TO_6,0-6 scale,VERSION1,Version 1 (1985-2019),1994,,2.636904716,,F,Free (free for publication),2,Two,A,Normal value,0,Units
DATAFLOW,OECD.ELS.JAI:DSD_EPL@DF_EPL(1.0),Strictness of employment protection,I,A,Annual,CHE,Switzerland,EPL_OV,Individual and collective dismissals (regular contracts),0_TO_6,0-6 scale,VERSION1,Version 1 (1985-2019),1994,,1.428571463,,F,Free (free for publication),2,Two,A,Normal value,0,Units
DATAFLOW,OECD.ELS.JAI:DSD_EPL@DF_EPL(1.0),Strictness of employment protection,I,A,Annual,TUR,Türkiye,EPL_OV,Individual and collective dismissals (regular contracts),0_TO_6,0-6 scale,VERSION1,Version 1 (1985-2019),1994,,3.059523821,,F,Free (free for publication),2,Two,A,Normal value,0,Units
DATAFLOW,OECD.ELS.JAI:DSD_EPL@DF_EPL(1.0),Strictness of employment protection,I,A,Annual,GBR,United Kingdom,EPL_OV,Individual and collective dismissals (regular contracts),0_TO_6,0-6 scale,VERSION1,Version 1 (1985-2019),1994,,1.34523809,,F,Free (free for publication),2,Two,A,Normal value,0,Units
DATAFLOW,OECD.ELS.JAI:DSD_EPL@DF_EPL(1.0),Strictness of employment protection,I,A,Annual,USA,United States,EPL_OV,Individual and collective dismissals (regular contracts),0_TO_6,0-6 scale,VERSION1,Version 1 (1985-2019),1994,,0.093333334,,F,Free (free for publication),2,Two,A,Normal value,0,Units
DATAFLOW,OECD.ELS.JAI:DSD_EPL@DF_EPL(1.0),Strictness of employment protection,I,A,Annual,AUS,Australia,EPL_OV,Individual and collective dismissals (regular contracts),0_TO_6,0-6 scale,VERSION1,Version 1 (1985-2019),1995,,1.166666627,,F,Free (free for publication),2,Two,A,Normal value,0,Units
DATAFLOW,OECD.ELS.JAI:DSD_EPL@DF_EPL(1.0),Strictness of employment protection,I,A,Annual,AUT,Austria,EPL_OV,Individual and collective dismissals (regular contracts),0_TO_6,0-6 scale,VERSION1,Version 1 (1985-2019),1995,,2.666666746,,F,Free (free for publication),2,Two,A,Normal value,0,Units
DATAFLOW,OECD.ELS.JAI:DSD_EPL@DF_EPL(1.0),Strictness of employment protection,I,A,Annual,BEL,Belgium,EPL_OV,Individual and collective dismissals (regular contracts),0_TO_6,0-6 scale,VERSION1,Version 1 (1985-2019),1995,,1.638888955,,F,Free (free for publication),2,Two,A,Normal value,0,Units
DATAFLOW,OECD.ELS.JAI:DSD_EPL@DF_EPL(1.0),Strictness of employment protection,I,A,Annual,CAN,Canada,EPL_OV,Individual and collective dismissals (regular contracts),0_TO_6,0-6 scale,VERSION1,Version 1 (1985-2019),1995,,0.587301612,,F,Free (free for publication),2,Two,A,Normal value,0,Units
DATAFLOW,OECD.ELS.JAI:DSD_EPL@DF_EPL(1.0),Strictness of employment protection,I,A,Annual,CZE,Czechia,EPL_OV,Individual and collective dismissals (regular contracts),0_TO_6,0-6 scale,VERSION1,Version 1 (1985-2019),1995,,3.638888836,,F,Free (free for publication),2,Two,A,Normal value,0,Units
DATAFLOW,OECD.ELS.JAI:DSD_EPL@DF_EPL(1.0),Strictness of employment protection,I,A,Annual,DNK,Denmark,EPL_OV,Individual and collective dismissals (regular contracts),0_TO_6,0-6 scale,VERSION1,Version 1 (1985-2019),1995,,1.46825397,,F,Free (free for publication),2,Two,A,Normal value,0,Units
DATAFLOW,OECD.ELS.JAI:DSD_EPL@DF_EPL(1.0),Strictness of employment protection,I,A,Annual,FIN,Finland,EPL_OV,Individual and collective dismissals (regular contracts),0_TO_6,0-6 scale,VERSION1,Version 1 (1985-2019),1995,,2.369047642,,F,Free (free for publication),2,Two,A,Normal value,0,Units
DATAFLOW,OECD.ELS.JAI:DSD_EPL@DF_EPL(1.0),Strictness of employment protection,I,A,Annual,FRA,France,EPL_OV,Individual and collective dismissals (regular contracts),0_TO_6,0-6 scale,VERSION1,Version 1 (1985-2019),1995,,2.515872955,,F,Free (free for publication),2,Two,A,Normal value,0,Units
DATAFLOW,OECD.ELS.JAI:DSD_EPL@DF_EPL(1.0),Strictness of employment protection,I,A,Annual,DEU,Germany,EPL_OV,Individual and collective dismissals (regular contracts),0_TO_6,0-6 scale,VERSION1,Version 1 (1985-2019),1995,,2.595238209,,F,Free (free for publication),2,Two,A,Normal value,0,Units
DATAFLOW,OECD.ELS.JAI:DSD_EPL@DF_EPL(1.0),Strictness of employment protection,I,A,Annual,GRC,Greece,EPL_OV,Individual and collective dismissals (regular contracts),0_TO_6,0-6 scale,VERSION1,Version 1 (1985-2019),1995,,3.134920597,,F,Free (free for publication),2,Two,A,Normal value,0,Units
DATAFLOW,OECD.ELS.JAI:DSD_EPL@DF_EPL(1.0),Strictness of employment protection,I,A,Annual,HUN,Hungary,EPL_OV,Individual and collective dismissals (regular contracts),0_TO_6,0-6 scale,VERSION1,Version 1 (1985-2019),1995,,2.003968239,,F,Free (free for publication),2,Two,A,Normal value,0,Units
DATAFLOW,OECD.ELS.JAI:DSD_EPL@DF_EPL(1.0),Strictness of employment protection,I,A,Annual,IRL,Ireland,EPL_OV,Individual and collective dismissals (regular contracts),0_TO_6,0-6 scale,VERSION1,Version 1 (1985-2019),1995,,1.269841313,,F,Free (free for publication),2,Two,A,Normal value,0,Units
DATAFLOW,OECD.ELS.JAI:DSD_EPL@DF_EPL(1.0),Strictness of employment protection,I,A,Annual,ITA,Italy,EPL_OV,Individual and collective dismissals (regular contracts),0_TO_6,0-6 scale,VERSION1,Version 1 (1985-2019),1995,,3.015872955,,F,Free (free for publication),2,Two,A,Normal value,0,Units
DATAFLOW,OECD.ELS.JAI:DSD_EPL@DF_EPL(1.0),Strictness of employment protection,I,A,Annual,JPN,Japan,EPL_OV,Individual and collective dismissals (regular contracts),0_TO_6,0-6 scale,VERSION1,Version 1 (1985-2019),1995,,1.702380896,,F,Free (free for publication),2,Two,A,Normal value,0,Units
DATAFLOW,OECD.ELS.JAI:DSD_EPL@DF_EPL(1.0),Strictness of employment protection,I,A,Annual,KOR,Korea,EPL_OV,Individual and collective dismissals (regular contracts),0_TO_6,0-6 scale,VERSION1,Version 1 (1985-2019),1995,,3.083333254,,F,Free (free for publication),2,Two,A,Normal value,0,Units
DATAFLOW,OECD.ELS.JAI:DSD_EPL@DF_EPL(1.0),Strictness of employment protection,I,A,Annual,MEX,Mexico,EPL_OV,Individual and collective dismissals (regular contracts),0_TO_6,0-6 scale,VERSION1,Version 1 (1985-2019),1995,,2.321428537,,F,Free (free for publication),2,Two,A,Normal value,0,Units
DATAFLOW,OECD.ELS.JAI:DSD_EPL@DF_EPL(1.0),Strictness of employment protection,I,A,Annual,NLD,Netherlands,EPL_OV,Individual and collective dismissals (regular contracts),0_TO_6,0-6 scale,VERSION1,Version 1 (1985-2019),1995,,3.253968239,,F,Free (free for publication),2,Two,A,Normal value,0,Units
DATAFLOW,OECD.ELS.JAI:DSD_EPL@DF_EPL(1.0),Strictness of employment protection,I,A,Annual,NZL,New Zealand,EPL_OV,Individual and collective dismissals (regular contracts),0_TO_6,0-6 scale,VERSION1,Version 1 (1985-2019),1995,,1.492857099,,F,Free (free for publication),2,Two,A,Normal value,0,Units
DATAFLOW,OECD.ELS.JAI:DSD_EPL@DF_EPL(1.0),Strictness of employment protection,I,A,Annual,NOR,Norway,EPL_OV,Individual and collective dismissals (regular contracts),0_TO_6,0-6 scale,VERSION1,Version 1 (1985-2019),1995,,2.333333254,,F,Free (free for publication),2,Two,A,Normal value,0,Units
DATAFLOW,OECD.ELS.JAI:DSD_EPL@DF_EPL(1.0),Strictness of employment protection,I,A,Annual,POL,Poland,EPL_OV,Individual and collective dismissals (regular contracts),0_TO_6,0-6 scale,VERSION1,Version 1 (1985-2019),1995,,2.325396776,,F,Free (free for publication),2,Two,A,Normal value,0,Units
DATAFLOW,OECD.ELS.JAI:DSD_EPL@DF_EPL(1.0),Strictness of employment protection,I,A,Annual,PRT,Portugal,EPL_OV,Individual and collective dismissals (regular contracts),0_TO_6,0-6 scale,VERSION1,Version 1 (1985-2019),1995,,4.583333492,,F,Free (free for publication),2,Two,A,Normal value,0,Units
DATAFLOW,OECD.ELS.JAI:DSD_EPL@DF_EPL(1.0),Strictness of employment protection,I,A,Annual,SVK,Slovak Republic,EPL_OV,Individual and collective dismissals (regular contracts),0_TO_6,0-6 scale,VERSION1,Version 1 (1985-2019),1995,,3.138888836,,F,Free (free for publication),2,Two,A,Normal value,0,Units
DATAFLOW,OECD.ELS.JAI:DSD_EPL@DF_EPL(1.0),Strictness of employment protection,I,A,Annual,ESP,Spain,EPL_OV,Individual and collective dismissals (regular contracts),0_TO_6,0-6 scale,VERSION1,Version 1 (1985-2019),1995,,2.357142925,,F,Free (free for publication),2,Two,A,Normal value,0,Units
DATAFLOW,OECD.ELS.JAI:DSD_EPL@DF_EPL(1.0),Strictness of employment protection,I,A,Annual,SWE,Sweden,EPL_OV,Individual and collective dismissals (regular contracts),0_TO_6,0-6 scale,VERSION1,Version 1 (1985-2019),1995,,2.636904716,,F,Free (free for publication),2,Two,A,Normal value,0,Units
DATAFLOW,OECD.ELS.JAI:DSD_EPL@DF_EPL(1.0),Strictness of employment protection,I,A,Annual,CHE,Switzerland,EPL_OV,Individual and collective dismissals (regular contracts),0_TO_6,0-6 scale,VERSION1,Version 1 (1985-2019),1995,,1.428571463,,F,Free (free for publication),2,Two,A,Normal value,0,Units
DATAFLOW,OECD.ELS.JAI:DSD_EPL@DF_EPL(1.0),Strictness of employment protection,I,A,Annual,TUR,Türkiye,EPL_OV,Individual and collective dismissals (regular contracts),0_TO_6,0-6 scale,VERSION1,Version 1 (1985-2019),1995,,3.059523821,,F,Free (free for publication),2,Two,A,Normal value,0,Units
DATAFLOW,OECD.ELS.JAI:DSD_EPL@DF_EPL(1.0),Strictness of employment protection,I,A,Annual,GBR,United Kingdom,EPL_OV,Individual and collective dismissals (regular contracts),0_TO_6,0-6 scale,VERSION1,Version 1 (1985-2019),1995,,1.34523809,,F,Free (free for publication),2,Two,A,Normal value,0,Units
DATAFLOW,OECD.ELS.JAI:DSD_EPL@DF_EPL(1.0),Strictness of employment protection,I,A,Annual,USA,United States,EPL_OV,Individual and collective dismissals (regular contracts),0_TO_6,0-6 scale,VERSION1,Version 1 (1985-2019),1995,,0.093333334,,F,Free (free for publication),2,Two,A,Normal value,0,Units
DATAFLOW,OECD.ELS.JAI:DSD_EPL@DF_EPL(1.0),Strictness of employment protection,I,A,Annual,AUS,Australia,EPL_OV,Individual and collective dismissals (regular contracts),0_TO_6,0-6 scale,VERSION1,Version 1 (1985-2019),1996,,1.166666627,,F,Free (free for publication),2,Two,A,Normal value,0,Units
DATAFLOW,OECD.ELS.JAI:DSD_EPL@DF_EPL(1.0),Strictness of employment protection,I,A,Annual,AUT,Austria,EPL_OV,Individual and collective dismissals (regular contracts),0_TO_6,0-6 scale,VERSION1,Version 1 (1985-2019),1996,,2.666666746,,F,Free (free for publication),2,Two,A,Normal value,0,Units
DATAFLOW,OECD.ELS.JAI:DSD_EPL@DF_EPL(1.0),Strictness of employment protection,I,A,Annual,BEL,Belgium,EPL_OV,Individual and collective dismissals (regular contracts),0_TO_6,0-6 scale,VERSION1,Version 1 (1985-2019),1996,,1.638888955,,F,Free (free for publication),2,Two,A,Normal value,0,Units
DATAFLOW,OECD.ELS.JAI:DSD_EPL@DF_EPL(1.0),Strictness of employment protection,I,A,Annual,CAN,Canada,EPL_OV,Individual and collective dismissals (regular contracts),0_TO_6,0-6 scale,VERSION1,Version 1 (1985-2019),1996,,0.587301612,,F,Free (free for publication),2,Two,A,Normal value,0,Units
DATAFLOW,OECD.ELS.JAI:DSD_EPL@DF_EPL(1.0),Strictness of employment protection,I,A,Annual,CZE,Czechia,EPL_OV,Individual and collective dismissals (regular contracts),0_TO_6,0-6 scale,VERSION1,Version 1 (1985-2019),1996,,3.638888836,,F,Free (free for publication),2,Two,A,Normal value,0,Units
DATAFLOW,OECD.ELS.JAI:DSD_EPL@DF_EPL(1.0),Strictness of employment protection,I,A,Annual,DNK,Denmark,EPL_OV,Individual and collective dismissals (regular contracts),0_TO_6,0-6 scale,VERSION1,Version 1 (1985-2019),1996,,1.46825397,,F,Free (free for publication),2,Two,A,Normal value,0,Units
DATAFLOW,OECD.ELS.JAI:DSD_EPL@DF_EPL(1.0),Strictness of employment protection,I,A,Annual,FIN,Finland,EPL_OV,Individual and collective dismissals (regular contracts),0_TO_6,0-6 scale,VERSION1,Version 1 (1985-2019),1996,,2.369047642,,F,Free (free for publication),2,Two,A,Normal value,0,Units
DATAFLOW,OECD.ELS.JAI:DSD_EPL@DF_EPL(1.0),Strictness of employment protection,I,A,Annual,FRA,France,EPL_OV,Individual and collective dismissals (regular contracts),0_TO_6,0-6 scale,VERSION1,Version 1 (1985-2019),1996,,2.515872955,,F,Free (free for publication),2,Two,A,Normal value,0,Units
DATAFLOW,OECD.ELS.JAI:DSD_EPL@DF_EPL(1.0),Strictness of employment protection,I,A,Annual,DEU,Germany,EPL_OV,Individual and collective dismissals (regular contracts),0_TO_6,0-6 scale,VERSION1,Version 1 (1985-2019),1996,,2.595238209,,F,Free (free for publication),2,Two,A,Normal value,0,Units
DATAFLOW,OECD.ELS.JAI:DSD_EPL@DF_EPL(1.0),Strictness of employment protection,I,A,Annual,GRC,Greece,EPL_OV,Individual and collective dismissals (regular contracts),0_TO_6,0-6 scale,VERSION1,Version 1 (1985-2019),1996,,3.134920597,,F,Free (free for publication),2,Two,A,Normal value,0,Units
DATAFLOW,OECD.ELS.JAI:DSD_EPL@DF_EPL(1.0),Strictness of employment protection,I,A,Annual,HUN,Hungary,EPL_OV,Individual and collective dismissals (regular contracts),0_TO_6,0-6 scale,VERSION1,Version 1 (1985-2019),1996,,2.003968239,,F,Free (free for publication),2,Two,A,Normal value,0,Units
DATAFLOW,OECD.ELS.JAI:DSD_EPL@DF_EPL(1.0),Strictness of employment protection,I,A,Annual,IRL,Ireland,EPL_OV,Individual and collective dismissals (regular contracts),0_TO_6,0-6 scale,VERSION1,Version 1 (1985-2019),1996,,1.269841313,,F,Free (free for publication),2,Two,A,Normal value,0,Units
DATAFLOW,OECD.ELS.JAI:DSD_EPL@DF_EPL(1.0),Strictness of employment protection,I,A,Annual,ITA,Italy,EPL_OV,Individual and collective dismissals (regular contracts),0_TO_6,0-6 scale,VERSION1,Version 1 (1985-2019),1996,,3.015872955,,F,Free (free for publication),2,Two,A,Normal value,0,Units
DATAFLOW,OECD.ELS.JAI:DSD_EPL@DF_EPL(1.0),Strictness of employment protection,I,A,Annual,JPN,Japan,EPL_OV,Individual and collective dismissals (regular contracts),0_TO_6,0-6 scale,VERSION1,Version 1 (1985-2019),1996,,1.702380896,,F,Free (free for publication),2,Two,A,Normal value,0,Units
DATAFLOW,OECD.ELS.JAI:DSD_EPL@DF_EPL(1.0),Strictness of employment protection,I,A,Annual,KOR,Korea,EPL_OV,Individual and collective dismissals (regular contracts),0_TO_6,0-6 scale,VERSION1,Version 1 (1985-2019),1996,,3.083333254,,F,Free (free for publication),2,Two,A,Normal value,0,Units
DATAFLOW,OECD.ELS.JAI:DSD_EPL@DF_EPL(1.0),Strictness of employment protection,I,A,Annual,MEX,Mexico,EPL_OV,Individual and collective dismissals (regular contracts),0_TO_6,0-6 scale,VERSION1,Version 1 (1985-2019),1996,,2.321428537,,F,Free (free for publication),2,Two,A,Normal value,0,Units
DATAFLOW,OECD.ELS.JAI:DSD_EPL@DF_EPL(1.0),Strictness of employment protection,I,A,Annual,NLD,Netherlands,EPL_OV,Individual and collective dismissals (regular contracts),0_TO_6,0-6 scale,VERSION1,Version 1 (1985-2019),1996,,3.253968239,,F,Free (free for publication),2,Two,A,Normal value,0,Units
DATAFLOW,OECD.ELS.JAI:DSD_EPL@DF_EPL(1.0),Strictness of employment protection,I,A,Annual,NZL,New Zealand,EPL_OV,Individual and collective dismissals (regular contracts),0_TO_6,0-6 scale,VERSION1,Version 1 (1985-2019),1996,,1.492857099,,F,Free (free for publication),2,Two,A,Normal value,0,Units
DATAFLOW,OECD.ELS.JAI:DSD_EPL@DF_EPL(1.0),Strictness of employment protection,I,A,Annual,NOR,Norway,EPL_OV,Individual and collective dismissals (regular contracts),0_TO_6,0-6 scale,VERSION1,Version 1 (1985-2019),1996,,2.333333254,,F,Free (free for publication),2,Two,A,Normal value,0,Units
DATAFLOW,OECD.ELS.JAI:DSD_EPL@DF_EPL(1.0),Strictness of employment protection,I,A,Annual,POL,Poland,EPL_OV,Individual and collective dismissals (regular contracts),0_TO_6,0-6 scale,VERSION1,Version 1 (1985-2019),1996,,2.325396776,,F,Free (free for publication),2,Two,A,Normal value,0,Units
DATAFLOW,OECD.ELS.JAI:DSD_EPL@DF_EPL(1.0),Strictness of employment protection,I,A,Annual,PRT,Portugal,EPL_OV,Individual and collective dismissals (regular contracts),0_TO_6,0-6 scale,VERSION1,Version 1 (1985-2019),1996,,4.583333492,,F,Free (free for publication),2,Two,A,Normal value,0,Units
DATAFLOW,OECD.ELS.JAI:DSD_EPL@DF_EPL(1.0),Strictness of employment protection,I,A,Annual,SVK,Slovak Republic,EPL_OV,Individual and collective dismissals (regular contracts),0_TO_6,0-6 scale,VERSION1,Version 1 (1985-2019),1996,,3.138888836,,F,Free (free for publication),2,Two,A,Normal value,0,Units
DATAFLOW,OECD.ELS.JAI:DSD_EPL@DF_EPL(1.0),Strictness of employment protection,I,A,Annual,ESP,Spain,EPL_OV,Individual and collective dismissals (regular contracts),0_TO_6,0-6 scale,VERSION1,Version 1 (1985-2019),1996,,2.357142925,,F,Free (free for publication),2,Two,A,Normal value,0,Units
DATAFLOW,OECD.ELS.JAI:DSD_EPL@DF_EPL(1.0),Strictness of employment protection,I,A,Annual,SWE,Sweden,EPL_OV,Individual and collective dismissals (regular contracts),0_TO_6,0-6 scale,VERSION1,Version 1 (1985-2019),1996,,2.636904716,,F,Free (free for publication),2,Two,A,Normal value,0,Units
DATAFLOW,OECD.ELS.JAI:DSD_EPL@DF_EPL(1.0),Strictness of employment protection,I,A,Annual,CHE,Switzerland,EPL_OV,Individual and collective dismissals (regular contracts),0_TO_6,0-6 scale,VERSION1,Version 1 (1985-2019),1996,,1.428571463,,F,Free (free for publication),2,Two,A,Normal value,0,Units
DATAFLOW,OECD.ELS.JAI:DSD_EPL@DF_EPL(1.0),Strictness of employment protection,I,A,Annual,TUR,Türkiye,EPL_OV,Individual and collective dismissals (regular contracts),0_TO_6,0-6 scale,VERSION1,Version 1 (1985-2019),1996,,3.059523821,,F,Free (free for publication),2,Two,A,Normal value,0,Units
DATAFLOW,OECD.ELS.JAI:DSD_EPL@DF_EPL(1.0),Strictness of employment protection,I,A,Annual,GBR,United Kingdom,EPL_OV,Individual and collective dismissals (regular contracts),0_TO_6,0-6 scale,VERSION1,Version 1 (1985-2019),1996,,1.34523809,,F,Free (free for publication),2,Two,A,Normal value,0,Units
DATAFLOW,OECD.ELS.JAI:DSD_EPL@DF_EPL(1.0),Strictness of employment protection,I,A,Annual,USA,United States,EPL_OV,Individual and collective dismissals (regular contracts),0_TO_6,0-6 scale,VERSION1,Version 1 (1985-2019),1996,,0.093333334,,F,Free (free for publication),2,Two,A,Normal value,0,Units
DATAFLOW,OECD.ELS.JAI:DSD_EPL@DF_EPL(1.0),Strictness of employment protection,I,A,Annual,AUS,Australia,EPL_OV,Individual and collective dismissals (regular contracts),0_TO_6,0-6 scale,VERSION1,Version 1 (1985-2019),1997,,1.416666627,,F,Free (free for publication),2,Two,A,Normal value,0,Units
DATAFLOW,OECD.ELS.JAI:DSD_EPL@DF_EPL(1.0),Strictness of employment protection,I,A,Annual,AUT,Austria,EPL_OV,Individual and collective dismissals (regular contracts),0_TO_6,0-6 scale,VERSION1,Version 1 (1985-2019),1997,,2.666666746,,F,Free (free for publication),2,Two,A,Normal value,0,Units
DATAFLOW,OECD.ELS.JAI:DSD_EPL@DF_EPL(1.0),Strictness of employment protection,I,A,Annual,BEL,Belgium,EPL_OV,Individual and collective dismissals (regular contracts),0_TO_6,0-6 scale,VERSION1,Version 1 (1985-2019),1997,,1.638888955,,F,Free (free for publication),2,Two,A,Normal value,0,Units
DATAFLOW,OECD.ELS.JAI:DSD_EPL@DF_EPL(1.0),Strictness of employment protection,I,A,Annual,CAN,Canada,EPL_OV,Individual and collective dismissals (regular contracts),0_TO_6,0-6 scale,VERSION1,Version 1 (1985-2019),1997,,0.587301612,,F,Free (free for publication),2,Two,A,Normal value,0,Units
DATAFLOW,OECD.ELS.JAI:DSD_EPL@DF_EPL(1.0),Strictness of employment protection,I,A,Annual,CZE,Czechia,EPL_OV,Individual and collective dismissals (regular contracts),0_TO_6,0-6 scale,VERSION1,Version 1 (1985-2019),1997,,3.638888836,,F,Free (free for publication),2,Two,A,Normal value,0,Units
DATAFLOW,OECD.ELS.JAI:DSD_EPL@DF_EPL(1.0),Strictness of employment protection,I,A,Annual,DNK,Denmark,EPL_OV,Individual and collective dismissals (regular contracts),0_TO_6,0-6 scale,VERSION1,Version 1 (1985-2019),1997,,1.46825397,,F,Free (free for publication),2,Two,A,Normal value,0,Units
DATAFLOW,OECD.ELS.JAI:DSD_EPL@DF_EPL(1.0),Strictness of employment protection,I,A,Annual,FIN,Finland,EPL_OV,Individual and collective dismissals (regular contracts),0_TO_6,0-6 scale,VERSION1,Version 1 (1985-2019),1997,,2.226190567,,F,Free (free for publication),2,Two,A,Normal value,0,Units
DATAFLOW,OECD.ELS.JAI:DSD_EPL@DF_EPL(1.0),Strictness of employment protection,I,A,Annual,FRA,France,EPL_OV,Individual and collective dismissals (regular contracts),0_TO_6,0-6 scale,VERSION1,Version 1 (1985-2019),1997,,2.515872955,,F,Free (free for publication),2,Two,A,Normal value,0,Units
DATAFLOW,OECD.ELS.JAI:DSD_EPL@DF_EPL(1.0),Strictness of employment protection,I,A,Annual,DEU,Germany,EPL_OV,Individual and collective dismissals (regular contracts),0_TO_6,0-6 scale,VERSION1,Version 1 (1985-2019),1997,,2.595238209,,F,Free (free for publication),2,Two,A,Normal value,0,Units
DATAFLOW,OECD.ELS.JAI:DSD_EPL@DF_EPL(1.0),Strictness of employment protection,I,A,Annual,GRC,Greece,EPL_OV,Individual and collective dismissals (regular contracts),0_TO_6,0-6 scale,VERSION1,Version 1 (1985-2019),1997,,3.134920597,,F,Free (free for publication),2,Two,A,Normal value,0,Units
DATAFLOW,OECD.ELS.JAI:DSD_EPL@DF_EPL(1.0),Strictness of employment protection,I,A,Annual,HUN,Hungary,EPL_OV,Individual and collective dismissals (regular contracts),0_TO_6,0-6 scale,VERSION1,Version 1 (1985-2019),1997,,2.003968239,,F,Free (free for publication),2,Two,A,Normal value,0,Units
DATAFLOW,OECD.ELS.JAI:DSD_EPL@DF_EPL(1.0),Strictness of employment protection,I,A,Annual,IRL,Ireland,EPL_OV,Individual and collective dismissals (regular contracts),0_TO_6,0-6 scale,VERSION1,Version 1 (1985-2019),1997,,1.269841313,,F,Free (free for publication),2,Two,A,Normal value,0,Units
DATAFLOW,OECD.ELS.JAI:DSD_EPL@DF_EPL(1.0),Strictness of employment protection,I,A,Annual,ITA,Italy,EPL_OV,Individual and collective dismissals (regular contracts),0_TO_6,0-6 scale,VERSION1,Version 1 (1985-2019),1997,,3.015872955,,F,Free (free for publication),2,Two,A,Normal value,0,Units
DATAFLOW,OECD.ELS.JAI:DSD_EPL@DF_EPL(1.0),Strictness of employment protection,I,A,Annual,JPN,Japan,EPL_OV,Individual and collective dismissals (regular contracts),0_TO_6,0-6 scale,VERSION1,Version 1 (1985-2019),1997,,1.702380896,,F,Free (free for publication),2,Two,A,Normal value,0,Units
DATAFLOW,OECD.ELS.JAI:DSD_EPL@DF_EPL(1.0),Strictness of employment protection,I,A,Annual,KOR,Korea,EPL_OV,Individual and collective dismissals (regular contracts),0_TO_6,0-6 scale,VERSION1,Version 1 (1985-2019),1997,,3.083333254,,F,Free (free for publication),2,Two,A,Normal value,0,Units
DATAFLOW,OECD.ELS.JAI:DSD_EPL@DF_EPL(1.0),Strictness of employment protection,I,A,Annual,MEX,Mexico,EPL_OV,Individual and collective dismissals (regular contracts),0_TO_6,0-6 scale,VERSION1,Version 1 (1985-2019),1997,,2.321428537,,F,Free (free for publication),2,Two,A,Normal value,0,Units
DATAFLOW,OECD.ELS.JAI:DSD_EPL@DF_EPL(1.0),Strictness of employment protection,I,A,Annual,NLD,Netherlands,EPL_OV,Individual and collective dismissals (regular contracts),0_TO_6,0-6 scale,VERSION1,Version 1 (1985-2019),1997,,3.253968239,,F,Free (free for publication),2,Two,A,Normal value,0,Units
DATAFLOW,OECD.ELS.JAI:DSD_EPL@DF_EPL(1.0),Strictness of employment protection,I,A,Annual,NZL,New Zealand,EPL_OV,Individual and collective dismissals (regular contracts),0_TO_6,0-6 scale,VERSION1,Version 1 (1985-2019),1997,,1.492857099,,F,Free (free for publication),2,Two,A,Normal value,0,Units
DATAFLOW,OECD.ELS.JAI:DSD_EPL@DF_EPL(1.0),Strictness of employment protection,I,A,Annual,NOR,Norway,EPL_OV,Individual and collective dismissals (regular contracts),0_TO_6,0-6 scale,VERSION1,Version 1 (1985-2019),1997,,2.333333254,,F,Free (free for publication),2,Two,A,Normal value,0,Units
DATAFLOW,OECD.ELS.JAI:DSD_EPL@DF_EPL(1.0),Strictness of employment protection,I,A,Annual,POL,Poland,EPL_OV,Individual and collective dismissals (regular contracts),0_TO_6,0-6 scale,VERSION1,Version 1 (1985-2019),1997,,2.325396776,,F,Free (free for publication),2,Two,A,Normal value,0,Units
DATAFLOW,OECD.ELS.JAI:DSD_EPL@DF_EPL(1.0),Strictness of employment protection,I,A,Annual,PRT,Portugal,EPL_OV,Individual and collective dismissals (regular contracts),0_TO_6,0-6 scale,VERSION1,Version 1 (1985-2019),1997,,4.583333492,,F,Free (free for publication),2,Two,A,Normal value,0,Units
DATAFLOW,OECD.ELS.JAI:DSD_EPL@DF_EPL(1.0),Strictness of employment protection,I,A,Annual,SVK,Slovak Republic,EPL_OV,Individual and collective dismissals (regular contracts),0_TO_6,0-6 scale,VERSION1,Version 1 (1985-2019),1997,,3.138888836,,F,Free (free for publication),2,Two,A,Normal value,0,Units
DATAFLOW,OECD.ELS.JAI:DSD_EPL@DF_EPL(1.0),Strictness of employment protection,I,A,Annual,ESP,Spain,EPL_OV,Individual and collective dismissals (regular contracts),0_TO_6,0-6 scale,VERSION1,Version 1 (1985-2019),1997,,2.357142925,,F,Free (free for publication),2,Two,A,Normal value,0,Units
DATAFLOW,OECD.ELS.JAI:DSD_EPL@DF_EPL(1.0),Strictness of employment protection,I,A,Annual,SWE,Sweden,EPL_OV,Individual and collective dismissals (regular contracts),0_TO_6,0-6 scale,VERSION1,Version 1 (1985-2019),1997,,2.541666746,,F,Free (free for publication),2,Two,A,Normal value,0,Units
DATAFLOW,OECD.ELS.JAI:DSD_EPL@DF_EPL(1.0),Strictness of employment protection,I,A,Annual,CHE,Switzerland,EPL_OV,Individual and collective dismissals (regular contracts),0_TO_6,0-6 scale,VERSION1,Version 1 (1985-2019),1997,,1.428571463,,F,Free (free for publication),2,Two,A,Normal value,0,Units
DATAFLOW,OECD.ELS.JAI:DSD_EPL@DF_EPL(1.0),Strictness of employment protection,I,A,Annual,TUR,Türkiye,EPL_OV,Individual and collective dismissals (regular contracts),0_TO_6,0-6 scale,VERSION1,Version 1 (1985-2019),1997,,3.059523821,,F,Free (free for publication),2,Two,A,Normal value,0,Units
DATAFLOW,OECD.ELS.JAI:DSD_EPL@DF_EPL(1.0),Strictness of employment protection,I,A,Annual,GBR,United Kingdom,EPL_OV,Individual and collective dismissals (regular contracts),0_TO_6,0-6 scale,VERSION1,Version 1 (1985-2019),1997,,1.34523809,,F,Free (free for publication),2,Two,A,Normal value,0,Units
DATAFLOW,OECD.ELS.JAI:DSD_EPL@DF_EPL(1.0),Strictness of employment protection,I,A,Annual,USA,United States,EPL_OV,Individual and collective dismissals (regular contracts),0_TO_6,0-6 scale,VERSION1,Version 1 (1985-2019),1997,,0.093333334,,F,Free (free for publication),2,Two,A,Normal value,0,Units
DATAFLOW,OECD.ELS.JAI:DSD_EPL@DF_EPL(1.0),Strictness of employment protection,I,A,Annual,AUS,Australia,EPL_OV,Individual and collective dismissals (regular contracts),0_TO_6,0-6 scale,VERSION1,Version 1 (1985-2019),1998,,1.416666627,,F,Free (free for publication),2,Two,A,Normal value,0,Units
DATAFLOW,OECD.ELS.JAI:DSD_EPL@DF_EPL(1.0),Strictness of employment protection,I,A,Annual,AUT,Austria,EPL_OV,Individual and collective dismissals (regular contracts),0_TO_6,0-6 scale,VERSION1,Version 1 (1985-2019),1998,,2.666666746,,F,Free (free for publication),2,Two,A,Normal value,0,Units
DATAFLOW,OECD.ELS.JAI:DSD_EPL@DF_EPL(1.0),Strictness of employment protection,I,A,Annual,BEL,Belgium,EPL_OV,Individual and collective dismissals (regular contracts),0_TO_6,0-6 scale,VERSION1,Version 1 (1985-2019),1998,,1.638888955,,F,Free (free for publication),2,Two,A,Normal value,0,Units
DATAFLOW,OECD.ELS.JAI:DSD_EPL@DF_EPL(1.0),Strictness of employment protection,I,A,Annual,CAN,Canada,EPL_OV,Individual and collective dismissals (regular contracts),0_TO_6,0-6 scale,VERSION1,Version 1 (1985-2019),1998,,0.587301612,,F,Free (free for publication),2,Two,A,Normal value,0,Units
DATAFLOW,OECD.ELS.JAI:DSD_EPL@DF_EPL(1.0),Strictness of employment protection,I,A,Annual,CZE,Czechia,EPL_OV,Individual and collective dismissals (regular contracts),0_TO_6,0-6 scale,VERSION1,Version 1 (1985-2019),1998,,3.638888836,,F,Free (free for publication),2,Two,A,Normal value,0,Units
DATAFLOW,OECD.ELS.JAI:DSD_EPL@DF_EPL(1.0),Strictness of employment protection,I,A,Annual,DNK,Denmark,EPL_OV,Individual and collective dismissals (regular contracts),0_TO_6,0-6 scale,VERSION1,Version 1 (1985-2019),1998,,1.46825397,,F,Free (free for publication),2,Two,A,Normal value,0,Units
DATAFLOW,OECD.ELS.JAI:DSD_EPL@DF_EPL(1.0),Strictness of employment protection,I,A,Annual,FIN,Finland,EPL_OV,Individual and collective dismissals (regular contracts),0_TO_6,0-6 scale,VERSION1,Version 1 (1985-2019),1998,,2.226190567,,F,Free (free for publication),2,Two,A,Normal value,0,Units
DATAFLOW,OECD.ELS.JAI:DSD_EPL@DF_EPL(1.0),Strictness of employment protection,I,A,Annual,FRA,France,EPL_OV,Individual and collective dismissals (regular contracts),0_TO_6,0-6 scale,VERSION1,Version 1 (1985-2019),1998,,2.515872955,,F,Free (free for publication),2,Two,A,Normal value,0,Units
DATAFLOW,OECD.ELS.JAI:DSD_EPL@DF_EPL(1.0),Strictness of employment protection,I,A,Annual,DEU,Germany,EPL_OV,Individual and collective dismissals (regular contracts),0_TO_6,0-6 scale,VERSION1,Version 1 (1985-2019),1998,,2.595238209,,F,Free (free for publication),2,Two,A,Normal value,0,Units
DATAFLOW,OECD.ELS.JAI:DSD_EPL@DF_EPL(1.0),Strictness of employment protection,I,A,Annual,GRC,Greece,EPL_OV,Individual and collective dismissals (regular contracts),0_TO_6,0-6 scale,VERSION1,Version 1 (1985-2019),1998,,3.134920597,,F,Free (free for publication),2,Two,A,Normal value,0,Units
DATAFLOW,OECD.ELS.JAI:DSD_EPL@DF_EPL(1.0),Strictness of employment protection,I,A,Annual,HUN,Hungary,EPL_OV,Individual and collective dismissals (regular contracts),0_TO_6,0-6 scale,VERSION1,Version 1 (1985-2019),1998,,2.003968239,,F,Free (free for publication),2,Two,A,Normal value,0,Units
DATAFLOW,OECD.ELS.JAI:DSD_EPL@DF_EPL(1.0),Strictness of employment protection,I,A,Annual,IRL,Ireland,EPL_OV,Individual and collective dismissals (regular contracts),0_TO_6,0-6 scale,VERSION1,Version 1 (1985-2019),1998,,1.269841313,,F,Free (free for publication),2,Two,A,Normal value,0,Units
DATAFLOW,OECD.ELS.JAI:DSD_EPL@DF_EPL(1.0),Strictness of employment protection,I,A,Annual,ITA,Italy,EPL_OV,Individual and collective dismissals (regular contracts),0_TO_6,0-6 scale,VERSION1,Version 1 (1985-2019),1998,,3.015872955,,F,Free (free for publication),2,Two,A,Normal value,0,Units
DATAFLOW,OECD.ELS.JAI:DSD_EPL@DF_EPL(1.0),Strictness of employment protection,I,A,Annual,JPN,Japan,EPL_OV,Individual and collective dismissals (regular contracts),0_TO_6,0-6 scale,VERSION1,Version 1 (1985-2019),1998,,1.702380896,,F,Free (free for publication),2,Two,A,Normal value,0,Units
DATAFLOW,OECD.ELS.JAI:DSD_EPL@DF_EPL(1.0),Strictness of employment protection,I,A,Annual,KOR,Korea,EPL_OV,Individual and collective dismissals (regular contracts),0_TO_6,0-6 scale,VERSION1,Version 1 (1985-2019),1998,,2.416666746,,F,Free (free for publication),2,Two,A,Normal value,0,Units
DATAFLOW,OECD.ELS.JAI:DSD_EPL@DF_EPL(1.0),Strictness of employment protection,I,A,Annual,MEX,Mexico,EPL_OV,Individual and collective dismissals (regular contracts),0_TO_6,0-6 scale,VERSION1,Version 1 (1985-2019),1998,,2.321428537,,F,Free (free for publication),2,Two,A,Normal value,0,Units
DATAFLOW,OECD.ELS.JAI:DSD_EPL@DF_EPL(1.0),Strictness of employment protection,I,A,Annual,NLD,Netherlands,EPL_OV,Individual and collective dismissals (regular contracts),0_TO_6,0-6 scale,VERSION1,Version 1 (1985-2019),1998,,3.253968239,,F,Free (free for publication),2,Two,A,Normal value,0,Units
DATAFLOW,OECD.ELS.JAI:DSD_EPL@DF_EPL(1.0),Strictness of employment protection,I,A,Annual,NZL,New Zealand,EPL_OV,Individual and collective dismissals (regular contracts),0_TO_6,0-6 scale,VERSION1,Version 1 (1985-2019),1998,,1.492857099,,F,Free (free for publication),2,Two,A,Normal value,0,Units
DATAFLOW,OECD.ELS.JAI:DSD_EPL@DF_EPL(1.0),Strictness of employment protection,I,A,Annual,NOR,Norway,EPL_OV,Individual and collective dismissals (regular contracts),0_TO_6,0-6 scale,VERSION1,Version 1 (1985-2019),1998,,2.333333254,,F,Free (free for publication),2,Two,A,Normal value,0,Units
DATAFLOW,OECD.ELS.JAI:DSD_EPL@DF_EPL(1.0),Strictness of employment protection,I,A,Annual,POL,Poland,EPL_OV,Individual and collective dismissals (regular contracts),0_TO_6,0-6 scale,VERSION1,Version 1 (1985-2019),1998,,2.325396776,,F,Free (free for publication),2,Two,A,Normal value,0,Units
DATAFLOW,OECD.ELS.JAI:DSD_EPL@DF_EPL(1.0),Strictness of employment protection,I,A,Annual,PRT,Portugal,EPL_OV,Individual and collective dismissals (regular contracts),0_TO_6,0-6 scale,VERSION1,Version 1 (1985-2019),1998,,4.583333492,,F,Free (free for publication),2,Two,A,Normal value,0,Units
DATAFLOW,OECD.ELS.JAI:DSD_EPL@DF_EPL(1.0),Strictness of employment protection,I,A,Annual,SVK,Slovak Republic,EPL_OV,Individual and collective dismissals (regular contracts),0_TO_6,0-6 scale,VERSION1,Version 1 (1985-2019),1998,,3.138888836,,F,Free (free for publication),2,Two,A,Normal value,0,Units
DATAFLOW,OECD.ELS.JAI:DSD_EPL@DF_EPL(1.0),Strictness of employment protection,I,A,Annual,ESP,Spain,EPL_OV,Individual and collective dismissals (regular contracts),0_TO_6,0-6 scale,VERSION1,Version 1 (1985-2019),1998,,2.357142925,,F,Free (free for publication),2,Two,A,Normal value,0,Units
DATAFLOW,OECD.ELS.JAI:DSD_EPL@DF_EPL(1.0),Strictness of employment protection,I,A,Annual,SWE,Sweden,EPL_OV,Individual and collective dismissals (regular contracts),0_TO_6,0-6 scale,VERSION1,Version 1 (1985-2019),1998,,2.541666746,,F,Free (free for publication),2,Two,A,Normal value,0,Units
DATAFLOW,OECD.ELS.JAI:DSD_EPL@DF_EPL(1.0),Strictness of employment protection,I,A,Annual,CHE,Switzerland,EPL_OV,Individual and collective dismissals (regular contracts),0_TO_6,0-6 scale,VERSION1,Version 1 (1985-2019),1998,,1.428571463,,F,Free (free for publication),2,Two,A,Normal value,0,Units
DATAFLOW,OECD.ELS.JAI:DSD_EPL@DF_EPL(1.0),Strictness of employment protection,I,A,Annual,TUR,Türkiye,EPL_OV,Individual and collective dismissals (regular contracts),0_TO_6,0-6 scale,VERSION1,Version 1 (1985-2019),1998,,3.059523821,,F,Free (free for publication),2,Two,A,Normal value,0,Units
DATAFLOW,OECD.ELS.JAI:DSD_EPL@DF_EPL(1.0),Strictness of employment protection,I,A,Annual,GBR,United Kingdom,EPL_OV,Individual and collective dismissals (regular contracts),0_TO_6,0-6 scale,VERSION1,Version 1 (1985-2019),1998,,1.34523809,,F,Free (free for publication),2,Two,A,Normal value,0,Units
DATAFLOW,OECD.ELS.JAI:DSD_EPL@DF_EPL(1.0),Strictness of employment protection,I,A,Annual,USA,United States,EPL_OV,Individual and collective dismissals (regular contracts),0_TO_6,0-6 scale,VERSION1,Version 1 (1985-2019),1998,,0.093333334,,F,Free (free for publication),2,Two,A,Normal value,0,Units
DATAFLOW,OECD.ELS.JAI:DSD_EPL@DF_EPL(1.0),Strictness of employment protection,I,A,Annual,AUS,Australia,EPL_OV,Individual and collective dismissals (regular contracts),0_TO_6,0-6 scale,VERSION1,Version 1 (1985-2019),1999,,1.416666627,,F,Free (free for publication),2,Two,A,Normal value,0,Units
DATAFLOW,OECD.ELS.JAI:DSD_EPL@DF_EPL(1.0),Strictness of employment protection,I,A,Annual,AUT,Austria,EPL_OV,Individual and collective dismissals (regular contracts),0_TO_6,0-6 scale,VERSION1,Version 1 (1985-2019),1999,,2.666666746,,F,Free (free for publication),2,Two,A,Normal value,0,Units
DATAFLOW,OECD.ELS.JAI:DSD_EPL@DF_EPL(1.0),Strictness of employment protection,I,A,Annual,BEL,Belgium,EPL_OV,Individual and collective dismissals (regular contracts),0_TO_6,0-6 scale,VERSION1,Version 1 (1985-2019),1999,,1.638888955,,F,Free (free for publication),2,Two,A,Normal value,0,Units
DATAFLOW,OECD.ELS.JAI:DSD_EPL@DF_EPL(1.0),Strictness of employment protection,I,A,Annual,CAN,Canada,EPL_OV,Individual and collective dismissals (regular contracts),0_TO_6,0-6 scale,VERSION1,Version 1 (1985-2019),1999,,0.587301612,,F,Free (free for publication),2,Two,A,Normal value,0,Units
DATAFLOW,OECD.ELS.JAI:DSD_EPL@DF_EPL(1.0),Strictness of employment protection,I,A,Annual,CZE,Czechia,EPL_OV,Individual and collective dismissals (regular contracts),0_TO_6,0-6 scale,VERSION1,Version 1 (1985-2019),1999,,3.638888836,,F,Free (free for publication),2,Two,A,Normal value,0,Units
DATAFLOW,OECD.ELS.JAI:DSD_EPL@DF_EPL(1.0),Strictness of employment protection,I,A,Annual,DNK,Denmark,EPL_OV,Individual and collective dismissals (regular contracts),0_TO_6,0-6 scale,VERSION1,Version 1 (1985-2019),1999,,1.46825397,,F,Free (free for publication),2,Two,A,Normal value,0,Units
DATAFLOW,OECD.ELS.JAI:DSD_EPL@DF_EPL(1.0),Strictness of employment protection,I,A,Annual,FIN,Finland,EPL_OV,Individual and collective dismissals (regular contracts),0_TO_6,0-6 scale,VERSION1,Version 1 (1985-2019),1999,,2.226190567,,F,Free (free for publication),2,Two,A,Normal value,0,Units
DATAFLOW,OECD.ELS.JAI:DSD_EPL@DF_EPL(1.0),Strictness of employment protection,I,A,Annual,FRA,France,EPL_OV,Individual and collective dismissals (regular contracts),0_TO_6,0-6 scale,VERSION1,Version 1 (1985-2019),1999,,2.579365015,,F,Free (free for publication),2,Two,A,Normal value,0,Units
DATAFLOW,OECD.ELS.JAI:DSD_EPL@DF_EPL(1.0),Strictness of employment protection,I,A,Annual,DEU,Germany,EPL_OV,Individual and collective dismissals (regular contracts),0_TO_6,0-6 scale,VERSION1,Version 1 (1985-2019),1999,,2.595238209,,F,Free (free for publication),2,Two,A,Normal value,0,Units
DATAFLOW,OECD.ELS.JAI:DSD_EPL@DF_EPL(1.0),Strictness of employment protection,I,A,Annual,GRC,Greece,EPL_OV,Individual and collective dismissals (regular contracts),0_TO_6,0-6 scale,VERSION1,Version 1 (1985-2019),1999,,3.134920597,,F,Free (free for publication),2,Two,A,Normal value,0,Units
DATAFLOW,OECD.ELS.JAI:DSD_EPL@DF_EPL(1.0),Strictness of employment protection,I,A,Annual,HUN,Hungary,EPL_OV,Individual and collective dismissals (regular contracts),0_TO_6,0-6 scale,VERSION1,Version 1 (1985-2019),1999,,2.003968239,,F,Free (free for publication),2,Two,A,Normal value,0,Units
DATAFLOW,OECD.ELS.JAI:DSD_EPL@DF_EPL(1.0),Strictness of employment protection,I,A,Annual,IRL,Ireland,EPL_OV,Individual and collective dismissals (regular contracts),0_TO_6,0-6 scale,VERSION1,Version 1 (1985-2019),1999,,1.269841313,,F,Free (free for publication),2,Two,A,Normal value,0,Units
DATAFLOW,OECD.ELS.JAI:DSD_EPL@DF_EPL(1.0),Strictness of employment protection,I,A,Annual,ITA,Italy,EPL_OV,Individual and collective dismissals (regular contracts),0_TO_6,0-6 scale,VERSION1,Version 1 (1985-2019),1999,,3.015872955,,F,Free (free for publication),2,Two,A,Normal value,0,Units
DATAFLOW,OECD.ELS.JAI:DSD_EPL@DF_EPL(1.0),Strictness of employment protection,I,A,Annual,JPN,Japan,EPL_OV,Individual and collective dismissals (regular contracts),0_TO_6,0-6 scale,VERSION1,Version 1 (1985-2019),1999,,1.702380896,,F,Free (free for publication),2,Two,A,Normal value,0,Units
DATAFLOW,OECD.ELS.JAI:DSD_EPL@DF_EPL(1.0),Strictness of employment protection,I,A,Annual,KOR,Korea,EPL_OV,Individual and collective dismissals (regular contracts),0_TO_6,0-6 scale,VERSION1,Version 1 (1985-2019),1999,,2.416666746,,F,Free (free for publication),2,Two,A,Normal value,0,Units
DATAFLOW,OECD.ELS.JAI:DSD_EPL@DF_EPL(1.0),Strictness of employment protection,I,A,Annual,MEX,Mexico,EPL_OV,Individual and collective dismissals (regular contracts),0_TO_6,0-6 scale,VERSION1,Version 1 (1985-2019),1999,,2.321428537,,F,Free (free for publication),2,Two,A,Normal value,0,Units
DATAFLOW,OECD.ELS.JAI:DSD_EPL@DF_EPL(1.0),Strictness of employment protection,I,A,Annual,NLD,Netherlands,EPL_OV,Individual and collective dismissals (regular contracts),0_TO_6,0-6 scale,VERSION1,Version 1 (1985-2019),1999,,3.301587343,,F,Free (free for publication),2,Two,A,Normal value,0,Units
DATAFLOW,OECD.ELS.JAI:DSD_EPL@DF_EPL(1.0),Strictness of employment protection,I,A,Annual,NZL,New Zealand,EPL_OV,Individual and collective dismissals (regular contracts),0_TO_6,0-6 scale,VERSION1,Version 1 (1985-2019),1999,,1.492857099,,F,Free (free for publication),2,Two,A,Normal value,0,Units
DATAFLOW,OECD.ELS.JAI:DSD_EPL@DF_EPL(1.0),Strictness of employment protection,I,A,Annual,NOR,Norway,EPL_OV,Individual and collective dismissals (regular contracts),0_TO_6,0-6 scale,VERSION1,Version 1 (1985-2019),1999,,2.333333254,,F,Free (free for publication),2,Two,A,Normal value,0,Units
DATAFLOW,OECD.ELS.JAI:DSD_EPL@DF_EPL(1.0),Strictness of employment protection,I,A,Annual,POL,Poland,EPL_OV,Individual and collective dismissals (regular contracts),0_TO_6,0-6 scale,VERSION1,Version 1 (1985-2019),1999,,2.325396776,,F,Free (free for publication),2,Two,A,Normal value,0,Units
DATAFLOW,OECD.ELS.JAI:DSD_EPL@DF_EPL(1.0),Strictness of employment protection,I,A,Annual,PRT,Portugal,EPL_OV,Individual and collective dismissals (regular contracts),0_TO_6,0-6 scale,VERSION1,Version 1 (1985-2019),1999,,4.583333492,,F,Free (free for publication),2,Two,A,Normal value,0,Units
DATAFLOW,OECD.ELS.JAI:DSD_EPL@DF_EPL(1.0),Strictness of employment protection,I,A,Annual,SVK,Slovak Republic,EPL_OV,Individual and collective dismissals (regular contracts),0_TO_6,0-6 scale,VERSION1,Version 1 (1985-2019),1999,,3.138888836,,F,Free (free for publication),2,Two,A,Normal value,0,Units
DATAFLOW,OECD.ELS.JAI:DSD_EPL@DF_EPL(1.0),Strictness of employment protection,I,A,Annual,ESP,Spain,EPL_OV,Individual and collective dismissals (regular contracts),0_TO_6,0-6 scale,VERSION1,Version 1 (1985-2019),1999,,2.357142925,,F,Free (free for publication),2,Two,A,Normal value,0,Units
DATAFLOW,OECD.ELS.JAI:DSD_EPL@DF_EPL(1.0),Strictness of employment protection,I,A,Annual,SWE,Sweden,EPL_OV,Individual and collective dismissals (regular contracts),0_TO_6,0-6 scale,VERSION1,Version 1 (1985-2019),1999,,2.494047642,,F,Free (free for publication),2,Two,A,Normal value,0,Units
DATAFLOW,OECD.ELS.JAI:DSD_EPL@DF_EPL(1.0),Strictness of employment protection,I,A,Annual,CHE,Switzerland,EPL_OV,Individual and collective dismissals (regular contracts),0_TO_6,0-6 scale,VERSION1,Version 1 (1985-2019),1999,,1.428571463,,F,Free (free for publication),2,Two,A,Normal value,0,Units
DATAFLOW,OECD.ELS.JAI:DSD_EPL@DF_EPL(1.0),Strictness of employment protection,I,A,Annual,TUR,Türkiye,EPL_OV,Individual and collective dismissals (regular contracts),0_TO_6,0-6 scale,VERSION1,Version 1 (1985-2019),1999,,3.059523821,,F,Free (free for publication),2,Two,A,Normal value,0,Units
DATAFLOW,OECD.ELS.JAI:DSD_EPL@DF_EPL(1.0),Strictness of employment protection,I,A,Annual,GBR,United Kingdom,EPL_OV,Individual and collective dismissals (regular contracts),0_TO_6,0-6 scale,VERSION1,Version 1 (1985-2019),1999,,1.34523809,,F,Free (free for publication),2,Two,A,Normal value,0,Units
DATAFLOW,OECD.ELS.JAI:DSD_EPL@DF_EPL(1.0),Strictness of employment protection,I,A,Annual,USA,United States,EPL_OV,Individual and collective dismissals (regular contracts),0_TO_6,0-6 scale,VERSION1,Version 1 (1985-2019),1999,,0.093333334,,F,Free (free for publication),2,Two,A,Normal value,0,Units
DATAFLOW,OECD.ELS.JAI:DSD_EPL@DF_EPL(1.0),Strictness of employment protection,I,A,Annual,AUS,Australia,EPL_OV,Individual and collective dismissals (regular contracts),0_TO_6,0-6 scale,VERSION1,Version 1 (1985-2019),2000,,1.416666627,,F,Free (free for publication),2,Two,A,Normal value,0,Units
DATAFLOW,OECD.ELS.JAI:DSD_EPL@DF_EPL(1.0),Strictness of employment protection,I,A,Annual,AUT,Austria,EPL_OV,Individual and collective dismissals (regular contracts),0_TO_6,0-6 scale,VERSION1,Version 1 (1985-2019),2000,,2.666666746,,F,Free (free for publication),2,Two,A,Normal value,0,Units
DATAFLOW,OECD.ELS.JAI:DSD_EPL@DF_EPL(1.0),Strictness of employment protection,I,A,Annual,BEL,Belgium,EPL_OV,Individual and collective dismissals (regular contracts),0_TO_6,0-6 scale,VERSION1,Version 1 (1985-2019),2000,,1.638888955,,F,Free (free for publication),2,Two,A,Normal value,0,Units
DATAFLOW,OECD.ELS.JAI:DSD_EPL@DF_EPL(1.0),Strictness of employment protection,I,A,Annual,CAN,Canada,EPL_OV,Individual and collective dismissals (regular contracts),0_TO_6,0-6 scale,VERSION1,Version 1 (1985-2019),2000,,0.587301612,,F,Free (free for publication),2,Two,A,Normal value,0,Units
DATAFLOW,OECD.ELS.JAI:DSD_EPL@DF_EPL(1.0),Strictness of employment protection,I,A,Annual,CZE,Czechia,EPL_OV,Individual and collective dismissals (regular contracts),0_TO_6,0-6 scale,VERSION1,Version 1 (1985-2019),2000,,3.638888836,,F,Free (free for publication),2,Two,A,Normal value,0,Units
DATAFLOW,OECD.ELS.JAI:DSD_EPL@DF_EPL(1.0),Strictness of employment protection,I,A,Annual,DNK,Denmark,EPL_OV,Individual and collective dismissals (regular contracts),0_TO_6,0-6 scale,VERSION1,Version 1 (1985-2019),2000,,1.46825397,,F,Free (free for publication),2,Two,A,Normal value,0,Units
DATAFLOW,OECD.ELS.JAI:DSD_EPL@DF_EPL(1.0),Strictness of employment protection,I,A,Annual,FIN,Finland,EPL_OV,Individual and collective dismissals (regular contracts),0_TO_6,0-6 scale,VERSION1,Version 1 (1985-2019),2000,,2.226190567,,F,Free (free for publication),2,Two,A,Normal value,0,Units
DATAFLOW,OECD.ELS.JAI:DSD_EPL@DF_EPL(1.0),Strictness of employment protection,I,A,Annual,FRA,France,EPL_OV,Individual and collective dismissals (regular contracts),0_TO_6,0-6 scale,VERSION1,Version 1 (1985-2019),2000,,2.579365015,,F,Free (free for publication),2,Two,A,Normal value,0,Units
DATAFLOW,OECD.ELS.JAI:DSD_EPL@DF_EPL(1.0),Strictness of employment protection,I,A,Annual,DEU,Germany,EPL_OV,Individual and collective dismissals (regular contracts),0_TO_6,0-6 scale,VERSION1,Version 1 (1985-2019),2000,,2.595238209,,F,Free (free for publication),2,Two,A,Normal value,0,Units
DATAFLOW,OECD.ELS.JAI:DSD_EPL@DF_EPL(1.0),Strictness of employment protection,I,A,Annual,GRC,Greece,EPL_OV,Individual and collective dismissals (regular contracts),0_TO_6,0-6 scale,VERSION1,Version 1 (1985-2019),2000,,3.134920597,,F,Free (free for publication),2,Two,A,Normal value,0,Units
DATAFLOW,OECD.ELS.JAI:DSD_EPL@DF_EPL(1.0),Strictness of employment protection,I,A,Annual,HUN,Hungary,EPL_OV,Individual and collective dismissals (regular contracts),0_TO_6,0-6 scale,VERSION1,Version 1 (1985-2019),2000,,2.003968239,,F,Free (free for publication),2,Two,A,Normal value,0,Units
DATAFLOW,OECD.ELS.JAI:DSD_EPL@DF_EPL(1.0),Strictness of employment protection,I,A,Annual,IRL,Ireland,EPL_OV,Individual and collective dismissals (regular contracts),0_TO_6,0-6 scale,VERSION1,Version 1 (1985-2019),2000,,1.269841313,,F,Free (free for publication),2,Two,A,Normal value,0,Units
DATAFLOW,OECD.ELS.JAI:DSD_EPL@DF_EPL(1.0),Strictness of employment protection,I,A,Annual,ITA,Italy,EPL_OV,Individual and collective dismissals (regular contracts),0_TO_6,0-6 scale,VERSION1,Version 1 (1985-2019),2000,,3.015872955,,F,Free (free for publication),2,Two,A,Normal value,0,Units
DATAFLOW,OECD.ELS.JAI:DSD_EPL@DF_EPL(1.0),Strictness of employment protection,I,A,Annual,JPN,Japan,EPL_OV,Individual and collective dismissals (regular contracts),0_TO_6,0-6 scale,VERSION1,Version 1 (1985-2019),2000,,1.702380896,,F,Free (free for publication),2,Two,A,Normal value,0,Units
DATAFLOW,OECD.ELS.JAI:DSD_EPL@DF_EPL(1.0),Strictness of employment protection,I,A,Annual,KOR,Korea,EPL_OV,Individual and collective dismissals (regular contracts),0_TO_6,0-6 scale,VERSION1,Version 1 (1985-2019),2000,,2.416666746,,F,Free (free for publication),2,Two,A,Normal value,0,Units
DATAFLOW,OECD.ELS.JAI:DSD_EPL@DF_EPL(1.0),Strictness of employment protection,I,A,Annual,MEX,Mexico,EPL_OV,Individual and collective dismissals (regular contracts),0_TO_6,0-6 scale,VERSION1,Version 1 (1985-2019),2000,,2.321428537,,F,Free (free for publication),2,Two,A,Normal value,0,Units
DATAFLOW,OECD.ELS.JAI:DSD_EPL@DF_EPL(1.0),Strictness of employment protection,I,A,Annual,NLD,Netherlands,EPL_OV,Individual and collective dismissals (regular contracts),0_TO_6,0-6 scale,VERSION1,Version 1 (1985-2019),2000,,3.301587343,,F,Free (free for publication),2,Two,A,Normal value,0,Units
DATAFLOW,OECD.ELS.JAI:DSD_EPL@DF_EPL(1.0),Strictness of employment protection,I,A,Annual,NZL,New Zealand,EPL_OV,Individual and collective dismissals (regular contracts),0_TO_6,0-6 scale,VERSION1,Version 1 (1985-2019),2000,,1.492857099,,F,Free (free for publication),2,Two,A,Normal value,0,Units
DATAFLOW,OECD.ELS.JAI:DSD_EPL@DF_EPL(1.0),Strictness of employment protection,I,A,Annual,NOR,Norway,EPL_OV,Individual and collective dismissals (regular contracts),0_TO_6,0-6 scale,VERSION1,Version 1 (1985-2019),2000,,2.333333254,,F,Free (free for publication),2,Two,A,Normal value,0,Units
DATAFLOW,OECD.ELS.JAI:DSD_EPL@DF_EPL(1.0),Strictness of employment protection,I,A,Annual,POL,Poland,EPL_OV,Individual and collective dismissals (regular contracts),0_TO_6,0-6 scale,VERSION1,Version 1 (1985-2019),2000,,2.325396776,,F,Free (free for publication),2,Two,A,Normal value,0,Units
DATAFLOW,OECD.ELS.JAI:DSD_EPL@DF_EPL(1.0),Strictness of employment protection,I,A,Annual,PRT,Portugal,EPL_OV,Individual and collective dismissals (regular contracts),0_TO_6,0-6 scale,VERSION1,Version 1 (1985-2019),2000,,4.583333492,,F,Free (free for publication),2,Two,A,Normal value,0,Units
DATAFLOW,OECD.ELS.JAI:DSD_EPL@DF_EPL(1.0),Strictness of employment protection,I,A,Annual,SVK,Slovak Republic,EPL_OV,Individual and collective dismissals (regular contracts),0_TO_6,0-6 scale,VERSION1,Version 1 (1985-2019),2000,,3.138888836,,F,Free (free for publication),2,Two,A,Normal value,0,Units
DATAFLOW,OECD.ELS.JAI:DSD_EPL@DF_EPL(1.0),Strictness of employment protection,I,A,Annual,ESP,Spain,EPL_OV,Individual and collective dismissals (regular contracts),0_TO_6,0-6 scale,VERSION1,Version 1 (1985-2019),2000,,2.357142925,,F,Free (free for publication),2,Two,A,Normal value,0,Units
DATAFLOW,OECD.ELS.JAI:DSD_EPL@DF_EPL(1.0),Strictness of employment protection,I,A,Annual,SWE,Sweden,EPL_OV,Individual and collective dismissals (regular contracts),0_TO_6,0-6 scale,VERSION1,Version 1 (1985-2019),2000,,2.494047642,,F,Free (free for publication),2,Two,A,Normal value,0,Units
DATAFLOW,OECD.ELS.JAI:DSD_EPL@DF_EPL(1.0),Strictness of employment protection,I,A,Annual,CHE,Switzerland,EPL_OV,Individual and collective dismissals (regular contracts),0_TO_6,0-6 scale,VERSION1,Version 1 (1985-2019),2000,,1.428571463,,F,Free (free for publication),2,Two,A,Normal value,0,Units
DATAFLOW,OECD.ELS.JAI:DSD_EPL@DF_EPL(1.0),Strictness of employment protection,I,A,Annual,TUR,Türkiye,EPL_OV,Individual and collective dismissals (regular contracts),0_TO_6,0-6 scale,VERSION1,Version 1 (1985-2019),2000,,3.059523821,,F,Free (free for publication),2,Two,A,Normal value,0,Units
DATAFLOW,OECD.ELS.JAI:DSD_EPL@DF_EPL(1.0),Strictness of employment protection,I,A,Annual,GBR,United Kingdom,EPL_OV,Individual and collective dismissals (regular contracts),0_TO_6,0-6 scale,VERSION1,Version 1 (1985-2019),2000,,1.511904716,,F,Free (free for publication),2,Two,A,Normal value,0,Units
DATAFLOW,OECD.ELS.JAI:DSD_EPL@DF_EPL(1.0),Strictness of employment protection,I,A,Annual,USA,United States,EPL_OV,Individual and collective dismissals (regular contracts),0_TO_6,0-6 scale,VERSION1,Version 1 (1985-2019),2000,,0.093333334,,F,Free (free for publication),2,Two,A,Normal value,0,Units
DATAFLOW,OECD.ELS.JAI:DSD_EPL@DF_EPL(1.0),Strictness of employment protection,I,A,Annual,AUS,Australia,EPL_OV,Individual and collective dismissals (regular contracts),0_TO_6,0-6 scale,VERSION1,Version 1 (1985-2019),2001,,1.416666627,,F,Free (free for publication),2,Two,A,Normal value,0,Units
DATAFLOW,OECD.ELS.JAI:DSD_EPL@DF_EPL(1.0),Strictness of employment protection,I,A,Annual,AUT,Austria,EPL_OV,Individual and collective dismissals (regular contracts),0_TO_6,0-6 scale,VERSION1,Version 1 (1985-2019),2001,,2.666666746,,F,Free (free for publication),2,Two,A,Normal value,0,Units
DATAFLOW,OECD.ELS.JAI:DSD_EPL@DF_EPL(1.0),Strictness of employment protection,I,A,Annual,BEL,Belgium,EPL_OV,Individual and collective dismissals (regular contracts),0_TO_6,0-6 scale,VERSION1,Version 1 (1985-2019),2001,,1.68650794,,F,Free (free for publication),2,Two,A,Normal value,0,Units
DATAFLOW,OECD.ELS.JAI:DSD_EPL@DF_EPL(1.0),Strictness of employment protection,I,A,Annual,CAN,Canada,EPL_OV,Individual and collective dismissals (regular contracts),0_TO_6,0-6 scale,VERSION1,Version 1 (1985-2019),2001,,0.587301612,,F,Free (free for publication),2,Two,A,Normal value,0,Units
DATAFLOW,OECD.ELS.JAI:DSD_EPL@DF_EPL(1.0),Strictness of employment protection,I,A,Annual,CZE,Czechia,EPL_OV,Individual and collective dismissals (regular contracts),0_TO_6,0-6 scale,VERSION1,Version 1 (1985-2019),2001,,3.638888836,,F,Free (free for publication),2,Two,A,Normal value,0,Units
DATAFLOW,OECD.ELS.JAI:DSD_EPL@DF_EPL(1.0),Strictness of employment protection,I,A,Annual,DNK,Denmark,EPL_OV,Individual and collective dismissals (regular contracts),0_TO_6,0-6 scale,VERSION1,Version 1 (1985-2019),2001,,1.46825397,,F,Free (free for publication),2,Two,A,Normal value,0,Units
DATAFLOW,OECD.ELS.JAI:DSD_EPL@DF_EPL(1.0),Strictness of employment protection,I,A,Annual,FIN,Finland,EPL_OV,Individual and collective dismissals (regular contracts),0_TO_6,0-6 scale,VERSION1,Version 1 (1985-2019),2001,,2.226190567,,F,Free (free for publication),2,Two,A,Normal value,0,Units
DATAFLOW,OECD.ELS.JAI:DSD_EPL@DF_EPL(1.0),Strictness of employment protection,I,A,Annual,FRA,France,EPL_OV,Individual and collective dismissals (regular contracts),0_TO_6,0-6 scale,VERSION1,Version 1 (1985-2019),2001,,2.579365015,,F,Free (free for publication),2,Two,A,Normal value,0,Units
DATAFLOW,OECD.ELS.JAI:DSD_EPL@DF_EPL(1.0),Strictness of employment protection,I,A,Annual,DEU,Germany,EPL_OV,Individual and collective dismissals (regular contracts),0_TO_6,0-6 scale,VERSION1,Version 1 (1985-2019),2001,,2.595238209,,F,Free (free for publication),2,Two,A,Normal value,0,Units
DATAFLOW,OECD.ELS.JAI:DSD_EPL@DF_EPL(1.0),Strictness of employment protection,I,A,Annual,GRC,Greece,EPL_OV,Individual and collective dismissals (regular contracts),0_TO_6,0-6 scale,VERSION1,Version 1 (1985-2019),2001,,3.134920597,,F,Free (free for publication),2,Two,A,Normal value,0,Units
DATAFLOW,OECD.ELS.JAI:DSD_EPL@DF_EPL(1.0),Strictness of employment protection,I,A,Annual,HUN,Hungary,EPL_OV,Individual and collective dismissals (regular contracts),0_TO_6,0-6 scale,VERSION1,Version 1 (1985-2019),2001,,2.003968239,,F,Free (free for publication),2,Two,A,Normal value,0,Units
DATAFLOW,OECD.ELS.JAI:DSD_EPL@DF_EPL(1.0),Strictness of employment protection,I,A,Annual,IRL,Ireland,EPL_OV,Individual and collective dismissals (regular contracts),0_TO_6,0-6 scale,VERSION1,Version 1 (1985-2019),2001,,1.269841313,,F,Free (free for publication),2,Two,A,Normal value,0,Units
DATAFLOW,OECD.ELS.JAI:DSD_EPL@DF_EPL(1.0),Strictness of employment protection,I,A,Annual,ITA,Italy,EPL_OV,Individual and collective dismissals (regular contracts),0_TO_6,0-6 scale,VERSION1,Version 1 (1985-2019),2001,,3.015872955,,F,Free (free for publication),2,Two,A,Normal value,0,Units
DATAFLOW,OECD.ELS.JAI:DSD_EPL@DF_EPL(1.0),Strictness of employment protection,I,A,Annual,JPN,Japan,EPL_OV,Individual and collective dismissals (regular contracts),0_TO_6,0-6 scale,VERSION1,Version 1 (1985-2019),2001,,1.702380896,,F,Free (free for publication),2,Two,A,Normal value,0,Units
DATAFLOW,OECD.ELS.JAI:DSD_EPL@DF_EPL(1.0),Strictness of employment protection,I,A,Annual,KOR,Korea,EPL_OV,Individual and collective dismissals (regular contracts),0_TO_6,0-6 scale,VERSION1,Version 1 (1985-2019),2001,,2.416666746,,F,Free (free for publication),2,Two,A,Normal value,0,Units
DATAFLOW,OECD.ELS.JAI:DSD_EPL@DF_EPL(1.0),Strictness of employment protection,I,A,Annual,MEX,Mexico,EPL_OV,Individual and collective dismissals (regular contracts),0_TO_6,0-6 scale,VERSION1,Version 1 (1985-2019),2001,,2.321428537,,F,Free (free for publication),2,Two,A,Normal value,0,Units
DATAFLOW,OECD.ELS.JAI:DSD_EPL@DF_EPL(1.0),Strictness of employment protection,I,A,Annual,NLD,Netherlands,EPL_OV,Individual and collective dismissals (regular contracts),0_TO_6,0-6 scale,VERSION1,Version 1 (1985-2019),2001,,3.301587343,,F,Free (free for publication),2,Two,A,Normal value,0,Units
DATAFLOW,OECD.ELS.JAI:DSD_EPL@DF_EPL(1.0),Strictness of employment protection,I,A,Annual,NZL,New Zealand,EPL_OV,Individual and collective dismissals (regular contracts),0_TO_6,0-6 scale,VERSION1,Version 1 (1985-2019),2001,,1.809523821,,F,Free (free for publication),2,Two,A,Normal value,0,Units
DATAFLOW,OECD.ELS.JAI:DSD_EPL@DF_EPL(1.0),Strictness of employment protection,I,A,Annual,NOR,Norway,EPL_OV,Individual and collective dismissals (regular contracts),0_TO_6,0-6 scale,VERSION1,Version 1 (1985-2019),2001,,2.333333254,,F,Free (free for publication),2,Two,A,Normal value,0,Units
DATAFLOW,OECD.ELS.JAI:DSD_EPL@DF_EPL(1.0),Strictness of employment protection,I,A,Annual,POL,Poland,EPL_OV,Individual and collective dismissals (regular contracts),0_TO_6,0-6 scale,VERSION1,Version 1 (1985-2019),2001,,2.325396776,,F,Free (free for publication),2,Two,A,Normal value,0,Units
DATAFLOW,OECD.ELS.JAI:DSD_EPL@DF_EPL(1.0),Strictness of employment protection,I,A,Annual,PRT,Portugal,EPL_OV,Individual and collective dismissals (regular contracts),0_TO_6,0-6 scale,VERSION1,Version 1 (1985-2019),2001,,4.583333492,,F,Free (free for publication),2,Two,A,Normal value,0,Units
DATAFLOW,OECD.ELS.JAI:DSD_EPL@DF_EPL(1.0),Strictness of employment protection,I,A,Annual,SVK,Slovak Republic,EPL_OV,Individual and collective dismissals (regular contracts),0_TO_6,0-6 scale,VERSION1,Version 1 (1985-2019),2001,,3.138888836,,F,Free (free for publication),2,Two,A,Normal value,0,Units
DATAFLOW,OECD.ELS.JAI:DSD_EPL@DF_EPL(1.0),Strictness of employment protection,I,A,Annual,ESP,Spain,EPL_OV,Individual and collective dismissals (regular contracts),0_TO_6,0-6 scale,VERSION1,Version 1 (1985-2019),2001,,2.357142925,,F,Free (free for publication),2,Two,A,Normal value,0,Units
DATAFLOW,OECD.ELS.JAI:DSD_EPL@DF_EPL(1.0),Strictness of employment protection,I,A,Annual,SWE,Sweden,EPL_OV,Individual and collective dismissals (regular contracts),0_TO_6,0-6 scale,VERSION1,Version 1 (1985-2019),2001,,2.494047642,,F,Free (free for publication),2,Two,A,Normal value,0,Units
DATAFLOW,OECD.ELS.JAI:DSD_EPL@DF_EPL(1.0),Strictness of employment protection,I,A,Annual,CHE,Switzerland,EPL_OV,Individual and collective dismissals (regular contracts),0_TO_6,0-6 scale,VERSION1,Version 1 (1985-2019),2001,,1.428571463,,F,Free (free for publication),2,Two,A,Normal value,0,Units
DATAFLOW,OECD.ELS.JAI:DSD_EPL@DF_EPL(1.0),Strictness of employment protection,I,A,Annual,TUR,Türkiye,EPL_OV,Individual and collective dismissals (regular contracts),0_TO_6,0-6 scale,VERSION1,Version 1 (1985-2019),2001,,3.059523821,,F,Free (free for publication),2,Two,A,Normal value,0,Units
DATAFLOW,OECD.ELS.JAI:DSD_EPL@DF_EPL(1.0),Strictness of employment protection,I,A,Annual,GBR,United Kingdom,EPL_OV,Individual and collective dismissals (regular contracts),0_TO_6,0-6 scale,VERSION1,Version 1 (1985-2019),2001,,1.511904716,,F,Free (free for publication),2,Two,A,Normal value,0,Units
DATAFLOW,OECD.ELS.JAI:DSD_EPL@DF_EPL(1.0),Strictness of employment protection,I,A,Annual,USA,United States,EPL_OV,Individual and collective dismissals (regular contracts),0_TO_6,0-6 scale,VERSION1,Version 1 (1985-2019),2001,,0.093333334,,F,Free (free for publication),2,Two,A,Normal value,0,Units
DATAFLOW,OECD.ELS.JAI:DSD_EPL@DF_EPL(1.0),Strictness of employment protection,I,A,Annual,AUS,Australia,EPL_OV,Individual and collective dismissals (regular contracts),0_TO_6,0-6 scale,VERSION1,Version 1 (1985-2019),2002,,1.416666627,,F,Free (free for publication),2,Two,A,Normal value,0,Units
DATAFLOW,OECD.ELS.JAI:DSD_EPL@DF_EPL(1.0),Strictness of employment protection,I,A,Annual,AUT,Austria,EPL_OV,Individual and collective dismissals (regular contracts),0_TO_6,0-6 scale,VERSION1,Version 1 (1985-2019),2002,,2.666666746,,F,Free (free for publication),2,Two,A,Normal value,0,Units
DATAFLOW,OECD.ELS.JAI:DSD_EPL@DF_EPL(1.0),Strictness of employment protection,I,A,Annual,BEL,Belgium,EPL_OV,Individual and collective dismissals (regular contracts),0_TO_6,0-6 scale,VERSION1,Version 1 (1985-2019),2002,,1.68650794,,F,Free (free for publication),2,Two,A,Normal value,0,Units
DATAFLOW,OECD.ELS.JAI:DSD_EPL@DF_EPL(1.0),Strictness of employment protection,I,A,Annual,CAN,Canada,EPL_OV,Individual and collective dismissals (regular contracts),0_TO_6,0-6 scale,VERSION1,Version 1 (1985-2019),2002,,0.587301612,,F,Free (free for publication),2,Two,A,Normal value,0,Units
DATAFLOW,OECD.ELS.JAI:DSD_EPL@DF_EPL(1.0),Strictness of employment protection,I,A,Annual,CZE,Czechia,EPL_OV,Individual and collective dismissals (regular contracts),0_TO_6,0-6 scale,VERSION1,Version 1 (1985-2019),2002,,3.638888836,,F,Free (free for publication),2,Two,A,Normal value,0,Units
DATAFLOW,OECD.ELS.JAI:DSD_EPL@DF_EPL(1.0),Strictness of employment protection,I,A,Annual,DNK,Denmark,EPL_OV,Individual and collective dismissals (regular contracts),0_TO_6,0-6 scale,VERSION1,Version 1 (1985-2019),2002,,1.46825397,,F,Free (free for publication),2,Two,A,Normal value,0,Units
DATAFLOW,OECD.ELS.JAI:DSD_EPL@DF_EPL(1.0),Strictness of employment protection,I,A,Annual,FIN,Finland,EPL_OV,Individual and collective dismissals (regular contracts),0_TO_6,0-6 scale,VERSION1,Version 1 (1985-2019),2002,,2.083333254,,F,Free (free for publication),2,Two,A,Normal value,0,Units
DATAFLOW,OECD.ELS.JAI:DSD_EPL@DF_EPL(1.0),Strictness of employment protection,I,A,Annual,FRA,France,EPL_OV,Individual and collective dismissals (regular contracts),0_TO_6,0-6 scale,VERSION1,Version 1 (1985-2019),2002,,2.579365015,,F,Free (free for publication),2,Two,A,Normal value,0,Units
DATAFLOW,OECD.ELS.JAI:DSD_EPL@DF_EPL(1.0),Strictness of employment protection,I,A,Annual,DEU,Germany,EPL_OV,Individual and collective dismissals (regular contracts),0_TO_6,0-6 scale,VERSION1,Version 1 (1985-2019),2002,,2.595238209,,F,Free (free for publication),2,Two,A,Normal value,0,Units
DATAFLOW,OECD.ELS.JAI:DSD_EPL@DF_EPL(1.0),Strictness of employment protection,I,A,Annual,GRC,Greece,EPL_OV,Individual and collective dismissals (regular contracts),0_TO_6,0-6 scale,VERSION1,Version 1 (1985-2019),2002,,3.134920597,,F,Free (free for publication),2,Two,A,Normal value,0,Units
DATAFLOW,OECD.ELS.JAI:DSD_EPL@DF_EPL(1.0),Strictness of employment protection,I,A,Annual,HUN,Hungary,EPL_OV,Individual and collective dismissals (regular contracts),0_TO_6,0-6 scale,VERSION1,Version 1 (1985-2019),2002,,2.003968239,,F,Free (free for publication),2,Two,A,Normal value,0,Units
DATAFLOW,OECD.ELS.JAI:DSD_EPL@DF_EPL(1.0),Strictness of employment protection,I,A,Annual,IRL,Ireland,EPL_OV,Individual and collective dismissals (regular contracts),0_TO_6,0-6 scale,VERSION1,Version 1 (1985-2019),2002,,1.269841313,,F,Free (free for publication),2,Two,A,Normal value,0,Units
DATAFLOW,OECD.ELS.JAI:DSD_EPL@DF_EPL(1.0),Strictness of employment protection,I,A,Annual,ITA,Italy,EPL_OV,Individual and collective dismissals (regular contracts),0_TO_6,0-6 scale,VERSION1,Version 1 (1985-2019),2002,,3.015872955,,F,Free (free for publication),2,Two,A,Normal value,0,Units
DATAFLOW,OECD.ELS.JAI:DSD_EPL@DF_EPL(1.0),Strictness of employment protection,I,A,Annual,JPN,Japan,EPL_OV,Individual and collective dismissals (regular contracts),0_TO_6,0-6 scale,VERSION1,Version 1 (1985-2019),2002,,1.702380896,,F,Free (free for publication),2,Two,A,Normal value,0,Units
DATAFLOW,OECD.ELS.JAI:DSD_EPL@DF_EPL(1.0),Strictness of employment protection,I,A,Annual,KOR,Korea,EPL_OV,Individual and collective dismissals (regular contracts),0_TO_6,0-6 scale,VERSION1,Version 1 (1985-2019),2002,,2.416666746,,F,Free (free for publication),2,Two,A,Normal value,0,Units
DATAFLOW,OECD.ELS.JAI:DSD_EPL@DF_EPL(1.0),Strictness of employment protection,I,A,Annual,MEX,Mexico,EPL_OV,Individual and collective dismissals (regular contracts),0_TO_6,0-6 scale,VERSION1,Version 1 (1985-2019),2002,,2.321428537,,F,Free (free for publication),2,Two,A,Normal value,0,Units
DATAFLOW,OECD.ELS.JAI:DSD_EPL@DF_EPL(1.0),Strictness of employment protection,I,A,Annual,NLD,Netherlands,EPL_OV,Individual and collective dismissals (regular contracts),0_TO_6,0-6 scale,VERSION1,Version 1 (1985-2019),2002,,3.301587343,,F,Free (free for publication),2,Two,A,Normal value,0,Units
DATAFLOW,OECD.ELS.JAI:DSD_EPL@DF_EPL(1.0),Strictness of employment protection,I,A,Annual,NZL,New Zealand,EPL_OV,Individual and collective dismissals (regular contracts),0_TO_6,0-6 scale,VERSION1,Version 1 (1985-2019),2002,,1.809523821,,F,Free (free for publication),2,Two,A,Normal value,0,Units
DATAFLOW,OECD.ELS.JAI:DSD_EPL@DF_EPL(1.0),Strictness of employment protection,I,A,Annual,NOR,Norway,EPL_OV,Individual and collective dismissals (regular contracts),0_TO_6,0-6 scale,VERSION1,Version 1 (1985-2019),2002,,2.333333254,,F,Free (free for publication),2,Two,A,Normal value,0,Units
DATAFLOW,OECD.ELS.JAI:DSD_EPL@DF_EPL(1.0),Strictness of employment protection,I,A,Annual,POL,Poland,EPL_OV,Individual and collective dismissals (regular contracts),0_TO_6,0-6 scale,VERSION1,Version 1 (1985-2019),2002,,2.325396776,,F,Free (free for publication),2,Two,A,Normal value,0,Units
DATAFLOW,OECD.ELS.JAI:DSD_EPL@DF_EPL(1.0),Strictness of employment protection,I,A,Annual,PRT,Portugal,EPL_OV,Individual and collective dismissals (regular contracts),0_TO_6,0-6 scale,VERSION1,Version 1 (1985-2019),2002,,4.583333492,,F,Free (free for publication),2,Two,A,Normal value,0,Units
DATAFLOW,OECD.ELS.JAI:DSD_EPL@DF_EPL(1.0),Strictness of employment protection,I,A,Annual,SVK,Slovak Republic,EPL_OV,Individual and collective dismissals (regular contracts),0_TO_6,0-6 scale,VERSION1,Version 1 (1985-2019),2002,,3.138888836,,F,Free (free for publication),2,Two,A,Normal value,0,Units
DATAFLOW,OECD.ELS.JAI:DSD_EPL@DF_EPL(1.0),Strictness of employment protection,I,A,Annual,ESP,Spain,EPL_OV,Individual and collective dismissals (regular contracts),0_TO_6,0-6 scale,VERSION1,Version 1 (1985-2019),2002,,2.357142925,,F,Free (free for publication),2,Two,A,Normal value,0,Units
DATAFLOW,OECD.ELS.JAI:DSD_EPL@DF_EPL(1.0),Strictness of employment protection,I,A,Annual,SWE,Sweden,EPL_OV,Individual and collective dismissals (regular contracts),0_TO_6,0-6 scale,VERSION1,Version 1 (1985-2019),2002,,2.446428537,,F,Free (free for publication),2,Two,A,Normal value,0,Units
DATAFLOW,OECD.ELS.JAI:DSD_EPL@DF_EPL(1.0),Strictness of employment protection,I,A,Annual,CHE,Switzerland,EPL_OV,Individual and collective dismissals (regular contracts),0_TO_6,0-6 scale,VERSION1,Version 1 (1985-2019),2002,,1.428571463,,F,Free (free for publication),2,Two,A,Normal value,0,Units
DATAFLOW,OECD.ELS.JAI:DSD_EPL@DF_EPL(1.0),Strictness of employment protection,I,A,Annual,TUR,Türkiye,EPL_OV,Individual and collective dismissals (regular contracts),0_TO_6,0-6 scale,VERSION1,Version 1 (1985-2019),2002,,3.059523821,,F,Free (free for publication),2,Two,A,Normal value,0,Units
DATAFLOW,OECD.ELS.JAI:DSD_EPL@DF_EPL(1.0),Strictness of employment protection,I,A,Annual,GBR,United Kingdom,EPL_OV,Individual and collective dismissals (regular contracts),0_TO_6,0-6 scale,VERSION1,Version 1 (1985-2019),2002,,1.511904716,,F,Free (free for publication),2,Two,A,Normal value,0,Units
DATAFLOW,OECD.ELS.JAI:DSD_EPL@DF_EPL(1.0),Strictness of employment protection,I,A,Annual,USA,United States,EPL_OV,Individual and collective dismissals (regular contracts),0_TO_6,0-6 scale,VERSION1,Version 1 (1985-2019),2002,,0.093333334,,F,Free (free for publication),2,Two,A,Normal value,0,Units
DATAFLOW,OECD.ELS.JAI:DSD_EPL@DF_EPL(1.0),Strictness of employment protection,I,A,Annual,AUS,Australia,EPL_OV,Individual and collective dismissals (regular contracts),0_TO_6,0-6 scale,VERSION1,Version 1 (1985-2019),2003,,1.416666627,,F,Free (free for publication),2,Two,A,Normal value,0,Units
DATAFLOW,OECD.ELS.JAI:DSD_EPL@DF_EPL(1.0),Strictness of employment protection,I,A,Annual,AUT,Austria,EPL_OV,Individual and collective dismissals (regular contracts),0_TO_6,0-6 scale,VERSION1,Version 1 (1985-2019),2003,,2.285714388,,F,Free (free for publication),2,Two,A,Normal value,0,Units
DATAFLOW,OECD.ELS.JAI:DSD_EPL@DF_EPL(1.0),Strictness of employment protection,I,A,Annual,BEL,Belgium,EPL_OV,Individual and collective dismissals (regular contracts),0_TO_6,0-6 scale,VERSION1,Version 1 (1985-2019),2003,,1.68650794,,F,Free (free for publication),2,Two,A,Normal value,0,Units
DATAFLOW,OECD.ELS.JAI:DSD_EPL@DF_EPL(1.0),Strictness of employment protection,I,A,Annual,CAN,Canada,EPL_OV,Individual and collective dismissals (regular contracts),0_TO_6,0-6 scale,VERSION1,Version 1 (1985-2019),2003,,0.587301612,,F,Free (free for publication),2,Two,A,Normal value,0,Units
DATAFLOW,OECD.ELS.JAI:DSD_EPL@DF_EPL(1.0),Strictness of employment protection,I,A,Annual,CZE,Czechia,EPL_OV,Individual and collective dismissals (regular contracts),0_TO_6,0-6 scale,VERSION1,Version 1 (1985-2019),2003,,3.638888836,,F,Free (free for publication),2,Two,A,Normal value,0,Units
DATAFLOW,OECD.ELS.JAI:DSD_EPL@DF_EPL(1.0),Strictness of employment protection,I,A,Annual,DNK,Denmark,EPL_OV,Individual and collective dismissals (regular contracts),0_TO_6,0-6 scale,VERSION1,Version 1 (1985-2019),2003,,1.46825397,,F,Free (free for publication),2,Two,A,Normal value,0,Units
DATAFLOW,OECD.ELS.JAI:DSD_EPL@DF_EPL(1.0),Strictness of employment protection,I,A,Annual,FIN,Finland,EPL_OV,Individual and collective dismissals (regular contracts),0_TO_6,0-6 scale,VERSION1,Version 1 (1985-2019),2003,,2.083333254,,F,Free (free for publication),2,Two,A,Normal value,0,Units
DATAFLOW,OECD.ELS.JAI:DSD_EPL@DF_EPL(1.0),Strictness of employment protection,I,A,Annual,FRA,France,EPL_OV,Individual and collective dismissals (regular contracts),0_TO_6,0-6 scale,VERSION1,Version 1 (1985-2019),2003,,2.706349134,,F,Free (free for publication),2,Two,A,Normal value,0,Units
DATAFLOW,OECD.ELS.JAI:DSD_EPL@DF_EPL(1.0),Strictness of employment protection,I,A,Annual,DEU,Germany,EPL_OV,Individual and collective dismissals (regular contracts),0_TO_6,0-6 scale,VERSION1,Version 1 (1985-2019),2003,,2.595238209,,F,Free (free for publication),2,Two,A,Normal value,0,Units
DATAFLOW,OECD.ELS.JAI:DSD_EPL@DF_EPL(1.0),Strictness of employment protection,I,A,Annual,GRC,Greece,EPL_OV,Individual and collective dismissals (regular contracts),0_TO_6,0-6 scale,VERSION1,Version 1 (1985-2019),2003,,3.134920597,,F,Free (free for publication),2,Two,A,Normal value,0,Units
DATAFLOW,OECD.ELS.JAI:DSD_EPL@DF_EPL(1.0),Strictness of employment protection,I,A,Annual,HUN,Hungary,EPL_OV,Individual and collective dismissals (regular contracts),0_TO_6,0-6 scale,VERSION1,Version 1 (1985-2019),2003,,2.003968239,,F,Free (free for publication),2,Two,A,Normal value,0,Units
DATAFLOW,OECD.ELS.JAI:DSD_EPL@DF_EPL(1.0),Strictness of employment protection,I,A,Annual,IRL,Ireland,EPL_OV,Individual and collective dismissals (regular contracts),0_TO_6,0-6 scale,VERSION1,Version 1 (1985-2019),2003,,1.269841313,,F,Free (free for publication),2,Two,A,Normal value,0,Units
DATAFLOW,OECD.ELS.JAI:DSD_EPL@DF_EPL(1.0),Strictness of employment protection,I,A,Annual,ITA,Italy,EPL_OV,Individual and collective dismissals (regular contracts),0_TO_6,0-6 scale,VERSION1,Version 1 (1985-2019),2003,,3.015872955,,F,Free (free for publication),2,Two,A,Normal value,0,Units
DATAFLOW,OECD.ELS.JAI:DSD_EPL@DF_EPL(1.0),Strictness of employment protection,I,A,Annual,JPN,Japan,EPL_OV,Individual and collective dismissals (regular contracts),0_TO_6,0-6 scale,VERSION1,Version 1 (1985-2019),2003,,1.702380896,,F,Free (free for publication),2,Two,A,Normal value,0,Units
DATAFLOW,OECD.ELS.JAI:DSD_EPL@DF_EPL(1.0),Strictness of employment protection,I,A,Annual,KOR,Korea,EPL_OV,Individual and collective dismissals (regular contracts),0_TO_6,0-6 scale,VERSION1,Version 1 (1985-2019),2003,,2.416666746,,F,Free (free for publication),2,Two,A,Normal value,0,Units
DATAFLOW,OECD.ELS.JAI:DSD_EPL@DF_EPL(1.0),Strictness of employment protection,I,A,Annual,MEX,Mexico,EPL_OV,Individual and collective dismissals (regular contracts),0_TO_6,0-6 scale,VERSION1,Version 1 (1985-2019),2003,,2.321428537,,F,Free (free for publication),2,Two,A,Normal value,0,Units
DATAFLOW,OECD.ELS.JAI:DSD_EPL@DF_EPL(1.0),Strictness of employment protection,I,A,Annual,NLD,Netherlands,EPL_OV,Individual and collective dismissals (regular contracts),0_TO_6,0-6 scale,VERSION1,Version 1 (1985-2019),2003,,3.301587343,,F,Free (free for publication),2,Two,A,Normal value,0,Units
DATAFLOW,OECD.ELS.JAI:DSD_EPL@DF_EPL(1.0),Strictness of employment protection,I,A,Annual,NZL,New Zealand,EPL_OV,Individual and collective dismissals (regular contracts),0_TO_6,0-6 scale,VERSION1,Version 1 (1985-2019),2003,,1.809523821,,F,Free (free for publication),2,Two,A,Normal value,0,Units
DATAFLOW,OECD.ELS.JAI:DSD_EPL@DF_EPL(1.0),Strictness of employment protection,I,A,Annual,NOR,Norway,EPL_OV,Individual and collective dismissals (regular contracts),0_TO_6,0-6 scale,VERSION1,Version 1 (1985-2019),2003,,2.333333254,,F,Free (free for publication),2,Two,A,Normal value,0,Units
DATAFLOW,OECD.ELS.JAI:DSD_EPL@DF_EPL(1.0),Strictness of employment protection,I,A,Annual,POL,Poland,EPL_OV,Individual and collective dismissals (regular contracts),0_TO_6,0-6 scale,VERSION1,Version 1 (1985-2019),2003,,2.325396776,,F,Free (free for publication),2,Two,A,Normal value,0,Units
DATAFLOW,OECD.ELS.JAI:DSD_EPL@DF_EPL(1.0),Strictness of employment protection,I,A,Annual,PRT,Portugal,EPL_OV,Individual and collective dismissals (regular contracts),0_TO_6,0-6 scale,VERSION1,Version 1 (1985-2019),2003,,4.583333492,,F,Free (free for publication),2,Two,A,Normal value,0,Units
DATAFLOW,OECD.ELS.JAI:DSD_EPL@DF_EPL(1.0),Strictness of employment protection,I,A,Annual,SVK,Slovak Republic,EPL_OV,Individual and collective dismissals (regular contracts),0_TO_6,0-6 scale,VERSION1,Version 1 (1985-2019),2003,,2.972222328,,F,Free (free for publication),2,Two,A,Normal value,0,Units
DATAFLOW,OECD.ELS.JAI:DSD_EPL@DF_EPL(1.0),Strictness of employment protection,I,A,Annual,ESP,Spain,EPL_OV,Individual and collective dismissals (regular contracts),0_TO_6,0-6 scale,VERSION1,Version 1 (1985-2019),2003,,2.357142925,,F,Free (free for publication),2,Two,A,Normal value,0,Units
DATAFLOW,OECD.ELS.JAI:DSD_EPL@DF_EPL(1.0),Strictness of employment protection,I,A,Annual,SWE,Sweden,EPL_OV,Individual and collective dismissals (regular contracts),0_TO_6,0-6 scale,VERSION1,Version 1 (1985-2019),2003,,2.446428537,,F,Free (free for publication),2,Two,A,Normal value,0,Units
DATAFLOW,OECD.ELS.JAI:DSD_EPL@DF_EPL(1.0),Strictness of employment protection,I,A,Annual,CHE,Switzerland,EPL_OV,Individual and collective dismissals (regular contracts),0_TO_6,0-6 scale,VERSION1,Version 1 (1985-2019),2003,,1.428571463,,F,Free (free for publication),2,Two,A,Normal value,0,Units
DATAFLOW,OECD.ELS.JAI:DSD_EPL@DF_EPL(1.0),Strictness of employment protection,I,A,Annual,TUR,Türkiye,EPL_OV,Individual and collective dismissals (regular contracts),0_TO_6,0-6 scale,VERSION1,Version 1 (1985-2019),2003,,3.059523821,,F,Free (free for publication),2,Two,A,Normal value,0,Units
DATAFLOW,OECD.ELS.JAI:DSD_EPL@DF_EPL(1.0),Strictness of employment protection,I,A,Annual,GBR,United Kingdom,EPL_OV,Individual and collective dismissals (regular contracts),0_TO_6,0-6 scale,VERSION1,Version 1 (1985-2019),2003,,1.511904716,,F,Free (free for publication),2,Two,A,Normal value,0,Units
DATAFLOW,OECD.ELS.JAI:DSD_EPL@DF_EPL(1.0),Strictness of employment protection,I,A,Annual,USA,United States,EPL_OV,Individual and collective dismissals (regular contracts),0_TO_6,0-6 scale,VERSION1,Version 1 (1985-2019),2003,,0.093333334,,F,Free (free for publication),2,Two,A,Normal value,0,Units
DATAFLOW,OECD.ELS.JAI:DSD_EPL@DF_EPL(1.0),Strictness of employment protection,I,A,Annual,AUS,Australia,EPL_OV,Individual and collective dismissals (regular contracts),0_TO_6,0-6 scale,VERSION1,Version 1 (1985-2019),2004,,1.416666627,,F,Free (free for publication),2,Two,A,Normal value,0,Units
DATAFLOW,OECD.ELS.JAI:DSD_EPL@DF_EPL(1.0),Strictness of employment protection,I,A,Annual,AUT,Austria,EPL_OV,Individual and collective dismissals (regular contracts),0_TO_6,0-6 scale,VERSION1,Version 1 (1985-2019),2004,,2.285714388,,F,Free (free for publication),2,Two,A,Normal value,0,Units
DATAFLOW,OECD.ELS.JAI:DSD_EPL@DF_EPL(1.0),Strictness of employment protection,I,A,Annual,BEL,Belgium,EPL_OV,Individual and collective dismissals (regular contracts),0_TO_6,0-6 scale,VERSION1,Version 1 (1985-2019),2004,,1.68650794,,F,Free (free for publication),2,Two,A,Normal value,0,Units
DATAFLOW,OECD.ELS.JAI:DSD_EPL@DF_EPL(1.0),Strictness of employment protection,I,A,Annual,CAN,Canada,EPL_OV,Individual and collective dismissals (regular contracts),0_TO_6,0-6 scale,VERSION1,Version 1 (1985-2019),2004,,0.587301612,,F,Free (free for publication),2,Two,A,Normal value,0,Units
DATAFLOW,OECD.ELS.JAI:DSD_EPL@DF_EPL(1.0),Strictness of employment protection,I,A,Annual,CZE,Czechia,EPL_OV,Individual and collective dismissals (regular contracts),0_TO_6,0-6 scale,VERSION1,Version 1 (1985-2019),2004,,3.638888836,,F,Free (free for publication),2,Two,A,Normal value,0,Units
DATAFLOW,OECD.ELS.JAI:DSD_EPL@DF_EPL(1.0),Strictness of employment protection,I,A,Annual,DNK,Denmark,EPL_OV,Individual and collective dismissals (regular contracts),0_TO_6,0-6 scale,VERSION1,Version 1 (1985-2019),2004,,1.46825397,,F,Free (free for publication),2,Two,A,Normal value,0,Units
DATAFLOW,OECD.ELS.JAI:DSD_EPL@DF_EPL(1.0),Strictness of employment protection,I,A,Annual,FIN,Finland,EPL_OV,Individual and collective dismissals (regular contracts),0_TO_6,0-6 scale,VERSION1,Version 1 (1985-2019),2004,,2.083333254,,F,Free (free for publication),2,Two,A,Normal value,0,Units
DATAFLOW,OECD.ELS.JAI:DSD_EPL@DF_EPL(1.0),Strictness of employment protection,I,A,Annual,FRA,France,EPL_OV,Individual and collective dismissals (regular contracts),0_TO_6,0-6 scale,VERSION1,Version 1 (1985-2019),2004,,2.706349134,,F,Free (free for publication),2,Two,A,Normal value,0,Units
DATAFLOW,OECD.ELS.JAI:DSD_EPL@DF_EPL(1.0),Strictness of employment protection,I,A,Annual,DEU,Germany,EPL_OV,Individual and collective dismissals (regular contracts),0_TO_6,0-6 scale,VERSION1,Version 1 (1985-2019),2004,,2.595238209,,F,Free (free for publication),2,Two,A,Normal value,0,Units
DATAFLOW,OECD.ELS.JAI:DSD_EPL@DF_EPL(1.0),Strictness of employment protection,I,A,Annual,GRC,Greece,EPL_OV,Individual and collective dismissals (regular contracts),0_TO_6,0-6 scale,VERSION1,Version 1 (1985-2019),2004,,3.134920597,,F,Free (free for publication),2,Two,A,Normal value,0,Units
DATAFLOW,OECD.ELS.JAI:DSD_EPL@DF_EPL(1.0),Strictness of employment protection,I,A,Annual,HUN,Hungary,EPL_OV,Individual and collective dismissals (regular contracts),0_TO_6,0-6 scale,VERSION1,Version 1 (1985-2019),2004,,2.003968239,,F,Free (free for publication),2,Two,A,Normal value,0,Units
DATAFLOW,OECD.ELS.JAI:DSD_EPL@DF_EPL(1.0),Strictness of employment protection,I,A,Annual,IRL,Ireland,EPL_OV,Individual and collective dismissals (regular contracts),0_TO_6,0-6 scale,VERSION1,Version 1 (1985-2019),2004,,1.269841313,,F,Free (free for publication),2,Two,A,Normal value,0,Units
DATAFLOW,OECD.ELS.JAI:DSD_EPL@DF_EPL(1.0),Strictness of employment protection,I,A,Annual,ITA,Italy,EPL_OV,Individual and collective dismissals (regular contracts),0_TO_6,0-6 scale,VERSION1,Version 1 (1985-2019),2004,,3.015872955,,F,Free (free for publication),2,Two,A,Normal value,0,Units
DATAFLOW,OECD.ELS.JAI:DSD_EPL@DF_EPL(1.0),Strictness of employment protection,I,A,Annual,JPN,Japan,EPL_OV,Individual and collective dismissals (regular contracts),0_TO_6,0-6 scale,VERSION1,Version 1 (1985-2019),2004,,1.702380896,,F,Free (free for publication),2,Two,A,Normal value,0,Units
DATAFLOW,OECD.ELS.JAI:DSD_EPL@DF_EPL(1.0),Strictness of employment protection,I,A,Annual,KOR,Korea,EPL_OV,Individual and collective dismissals (regular contracts),0_TO_6,0-6 scale,VERSION1,Version 1 (1985-2019),2004,,2.416666746,,F,Free (free for publication),2,Two,A,Normal value,0,Units
DATAFLOW,OECD.ELS.JAI:DSD_EPL@DF_EPL(1.0),Strictness of employment protection,I,A,Annual,MEX,Mexico,EPL_OV,Individual and collective dismissals (regular contracts),0_TO_6,0-6 scale,VERSION1,Version 1 (1985-2019),2004,,2.321428537,,F,Free (free for publication),2,Two,A,Normal value,0,Units
DATAFLOW,OECD.ELS.JAI:DSD_EPL@DF_EPL(1.0),Strictness of employment protection,I,A,Annual,NLD,Netherlands,EPL_OV,Individual and collective dismissals (regular contracts),0_TO_6,0-6 scale,VERSION1,Version 1 (1985-2019),2004,,3.301587343,,F,Free (free for publication),2,Two,A,Normal value,0,Units
DATAFLOW,OECD.ELS.JAI:DSD_EPL@DF_EPL(1.0),Strictness of employment protection,I,A,Annual,NZL,New Zealand,EPL_OV,Individual and collective dismissals (regular contracts),0_TO_6,0-6 scale,VERSION1,Version 1 (1985-2019),2004,,1.809523821,,F,Free (free for publication),2,Two,A,Normal value,0,Units
DATAFLOW,OECD.ELS.JAI:DSD_EPL@DF_EPL(1.0),Strictness of employment protection,I,A,Annual,NOR,Norway,EPL_OV,Individual and collective dismissals (regular contracts),0_TO_6,0-6 scale,VERSION1,Version 1 (1985-2019),2004,,2.333333254,,F,Free (free for publication),2,Two,A,Normal value,0,Units
DATAFLOW,OECD.ELS.JAI:DSD_EPL@DF_EPL(1.0),Strictness of employment protection,I,A,Annual,POL,Poland,EPL_OV,Individual and collective dismissals (regular contracts),0_TO_6,0-6 scale,VERSION1,Version 1 (1985-2019),2004,,2.325396776,,F,Free (free for publication),2,Two,A,Normal value,0,Units
DATAFLOW,OECD.ELS.JAI:DSD_EPL@DF_EPL(1.0),Strictness of employment protection,I,A,Annual,PRT,Portugal,EPL_OV,Individual and collective dismissals (regular contracts),0_TO_6,0-6 scale,VERSION1,Version 1 (1985-2019),2004,,4.416666508,,F,Free (free for publication),2,Two,A,Normal value,0,Units
DATAFLOW,OECD.ELS.JAI:DSD_EPL@DF_EPL(1.0),Strictness of employment protection,I,A,Annual,SVK,Slovak Republic,EPL_OV,Individual and collective dismissals (regular contracts),0_TO_6,0-6 scale,VERSION1,Version 1 (1985-2019),2004,,2.888888836,,F,Free (free for publication),2,Two,A,Normal value,0,Units
DATAFLOW,OECD.ELS.JAI:DSD_EPL@DF_EPL(1.0),Strictness of employment protection,I,A,Annual,ESP,Spain,EPL_OV,Individual and collective dismissals (regular contracts),0_TO_6,0-6 scale,VERSION1,Version 1 (1985-2019),2004,,2.357142925,,F,Free (free for publication),2,Two,A,Normal value,0,Units
DATAFLOW,OECD.ELS.JAI:DSD_EPL@DF_EPL(1.0),Strictness of employment protection,I,A,Annual,SWE,Sweden,EPL_OV,Individual and collective dismissals (regular contracts),0_TO_6,0-6 scale,VERSION1,Version 1 (1985-2019),2004,,2.446428537,,F,Free (free for publication),2,Two,A,Normal value,0,Units
DATAFLOW,OECD.ELS.JAI:DSD_EPL@DF_EPL(1.0),Strictness of employment protection,I,A,Annual,CHE,Switzerland,EPL_OV,Individual and collective dismissals (regular contracts),0_TO_6,0-6 scale,VERSION1,Version 1 (1985-2019),2004,,1.428571463,,F,Free (free for publication),2,Two,A,Normal value,0,Units
DATAFLOW,OECD.ELS.JAI:DSD_EPL@DF_EPL(1.0),Strictness of employment protection,I,A,Annual,TUR,Türkiye,EPL_OV,Individual and collective dismissals (regular contracts),0_TO_6,0-6 scale,VERSION1,Version 1 (1985-2019),2004,,2.976190567,,F,Free (free for publication),2,Two,A,Normal value,0,Units
DATAFLOW,OECD.ELS.JAI:DSD_EPL@DF_EPL(1.0),Strictness of employment protection,I,A,Annual,GBR,United Kingdom,EPL_OV,Individual and collective dismissals (regular contracts),0_TO_6,0-6 scale,VERSION1,Version 1 (1985-2019),2004,,1.511904716,,F,Free (free for publication),2,Two,A,Normal value,0,Units
DATAFLOW,OECD.ELS.JAI:DSD_EPL@DF_EPL(1.0),Strictness of employment protection,I,A,Annual,USA,United States,EPL_OV,Individual and collective dismissals (regular contracts),0_TO_6,0-6 scale,VERSION1,Version 1 (1985-2019),2004,,0.093333334,,F,Free (free for publication),2,Two,A,Normal value,0,Units
DATAFLOW,OECD.ELS.JAI:DSD_EPL@DF_EPL(1.0),Strictness of employment protection,I,A,Annual,AUS,Australia,EPL_OV,Individual and collective dismissals (regular contracts),0_TO_6,0-6 scale,VERSION1,Version 1 (1985-2019),2005,,1.416666627,,F,Free (free for publication),2,Two,A,Normal value,0,Units
DATAFLOW,OECD.ELS.JAI:DSD_EPL@DF_EPL(1.0),Strictness of employment protection,I,A,Annual,AUT,Austria,EPL_OV,Individual and collective dismissals (regular contracts),0_TO_6,0-6 scale,VERSION1,Version 1 (1985-2019),2005,,2.285714388,,F,Free (free for publication),2,Two,A,Normal value,0,Units
DATAFLOW,OECD.ELS.JAI:DSD_EPL@DF_EPL(1.0),Strictness of employment protection,I,A,Annual,BEL,Belgium,EPL_OV,Individual and collective dismissals (regular contracts),0_TO_6,0-6 scale,VERSION1,Version 1 (1985-2019),2005,,1.68650794,,F,Free (free for publication),2,Two,A,Normal value,0,Units
DATAFLOW,OECD.ELS.JAI:DSD_EPL@DF_EPL(1.0),Strictness of employment protection,I,A,Annual,CAN,Canada,EPL_OV,Individual and collective dismissals (regular contracts),0_TO_6,0-6 scale,VERSION1,Version 1 (1985-2019),2005,,0.587301612,,F,Free (free for publication),2,Two,A,Normal value,0,Units
DATAFLOW,OECD.ELS.JAI:DSD_EPL@DF_EPL(1.0),Strictness of employment protection,I,A,Annual,CZE,Czechia,EPL_OV,Individual and collective dismissals (regular contracts),0_TO_6,0-6 scale,VERSION1,Version 1 (1985-2019),2005,,3.638888836,,F,Free (free for publication),2,Two,A,Normal value,0,Units
DATAFLOW,OECD.ELS.JAI:DSD_EPL@DF_EPL(1.0),Strictness of employment protection,I,A,Annual,DNK,Denmark,EPL_OV,Individual and collective dismissals (regular contracts),0_TO_6,0-6 scale,VERSION1,Version 1 (1985-2019),2005,,1.46825397,,F,Free (free for publication),2,Two,A,Normal value,0,Units
DATAFLOW,OECD.ELS.JAI:DSD_EPL@DF_EPL(1.0),Strictness of employment protection,I,A,Annual,FIN,Finland,EPL_OV,Individual and collective dismissals (regular contracts),0_TO_6,0-6 scale,VERSION1,Version 1 (1985-2019),2005,,2.083333254,,F,Free (free for publication),2,Two,A,Normal value,0,Units
DATAFLOW,OECD.ELS.JAI:DSD_EPL@DF_EPL(1.0),Strictness of employment protection,I,A,Annual,FRA,France,EPL_OV,Individual and collective dismissals (regular contracts),0_TO_6,0-6 scale,VERSION1,Version 1 (1985-2019),2005,,2.706349134,,F,Free (free for publication),2,Two,A,Normal value,0,Units
DATAFLOW,OECD.ELS.JAI:DSD_EPL@DF_EPL(1.0),Strictness of employment protection,I,A,Annual,DEU,Germany,EPL_OV,Individual and collective dismissals (regular contracts),0_TO_6,0-6 scale,VERSION1,Version 1 (1985-2019),2005,,2.595238209,,F,Free (free for publication),2,Two,A,Normal value,0,Units
DATAFLOW,OECD.ELS.JAI:DSD_EPL@DF_EPL(1.0),Strictness of employment protection,I,A,Annual,GRC,Greece,EPL_OV,Individual and collective dismissals (regular contracts),0_TO_6,0-6 scale,VERSION1,Version 1 (1985-2019),2005,,3.134920597,,F,Free (free for publication),2,Two,A,Normal value,0,Units
DATAFLOW,OECD.ELS.JAI:DSD_EPL@DF_EPL(1.0),Strictness of employment protection,I,A,Annual,HUN,Hungary,EPL_OV,Individual and collective dismissals (regular contracts),0_TO_6,0-6 scale,VERSION1,Version 1 (1985-2019),2005,,2.003968239,,F,Free (free for publication),2,Two,A,Normal value,0,Units
DATAFLOW,OECD.ELS.JAI:DSD_EPL@DF_EPL(1.0),Strictness of employment protection,I,A,Annual,IRL,Ireland,EPL_OV,Individual and collective dismissals (regular contracts),0_TO_6,0-6 scale,VERSION1,Version 1 (1985-2019),2005,,1.269841313,,F,Free (free for publication),2,Two,A,Normal value,0,Units
DATAFLOW,OECD.ELS.JAI:DSD_EPL@DF_EPL(1.0),Strictness of employment protection,I,A,Annual,ITA,Italy,EPL_OV,Individual and collective dismissals (regular contracts),0_TO_6,0-6 scale,VERSION1,Version 1 (1985-2019),2005,,3.015872955,,F,Free (free for publication),2,Two,A,Normal value,0,Units
DATAFLOW,OECD.ELS.JAI:DSD_EPL@DF_EPL(1.0),Strictness of employment protection,I,A,Annual,JPN,Japan,EPL_OV,Individual and collective dismissals (regular contracts),0_TO_6,0-6 scale,VERSION1,Version 1 (1985-2019),2005,,1.702380896,,F,Free (free for publication),2,Two,A,Normal value,0,Units
DATAFLOW,OECD.ELS.JAI:DSD_EPL@DF_EPL(1.0),Strictness of employment protection,I,A,Annual,KOR,Korea,EPL_OV,Individual and collective dismissals (regular contracts),0_TO_6,0-6 scale,VERSION1,Version 1 (1985-2019),2005,,2.416666746,,F,Free (free for publication),2,Two,A,Normal value,0,Units
DATAFLOW,OECD.ELS.JAI:DSD_EPL@DF_EPL(1.0),Strictness of employment protection,I,A,Annual,MEX,Mexico,EPL_OV,Individual and collective dismissals (regular contracts),0_TO_6,0-6 scale,VERSION1,Version 1 (1985-2019),2005,,2.321428537,,F,Free (free for publication),2,Two,A,Normal value,0,Units
DATAFLOW,OECD.ELS.JAI:DSD_EPL@DF_EPL(1.0),Strictness of employment protection,I,A,Annual,NLD,Netherlands,EPL_OV,Individual and collective dismissals (regular contracts),0_TO_6,0-6 scale,VERSION1,Version 1 (1985-2019),2005,,3.301587343,,F,Free (free for publication),2,Two,A,Normal value,0,Units
DATAFLOW,OECD.ELS.JAI:DSD_EPL@DF_EPL(1.0),Strictness of employment protection,I,A,Annual,NZL,New Zealand,EPL_OV,Individual and collective dismissals (regular contracts),0_TO_6,0-6 scale,VERSION1,Version 1 (1985-2019),2005,,1.809523821,,F,Free (free for publication),2,Two,A,Normal value,0,Units
DATAFLOW,OECD.ELS.JAI:DSD_EPL@DF_EPL(1.0),Strictness of employment protection,I,A,Annual,NOR,Norway,EPL_OV,Individual and collective dismissals (regular contracts),0_TO_6,0-6 scale,VERSION1,Version 1 (1985-2019),2005,,2.333333254,,F,Free (free for publication),2,Two,A,Normal value,0,Units
DATAFLOW,OECD.ELS.JAI:DSD_EPL@DF_EPL(1.0),Strictness of employment protection,I,A,Annual,POL,Poland,EPL_OV,Individual and collective dismissals (regular contracts),0_TO_6,0-6 scale,VERSION1,Version 1 (1985-2019),2005,,2.325396776,,F,Free (free for publication),2,Two,A,Normal value,0,Units
DATAFLOW,OECD.ELS.JAI:DSD_EPL@DF_EPL(1.0),Strictness of employment protection,I,A,Annual,PRT,Portugal,EPL_OV,Individual and collective dismissals (regular contracts),0_TO_6,0-6 scale,VERSION1,Version 1 (1985-2019),2005,,4.416666508,,F,Free (free for publication),2,Two,A,Normal value,0,Units
DATAFLOW,OECD.ELS.JAI:DSD_EPL@DF_EPL(1.0),Strictness of employment protection,I,A,Annual,SVK,Slovak Republic,EPL_OV,Individual and collective dismissals (regular contracts),0_TO_6,0-6 scale,VERSION1,Version 1 (1985-2019),2005,,2.888888836,,F,Free (free for publication),2,Two,A,Normal value,0,Units
DATAFLOW,OECD.ELS.JAI:DSD_EPL@DF_EPL(1.0),Strictness of employment protection,I,A,Annual,ESP,Spain,EPL_OV,Individual and collective dismissals (regular contracts),0_TO_6,0-6 scale,VERSION1,Version 1 (1985-2019),2005,,2.357142925,,F,Free (free for publication),2,Two,A,Normal value,0,Units
DATAFLOW,OECD.ELS.JAI:DSD_EPL@DF_EPL(1.0),Strictness of employment protection,I,A,Annual,SWE,Sweden,EPL_OV,Individual and collective dismissals (regular contracts),0_TO_6,0-6 scale,VERSION1,Version 1 (1985-2019),2005,,2.446428537,,F,Free (free for publication),2,Two,A,Normal value,0,Units
DATAFLOW,OECD.ELS.JAI:DSD_EPL@DF_EPL(1.0),Strictness of employment protection,I,A,Annual,CHE,Switzerland,EPL_OV,Individual and collective dismissals (regular contracts),0_TO_6,0-6 scale,VERSION1,Version 1 (1985-2019),2005,,1.428571463,,F,Free (free for publication),2,Two,A,Normal value,0,Units
DATAFLOW,OECD.ELS.JAI:DSD_EPL@DF_EPL(1.0),Strictness of employment protection,I,A,Annual,TUR,Türkiye,EPL_OV,Individual and collective dismissals (regular contracts),0_TO_6,0-6 scale,VERSION1,Version 1 (1985-2019),2005,,2.976190567,,F,Free (free for publication),2,Two,A,Normal value,0,Units
DATAFLOW,OECD.ELS.JAI:DSD_EPL@DF_EPL(1.0),Strictness of employment protection,I,A,Annual,GBR,United Kingdom,EPL_OV,Individual and collective dismissals (regular contracts),0_TO_6,0-6 scale,VERSION1,Version 1 (1985-2019),2005,,1.511904716,,F,Free (free for publication),2,Two,A,Normal value,0,Units
DATAFLOW,OECD.ELS.JAI:DSD_EPL@DF_EPL(1.0),Strictness of employment protection,I,A,Annual,USA,United States,EPL_OV,Individual and collective dismissals (regular contracts),0_TO_6,0-6 scale,VERSION1,Version 1 (1985-2019),2005,,0.093333334,,F,Free (free for publication),2,Two,A,Normal value,0,Units
DATAFLOW,OECD.ELS.JAI:DSD_EPL@DF_EPL(1.0),Strictness of employment protection,I,A,Annual,AUS,Australia,EPL_OV,Individual and collective dismissals (regular contracts),0_TO_6,0-6 scale,VERSION1,Version 1 (1985-2019),2006,,1.416666627,,F,Free (free for publication),2,Two,A,Normal value,0,Units
DATAFLOW,OECD.ELS.JAI:DSD_EPL@DF_EPL(1.0),Strictness of employment protection,I,A,Annual,AUT,Austria,EPL_OV,Individual and collective dismissals (regular contracts),0_TO_6,0-6 scale,VERSION1,Version 1 (1985-2019),2006,,2.285714388,,F,Free (free for publication),2,Two,A,Normal value,0,Units
DATAFLOW,OECD.ELS.JAI:DSD_EPL@DF_EPL(1.0),Strictness of employment protection,I,A,Annual,BEL,Belgium,EPL_OV,Individual and collective dismissals (regular contracts),0_TO_6,0-6 scale,VERSION1,Version 1 (1985-2019),2006,,1.68650794,,F,Free (free for publication),2,Two,A,Normal value,0,Units
DATAFLOW,OECD.ELS.JAI:DSD_EPL@DF_EPL(1.0),Strictness of employment protection,I,A,Annual,CAN,Canada,EPL_OV,Individual and collective dismissals (regular contracts),0_TO_6,0-6 scale,VERSION1,Version 1 (1985-2019),2006,,0.587301612,,F,Free (free for publication),2,Two,A,Normal value,0,Units
DATAFLOW,OECD.ELS.JAI:DSD_EPL@DF_EPL(1.0),Strictness of employment protection,I,A,Annual,CZE,Czechia,EPL_OV,Individual and collective dismissals (regular contracts),0_TO_6,0-6 scale,VERSION1,Version 1 (1985-2019),2006,,3.638888836,,F,Free (free for publication),2,Two,A,Normal value,0,Units
DATAFLOW,OECD.ELS.JAI:DSD_EPL@DF_EPL(1.0),Strictness of employment protection,I,A,Annual,DNK,Denmark,EPL_OV,Individual and collective dismissals (regular contracts),0_TO_6,0-6 scale,VERSION1,Version 1 (1985-2019),2006,,1.46825397,,F,Free (free for publication),2,Two,A,Normal value,0,Units
DATAFLOW,OECD.ELS.JAI:DSD_EPL@DF_EPL(1.0),Strictness of employment protection,I,A,Annual,FIN,Finland,EPL_OV,Individual and collective dismissals (regular contracts),0_TO_6,0-6 scale,VERSION1,Version 1 (1985-2019),2006,,2.083333254,,F,Free (free for publication),2,Two,A,Normal value,0,Units
DATAFLOW,OECD.ELS.JAI:DSD_EPL@DF_EPL(1.0),Strictness of employment protection,I,A,Annual,FRA,France,EPL_OV,Individual and collective dismissals (regular contracts),0_TO_6,0-6 scale,VERSION1,Version 1 (1985-2019),2006,,2.706349134,,F,Free (free for publication),2,Two,A,Normal value,0,Units
DATAFLOW,OECD.ELS.JAI:DSD_EPL@DF_EPL(1.0),Strictness of employment protection,I,A,Annual,DEU,Germany,EPL_OV,Individual and collective dismissals (regular contracts),0_TO_6,0-6 scale,VERSION1,Version 1 (1985-2019),2006,,2.595238209,,F,Free (free for publication),2,Two,A,Normal value,0,Units
DATAFLOW,OECD.ELS.JAI:DSD_EPL@DF_EPL(1.0),Strictness of employment protection,I,A,Annual,GRC,Greece,EPL_OV,Individual and collective dismissals (regular contracts),0_TO_6,0-6 scale,VERSION1,Version 1 (1985-2019),2006,,3.134920597,,F,Free (free for publication),2,Two,A,Normal value,0,Units
DATAFLOW,OECD.ELS.JAI:DSD_EPL@DF_EPL(1.0),Strictness of employment protection,I,A,Annual,HUN,Hungary,EPL_OV,Individual and collective dismissals (regular contracts),0_TO_6,0-6 scale,VERSION1,Version 1 (1985-2019),2006,,2.003968239,,F,Free (free for publication),2,Two,A,Normal value,0,Units
DATAFLOW,OECD.ELS.JAI:DSD_EPL@DF_EPL(1.0),Strictness of employment protection,I,A,Annual,IRL,Ireland,EPL_OV,Individual and collective dismissals (regular contracts),0_TO_6,0-6 scale,VERSION1,Version 1 (1985-2019),2006,,1.103174567,,F,Free (free for publication),2,Two,A,Normal value,0,Units
DATAFLOW,OECD.ELS.JAI:DSD_EPL@DF_EPL(1.0),Strictness of employment protection,I,A,Annual,ITA,Italy,EPL_OV,Individual and collective dismissals (regular contracts),0_TO_6,0-6 scale,VERSION1,Version 1 (1985-2019),2006,,3.015872955,,F,Free (free for publication),2,Two,A,Normal value,0,Units
DATAFLOW,OECD.ELS.JAI:DSD_EPL@DF_EPL(1.0),Strictness of employment protection,I,A,Annual,JPN,Japan,EPL_OV,Individual and collective dismissals (regular contracts),0_TO_6,0-6 scale,VERSION1,Version 1 (1985-2019),2006,,1.702380896,,F,Free (free for publication),2,Two,A,Normal value,0,Units
DATAFLOW,OECD.ELS.JAI:DSD_EPL@DF_EPL(1.0),Strictness of employment protection,I,A,Annual,KOR,Korea,EPL_OV,Individual and collective dismissals (regular contracts),0_TO_6,0-6 scale,VERSION1,Version 1 (1985-2019),2006,,2.416666746,,F,Free (free for publication),2,Two,A,Normal value,0,Units
DATAFLOW,OECD.ELS.JAI:DSD_EPL@DF_EPL(1.0),Strictness of employment protection,I,A,Annual,MEX,Mexico,EPL_OV,Individual and collective dismissals (regular contracts),0_TO_6,0-6 scale,VERSION1,Version 1 (1985-2019),2006,,2.321428537,,F,Free (free for publication),2,Two,A,Normal value,0,Units
DATAFLOW,OECD.ELS.JAI:DSD_EPL@DF_EPL(1.0),Strictness of employment protection,I,A,Annual,NLD,Netherlands,EPL_OV,Individual and collective dismissals (regular contracts),0_TO_6,0-6 scale,VERSION1,Version 1 (1985-2019),2006,,3.301587343,,F,Free (free for publication),2,Two,A,Normal value,0,Units
DATAFLOW,OECD.ELS.JAI:DSD_EPL@DF_EPL(1.0),Strictness of employment protection,I,A,Annual,NZL,New Zealand,EPL_OV,Individual and collective dismissals (regular contracts),0_TO_6,0-6 scale,VERSION1,Version 1 (1985-2019),2006,,1.809523821,,F,Free (free for publication),2,Two,A,Normal value,0,Units
DATAFLOW,OECD.ELS.JAI:DSD_EPL@DF_EPL(1.0),Strictness of employment protection,I,A,Annual,NOR,Norway,EPL_OV,Individual and collective dismissals (regular contracts),0_TO_6,0-6 scale,VERSION1,Version 1 (1985-2019),2006,,2.333333254,,F,Free (free for publication),2,Two,A,Normal value,0,Units
DATAFLOW,OECD.ELS.JAI:DSD_EPL@DF_EPL(1.0),Strictness of employment protection,I,A,Annual,POL,Poland,EPL_OV,Individual and collective dismissals (regular contracts),0_TO_6,0-6 scale,VERSION1,Version 1 (1985-2019),2006,,2.325396776,,F,Free (free for publication),2,Two,A,Normal value,0,Units
DATAFLOW,OECD.ELS.JAI:DSD_EPL@DF_EPL(1.0),Strictness of employment protection,I,A,Annual,PRT,Portugal,EPL_OV,Individual and collective dismissals (regular contracts),0_TO_6,0-6 scale,VERSION1,Version 1 (1985-2019),2006,,4.416666508,,F,Free (free for publication),2,Two,A,Normal value,0,Units
DATAFLOW,OECD.ELS.JAI:DSD_EPL@DF_EPL(1.0),Strictness of employment protection,I,A,Annual,SVK,Slovak Republic,EPL_OV,Individual and collective dismissals (regular contracts),0_TO_6,0-6 scale,VERSION1,Version 1 (1985-2019),2006,,2.888888836,,F,Free (free for publication),2,Two,A,Normal value,0,Units
DATAFLOW,OECD.ELS.JAI:DSD_EPL@DF_EPL(1.0),Strictness of employment protection,I,A,Annual,ESP,Spain,EPL_OV,Individual and collective dismissals (regular contracts),0_TO_6,0-6 scale,VERSION1,Version 1 (1985-2019),2006,,2.357142925,,F,Free (free for publication),2,Two,A,Normal value,0,Units
DATAFLOW,OECD.ELS.JAI:DSD_EPL@DF_EPL(1.0),Strictness of employment protection,I,A,Annual,SWE,Sweden,EPL_OV,Individual and collective dismissals (regular contracts),0_TO_6,0-6 scale,VERSION1,Version 1 (1985-2019),2006,,2.446428537,,F,Free (free for publication),2,Two,A,Normal value,0,Units
DATAFLOW,OECD.ELS.JAI:DSD_EPL@DF_EPL(1.0),Strictness of employment protection,I,A,Annual,CHE,Switzerland,EPL_OV,Individual and collective dismissals (regular contracts),0_TO_6,0-6 scale,VERSION1,Version 1 (1985-2019),2006,,1.428571463,,F,Free (free for publication),2,Two,A,Normal value,0,Units
DATAFLOW,OECD.ELS.JAI:DSD_EPL@DF_EPL(1.0),Strictness of employment protection,I,A,Annual,TUR,Türkiye,EPL_OV,Individual and collective dismissals (regular contracts),0_TO_6,0-6 scale,VERSION1,Version 1 (1985-2019),2006,,2.976190567,,F,Free (free for publication),2,Two,A,Normal value,0,Units
DATAFLOW,OECD.ELS.JAI:DSD_EPL@DF_EPL(1.0),Strictness of employment protection,I,A,Annual,GBR,United Kingdom,EPL_OV,Individual and collective dismissals (regular contracts),0_TO_6,0-6 scale,VERSION1,Version 1 (1985-2019),2006,,1.511904716,,F,Free (free for publication),2,Two,A,Normal value,0,Units
DATAFLOW,OECD.ELS.JAI:DSD_EPL@DF_EPL(1.0),Strictness of employment protection,I,A,Annual,USA,United States,EPL_OV,Individual and collective dismissals (regular contracts),0_TO_6,0-6 scale,VERSION1,Version 1 (1985-2019),2006,,0.093333334,,F,Free (free for publication),2,Two,A,Normal value,0,Units
DATAFLOW,OECD.ELS.JAI:DSD_EPL@DF_EPL(1.0),Strictness of employment protection,I,A,Annual,AUS,Australia,EPL_OV,Individual and collective dismissals (regular contracts),0_TO_6,0-6 scale,VERSION1,Version 1 (1985-2019),2007,,1.166666627,,F,Free (free for publication),2,Two,A,Normal value,0,Units
DATAFLOW,OECD.ELS.JAI:DSD_EPL@DF_EPL(1.0),Strictness of employment protection,I,A,Annual,AUT,Austria,EPL_OV,Individual and collective dismissals (regular contracts),0_TO_6,0-6 scale,VERSION1,Version 1 (1985-2019),2007,,2.285714388,,F,Free (free for publication),2,Two,A,Normal value,0,Units
DATAFLOW,OECD.ELS.JAI:DSD_EPL@DF_EPL(1.0),Strictness of employment protection,I,A,Annual,BEL,Belgium,EPL_OV,Individual and collective dismissals (regular contracts),0_TO_6,0-6 scale,VERSION1,Version 1 (1985-2019),2007,,1.68650794,,F,Free (free for publication),2,Two,A,Normal value,0,Units
DATAFLOW,OECD.ELS.JAI:DSD_EPL@DF_EPL(1.0),Strictness of employment protection,I,A,Annual,CAN,Canada,EPL_OV,Individual and collective dismissals (regular contracts),0_TO_6,0-6 scale,VERSION1,Version 1 (1985-2019),2007,,0.587301612,,F,Free (free for publication),2,Two,A,Normal value,0,Units
DATAFLOW,OECD.ELS.JAI:DSD_EPL@DF_EPL(1.0),Strictness of employment protection,I,A,Annual,CZE,Czechia,EPL_OV,Individual and collective dismissals (regular contracts),0_TO_6,0-6 scale,VERSION1,Version 1 (1985-2019),2007,,3.384920597,,F,Free (free for publication),2,Two,A,Normal value,0,Units
DATAFLOW,OECD.ELS.JAI:DSD_EPL@DF_EPL(1.0),Strictness of employment protection,I,A,Annual,DNK,Denmark,EPL_OV,Individual and collective dismissals (regular contracts),0_TO_6,0-6 scale,VERSION1,Version 1 (1985-2019),2007,,1.46825397,,F,Free (free for publication),2,Two,A,Normal value,0,Units
DATAFLOW,OECD.ELS.JAI:DSD_EPL@DF_EPL(1.0),Strictness of employment protection,I,A,Annual,FIN,Finland,EPL_OV,Individual and collective dismissals (regular contracts),0_TO_6,0-6 scale,VERSION1,Version 1 (1985-2019),2007,,2.083333254,,F,Free (free for publication),2,Two,A,Normal value,0,Units
DATAFLOW,OECD.ELS.JAI:DSD_EPL@DF_EPL(1.0),Strictness of employment protection,I,A,Annual,FRA,France,EPL_OV,Individual and collective dismissals (regular contracts),0_TO_6,0-6 scale,VERSION1,Version 1 (1985-2019),2007,,2.706349134,,F,Free (free for publication),2,Two,A,Normal value,0,Units
DATAFLOW,OECD.ELS.JAI:DSD_EPL@DF_EPL(1.0),Strictness of employment protection,I,A,Annual,DEU,Germany,EPL_OV,Individual and collective dismissals (regular contracts),0_TO_6,0-6 scale,VERSION1,Version 1 (1985-2019),2007,,2.595238209,,F,Free (free for publication),2,Two,A,Normal value,0,Units
DATAFLOW,OECD.ELS.JAI:DSD_EPL@DF_EPL(1.0),Strictness of employment protection,I,A,Annual,GRC,Greece,EPL_OV,Individual and collective dismissals (regular contracts),0_TO_6,0-6 scale,VERSION1,Version 1 (1985-2019),2007,,3.134920597,,F,Free (free for publication),2,Two,A,Normal value,0,Units
DATAFLOW,OECD.ELS.JAI:DSD_EPL@DF_EPL(1.0),Strictness of employment protection,I,A,Annual,HUN,Hungary,EPL_OV,Individual and collective dismissals (regular contracts),0_TO_6,0-6 scale,VERSION1,Version 1 (1985-2019),2007,,2.003968239,,F,Free (free for publication),2,Two,A,Normal value,0,Units
DATAFLOW,OECD.ELS.JAI:DSD_EPL@DF_EPL(1.0),Strictness of employment protection,I,A,Annual,IRL,Ireland,EPL_OV,Individual and collective dismissals (regular contracts),0_TO_6,0-6 scale,VERSION1,Version 1 (1985-2019),2007,,1.103174567,,F,Free (free for publication),2,Two,A,Normal value,0,Units
DATAFLOW,OECD.ELS.JAI:DSD_EPL@DF_EPL(1.0),Strictness of employment protection,I,A,Annual,ITA,Italy,EPL_OV,Individual and collective dismissals (regular contracts),0_TO_6,0-6 scale,VERSION1,Version 1 (1985-2019),2007,,3.015872955,,F,Free (free for publication),2,Two,A,Normal value,0,Units
DATAFLOW,OECD.ELS.JAI:DSD_EPL@DF_EPL(1.0),Strictness of employment protection,I,A,Annual,JPN,Japan,EPL_OV,Individual and collective dismissals (regular contracts),0_TO_6,0-6 scale,VERSION1,Version 1 (1985-2019),2007,,1.369047642,,F,Free (free for publication),2,Two,A,Normal value,0,Units
DATAFLOW,OECD.ELS.JAI:DSD_EPL@DF_EPL(1.0),Strictness of employment protection,I,A,Annual,KOR,Korea,EPL_OV,Individual and collective dismissals (regular contracts),0_TO_6,0-6 scale,VERSION1,Version 1 (1985-2019),2007,,2.416666746,,F,Free (free for publication),2,Two,A,Normal value,0,Units
DATAFLOW,OECD.ELS.JAI:DSD_EPL@DF_EPL(1.0),Strictness of employment protection,I,A,Annual,MEX,Mexico,EPL_OV,Individual and collective dismissals (regular contracts),0_TO_6,0-6 scale,VERSION1,Version 1 (1985-2019),2007,,2.321428537,,F,Free (free for publication),2,Two,A,Normal value,0,Units
DATAFLOW,OECD.ELS.JAI:DSD_EPL@DF_EPL(1.0),Strictness of employment protection,I,A,Annual,NLD,Netherlands,EPL_OV,Individual and collective dismissals (regular contracts),0_TO_6,0-6 scale,VERSION1,Version 1 (1985-2019),2007,,3.301587343,,F,Free (free for publication),2,Two,A,Normal value,0,Units
DATAFLOW,OECD.ELS.JAI:DSD_EPL@DF_EPL(1.0),Strictness of employment protection,I,A,Annual,NZL,New Zealand,EPL_OV,Individual and collective dismissals (regular contracts),0_TO_6,0-6 scale,VERSION1,Version 1 (1985-2019),2007,,1.809523821,,F,Free (free for publication),2,Two,A,Normal value,0,Units
DATAFLOW,OECD.ELS.JAI:DSD_EPL@DF_EPL(1.0),Strictness of employment protection,I,A,Annual,NOR,Norway,EPL_OV,Individual and collective dismissals (regular contracts),0_TO_6,0-6 scale,VERSION1,Version 1 (1985-2019),2007,,2.333333254,,F,Free (free for publication),2,Two,A,Normal value,0,Units
DATAFLOW,OECD.ELS.JAI:DSD_EPL@DF_EPL(1.0),Strictness of employment protection,I,A,Annual,POL,Poland,EPL_OV,Individual and collective dismissals (regular contracts),0_TO_6,0-6 scale,VERSION1,Version 1 (1985-2019),2007,,2.325396776,,F,Free (free for publication),2,Two,A,Normal value,0,Units
DATAFLOW,OECD.ELS.JAI:DSD_EPL@DF_EPL(1.0),Strictness of employment protection,I,A,Annual,PRT,Portugal,EPL_OV,Individual and collective dismissals (regular contracts),0_TO_6,0-6 scale,VERSION1,Version 1 (1985-2019),2007,,4.416666508,,F,Free (free for publication),2,Two,A,Normal value,0,Units
DATAFLOW,OECD.ELS.JAI:DSD_EPL@DF_EPL(1.0),Strictness of employment protection,I,A,Annual,SVK,Slovak Republic,EPL_OV,Individual and collective dismissals (regular contracts),0_TO_6,0-6 scale,VERSION1,Version 1 (1985-2019),2007,,2.888888836,,F,Free (free for publication),2,Two,A,Normal value,0,Units
DATAFLOW,OECD.ELS.JAI:DSD_EPL@DF_EPL(1.0),Strictness of employment protection,I,A,Annual,ESP,Spain,EPL_OV,Individual and collective dismissals (regular contracts),0_TO_6,0-6 scale,VERSION1,Version 1 (1985-2019),2007,,2.357142925,,F,Free (free for publication),2,Two,A,Normal value,0,Units
DATAFLOW,OECD.ELS.JAI:DSD_EPL@DF_EPL(1.0),Strictness of employment protection,I,A,Annual,SWE,Sweden,EPL_OV,Individual and collective dismissals (regular contracts),0_TO_6,0-6 scale,VERSION1,Version 1 (1985-2019),2007,,2.446428537,,F,Free (free for publication),2,Two,A,Normal value,0,Units
DATAFLOW,OECD.ELS.JAI:DSD_EPL@DF_EPL(1.0),Strictness of employment protection,I,A,Annual,CHE,Switzerland,EPL_OV,Individual and collective dismissals (regular contracts),0_TO_6,0-6 scale,VERSION1,Version 1 (1985-2019),2007,,1.428571463,,F,Free (free for publication),2,Two,A,Normal value,0,Units
DATAFLOW,OECD.ELS.JAI:DSD_EPL@DF_EPL(1.0),Strictness of employment protection,I,A,Annual,TUR,Türkiye,EPL_OV,Individual and collective dismissals (regular contracts),0_TO_6,0-6 scale,VERSION1,Version 1 (1985-2019),2007,,2.976190567,,F,Free (free for publication),2,Two,A,Normal value,0,Units
DATAFLOW,OECD.ELS.JAI:DSD_EPL@DF_EPL(1.0),Strictness of employment protection,I,A,Annual,GBR,United Kingdom,EPL_OV,Individual and collective dismissals (regular contracts),0_TO_6,0-6 scale,VERSION1,Version 1 (1985-2019),2007,,1.511904716,,F,Free (free for publication),2,Two,A,Normal value,0,Units
DATAFLOW,OECD.ELS.JAI:DSD_EPL@DF_EPL(1.0),Strictness of employment protection,I,A,Annual,USA,United States,EPL_OV,Individual and collective dismissals (regular contracts),0_TO_6,0-6 scale,VERSION1,Version 1 (1985-2019),2007,,0.093333334,,F,Free (free for publication),2,Two,A,Normal value,0,Units
DATAFLOW,OECD.ELS.JAI:DSD_EPL@DF_EPL(1.0),Strictness of employment protection,I,A,Annual,AUS,Australia,EPL_OV,Individual and collective dismissals (regular contracts),0_TO_6,0-6 scale,VERSION1,Version 1 (1985-2019),2008,,1.166666627,,F,Free (free for publication),2,Two,A,Normal value,0,Units
DATAFLOW,OECD.ELS.JAI:DSD_EPL@DF_EPL(1.0),Strictness of employment protection,I,A,Annual,AUT,Austria,EPL_OV,Individual and collective dismissals (regular contracts),0_TO_6,0-6 scale,VERSION1,Version 1 (1985-2019),2008,,2.285714388,,F,Free (free for publication),2,Two,A,Normal value,0,Units
DATAFLOW,OECD.ELS.JAI:DSD_EPL@DF_EPL(1.0),Strictness of employment protection,I,A,Annual,BEL,Belgium,EPL_OV,Individual and collective dismissals (regular contracts),0_TO_6,0-6 scale,VERSION1,Version 1 (1985-2019),2008,,1.68650794,,F,Free (free for publication),2,Two,A,Normal value,0,Units
DATAFLOW,OECD.ELS.JAI:DSD_EPL@DF_EPL(1.0),Strictness of employment protection,I,A,Annual,CAN,Canada,EPL_OV,Individual and collective dismissals (regular contracts),0_TO_6,0-6 scale,VERSION1,Version 1 (1985-2019),2008,,0.587301612,,F,Free (free for publication),2,Two,A,Normal value,0,Units
DATAFLOW,OECD.ELS.JAI:DSD_EPL@DF_EPL(1.0),Strictness of employment protection,I,A,Annual,CHL,Chile,EPL_OV,Individual and collective dismissals (regular contracts),0_TO_6,0-6 scale,VERSION1,Version 1 (1985-2019),2008,,2.674603224,,F,Free (free for publication),2,Two,A,Normal value,0,Units
DATAFLOW,OECD.ELS.JAI:DSD_EPL@DF_EPL(1.0),Strictness of employment protection,I,A,Annual,CZE,Czechia,EPL_OV,Individual and collective dismissals (regular contracts),0_TO_6,0-6 scale,VERSION1,Version 1 (1985-2019),2008,,3.384920597,,F,Free (free for publication),2,Two,A,Normal value,0,Units
DATAFLOW,OECD.ELS.JAI:DSD_EPL@DF_EPL(1.0),Strictness of employment protection,I,A,Annual,DNK,Denmark,EPL_OV,Individual and collective dismissals (regular contracts),0_TO_6,0-6 scale,VERSION1,Version 1 (1985-2019),2008,,1.46825397,,F,Free (free for publication),2,Two,A,Normal value,0,Units
DATAFLOW,OECD.ELS.JAI:DSD_EPL@DF_EPL(1.0),Strictness of employment protection,I,A,Annual,EST,Estonia,EPL_OV,Individual and collective dismissals (regular contracts),0_TO_6,0-6 scale,VERSION1,Version 1 (1985-2019),2008,,2.742063522,,F,Free (free for publication),2,Two,A,Normal value,0,Units
DATAFLOW,OECD.ELS.JAI:DSD_EPL@DF_EPL(1.0),Strictness of employment protection,I,A,Annual,FIN,Finland,EPL_OV,Individual and collective dismissals (regular contracts),0_TO_6,0-6 scale,VERSION1,Version 1 (1985-2019),2008,,2.083333254,,F,Free (free for publication),2,Two,A,Normal value,0,Units
DATAFLOW,OECD.ELS.JAI:DSD_EPL@DF_EPL(1.0),Strictness of employment protection,I,A,Annual,FRA,France,EPL_OV,Individual and collective dismissals (regular contracts),0_TO_6,0-6 scale,VERSION1,Version 1 (1985-2019),2008,,2.579365015,,F,Free (free for publication),2,Two,A,Normal value,0,Units
DATAFLOW,OECD.ELS.JAI:DSD_EPL@DF_EPL(1.0),Strictness of employment protection,I,A,Annual,DEU,Germany,EPL_OV,Individual and collective dismissals (regular contracts),0_TO_6,0-6 scale,VERSION1,Version 1 (1985-2019),2008,,2.595238209,,F,Free (free for publication),2,Two,A,Normal value,0,Units
DATAFLOW,OECD.ELS.JAI:DSD_EPL@DF_EPL(1.0),Strictness of employment protection,I,A,Annual,GRC,Greece,EPL_OV,Individual and collective dismissals (regular contracts),0_TO_6,0-6 scale,VERSION1,Version 1 (1985-2019),2008,,3.134920597,,F,Free (free for publication),2,Two,A,Normal value,0,Units
DATAFLOW,OECD.ELS.JAI:DSD_EPL@DF_EPL(1.0),Strictness of employment protection,I,A,Annual,HUN,Hungary,EPL_OV,Individual and collective dismissals (regular contracts),0_TO_6,0-6 scale,VERSION1,Version 1 (1985-2019),2008,,2.003968239,,F,Free (free for publication),2,Two,A,Normal value,0,Units
DATAFLOW,OECD.ELS.JAI:DSD_EPL@DF_EPL(1.0),Strictness of employment protection,I,A,Annual,ISL,Iceland,EPL_OV,Individual and collective dismissals (regular contracts),0_TO_6,0-6 scale,VERSION1,Version 1 (1985-2019),2008,,1.396825433,,F,Free (free for publication),2,Two,A,Normal value,0,Units
DATAFLOW,OECD.ELS.JAI:DSD_EPL@DF_EPL(1.0),Strictness of employment protection,I,A,Annual,IRL,Ireland,EPL_OV,Individual and collective dismissals (regular contracts),0_TO_6,0-6 scale,VERSION1,Version 1 (1985-2019),2008,,1.103174567,,F,Free (free for publication),2,Two,A,Normal value,0,Units
DATAFLOW,OECD.ELS.JAI:DSD_EPL@DF_EPL(1.0),Strictness of employment protection,I,A,Annual,ISR,Israel,EPL_OV,Individual and collective dismissals (regular contracts),0_TO_6,0-6 scale,VERSION1,Version 1 (1985-2019),2008,,2.369047642,,F,Free (free for publication),2,Two,A,Normal value,0,Units
DATAFLOW,OECD.ELS.JAI:DSD_EPL@DF_EPL(1.0),Strictness of employment protection,I,A,Annual,ITA,Italy,EPL_OV,Individual and collective dismissals (regular contracts),0_TO_6,0-6 scale,VERSION1,Version 1 (1985-2019),2008,,3.015872955,,F,Free (free for publication),2,Two,A,Normal value,0,Units
DATAFLOW,OECD.ELS.JAI:DSD_EPL@DF_EPL(1.0),Strictness of employment protection,I,A,Annual,JPN,Japan,EPL_OV,Individual and collective dismissals (regular contracts),0_TO_6,0-6 scale,VERSION1,Version 1 (1985-2019),2008,,1.369047642,,F,Free (free for publication),2,Two,A,Normal value,0,Units
DATAFLOW,OECD.ELS.JAI:DSD_EPL@DF_EPL(1.0),Strictness of employment protection,I,A,Annual,KOR,Korea,EPL_OV,Individual and collective dismissals (regular contracts),0_TO_6,0-6 scale,VERSION1,Version 1 (1985-2019),2008,,2.416666746,,F,Free (free for publication),2,Two,A,Normal value,0,Units
DATAFLOW,OECD.ELS.JAI:DSD_EPL@DF_EPL(1.0),Strictness of employment protection,I,A,Annual,LUX,Luxembourg,EPL_OV,Individual and collective dismissals (regular contracts),0_TO_6,0-6 scale,VERSION1,Version 1 (1985-2019),2008,,2.136031866,,F,Free (free for publication),2,Two,A,Normal value,0,Units
DATAFLOW,OECD.ELS.JAI:DSD_EPL@DF_EPL(1.0),Strictness of employment protection,I,A,Annual,MEX,Mexico,EPL_OV,Individual and collective dismissals (regular contracts),0_TO_6,0-6 scale,VERSION1,Version 1 (1985-2019),2008,,2.321428537,,F,Free (free for publication),2,Two,A,Normal value,0,Units
DATAFLOW,OECD.ELS.JAI:DSD_EPL@DF_EPL(1.0),Strictness of employment protection,I,A,Annual,NLD,Netherlands,EPL_OV,Individual and collective dismissals (regular contracts),0_TO_6,0-6 scale,VERSION1,Version 1 (1985-2019),2008,,3.301587343,,F,Free (free for publication),2,Two,A,Normal value,0,Units
DATAFLOW,OECD.ELS.JAI:DSD_EPL@DF_EPL(1.0),Strictness of employment protection,I,A,Annual,NZL,New Zealand,EPL_OV,Individual and collective dismissals (regular contracts),0_TO_6,0-6 scale,VERSION1,Version 1 (1985-2019),2008,,1.809523821,,F,Free (free for publication),2,Two,A,Normal value,0,Units
DATAFLOW,OECD.ELS.JAI:DSD_EPL@DF_EPL(1.0),Strictness of employment protection,I,A,Annual,NOR,Norway,EPL_OV,Individual and collective dismissals (regular contracts),0_TO_6,0-6 scale,VERSION1,Version 1 (1985-2019),2008,,2.333333254,,F,Free (free for publication),2,Two,A,Normal value,0,Units
DATAFLOW,OECD.ELS.JAI:DSD_EPL@DF_EPL(1.0),Strictness of employment protection,I,A,Annual,POL,Poland,EPL_OV,Individual and collective dismissals (regular contracts),0_TO_6,0-6 scale,VERSION1,Version 1 (1985-2019),2008,,2.325396776,,F,Free (free for publication),2,Two,A,Normal value,0,Units
DATAFLOW,OECD.ELS.JAI:DSD_EPL@DF_EPL(1.0),Strictness of employment protection,I,A,Annual,PRT,Portugal,EPL_OV,Individual and collective dismissals (regular contracts),0_TO_6,0-6 scale,VERSION1,Version 1 (1985-2019),2008,,4.416666508,,F,Free (free for publication),2,Two,A,Normal value,0,Units
DATAFLOW,OECD.ELS.JAI:DSD_EPL@DF_EPL(1.0),Strictness of employment protection,I,A,Annual,SVK,Slovak Republic,EPL_OV,Individual and collective dismissals (regular contracts),0_TO_6,0-6 scale,VERSION1,Version 1 (1985-2019),2008,,2.888888836,,F,Free (free for publication),2,Two,A,Normal value,0,Units
DATAFLOW,OECD.ELS.JAI:DSD_EPL@DF_EPL(1.0),Strictness of employment protection,I,A,Annual,SVN,Slovenia,EPL_OV,Individual and collective dismissals (regular contracts),0_TO_6,0-6 scale,VERSION1,Version 1 (1985-2019),2008,,2.650793552,,F,Free (free for publication),2,Two,A,Normal value,0,Units
DATAFLOW,OECD.ELS.JAI:DSD_EPL@DF_EPL(1.0),Strictness of employment protection,I,A,Annual,ESP,Spain,EPL_OV,Individual and collective dismissals (regular contracts),0_TO_6,0-6 scale,VERSION1,Version 1 (1985-2019),2008,,2.357142925,,F,Free (free for publication),2,Two,A,Normal value,0,Units
DATAFLOW,OECD.ELS.JAI:DSD_EPL@DF_EPL(1.0),Strictness of employment protection,I,A,Annual,SWE,Sweden,EPL_OV,Individual and collective dismissals (regular contracts),0_TO_6,0-6 scale,VERSION1,Version 1 (1985-2019),2008,,2.446428537,,F,Free (free for publication),2,Two,A,Normal value,0,Units
DATAFLOW,OECD.ELS.JAI:DSD_EPL@DF_EPL(1.0),Strictness of employment protection,I,A,Annual,CHE,Switzerland,EPL_OV,Individual and collective dismissals (regular contracts),0_TO_6,0-6 scale,VERSION1,Version 1 (1985-2019),2008,,1.428571463,,F,Free (free for publication),2,Two,A,Normal value,0,Units
DATAFLOW,OECD.ELS.JAI:DSD_EPL@DF_EPL(1.0),Strictness of employment protection,I,A,Annual,TUR,Türkiye,EPL_OV,Individual and collective dismissals (regular contracts),0_TO_6,0-6 scale,VERSION1,Version 1 (1985-2019),2008,,2.976190567,,F,Free (free for publication),2,Two,A,Normal value,0,Units
DATAFLOW,OECD.ELS.JAI:DSD_EPL@DF_EPL(1.0),Strictness of employment protection,I,A,Annual,GBR,United Kingdom,EPL_OV,Individual and collective dismissals (regular contracts),0_TO_6,0-6 scale,VERSION1,Version 1 (1985-2019),2008,,1.511904716,,F,Free (free for publication),2,Two,A,Normal value,0,Units
DATAFLOW,OECD.ELS.JAI:DSD_EPL@DF_EPL(1.0),Strictness of employment protection,I,A,Annual,USA,United States,EPL_OV,Individual and collective dismissals (regular contracts),0_TO_6,0-6 scale,VERSION1,Version 1 (1985-2019),2008,,0.093333334,,F,Free (free for publication),2,Two,A,Normal value,0,Units
DATAFLOW,OECD.ELS.JAI:DSD_EPL@DF_EPL(1.0),Strictness of employment protection,I,A,Annual,BRA,Brazil,EPL_OV,Individual and collective dismissals (regular contracts),0_TO_6,0-6 scale,VERSION1,Version 1 (1985-2019),2008,,1.432539701,,F,Free (free for publication),2,Two,A,Normal value,0,Units
DATAFLOW,OECD.ELS.JAI:DSD_EPL@DF_EPL(1.0),Strictness of employment protection,I,A,Annual,CHN,China (People’s Republic of),EPL_OV,Individual and collective dismissals (regular contracts),0_TO_6,0-6 scale,VERSION1,Version 1 (1985-2019),2008,,3.257936478,,F,Free (free for publication),2,Two,A,Normal value,0,Units
DATAFLOW,OECD.ELS.JAI:DSD_EPL@DF_EPL(1.0),Strictness of employment protection,I,A,Annual,IND,India,EPL_OV,Individual and collective dismissals (regular contracts),0_TO_6,0-6 scale,VERSION1,Version 1 (1985-2019),2008,,3.285714149,,F,Free (free for publication),2,Two,A,Normal value,0,Units
DATAFLOW,OECD.ELS.JAI:DSD_EPL@DF_EPL(1.0),Strictness of employment protection,I,A,Annual,IDN,Indonesia,EPL_OV,Individual and collective dismissals (regular contracts),0_TO_6,0-6 scale,VERSION1,Version 1 (1985-2019),2008,,4.075397015,,F,Free (free for publication),2,Two,A,Normal value,0,Units
DATAFLOW,OECD.ELS.JAI:DSD_EPL@DF_EPL(1.0),Strictness of employment protection,I,A,Annual,RUS,Russia,EPL_OV,Individual and collective dismissals (regular contracts),0_TO_6,0-6 scale,VERSION1,Version 1 (1985-2019),2008,,3.06349206,,F,Free (free for publication),2,Two,A,Normal value,0,Units
DATAFLOW,OECD.ELS.JAI:DSD_EPL@DF_EPL(1.0),Strictness of employment protection,I,A,Annual,SAU,Saudi Arabia,EPL_OV,Individual and collective dismissals (regular contracts),0_TO_6,0-6 scale,VERSION1,Version 1 (1985-2019),2008,,1.373015881,,F,Free (free for publication),2,Two,A,Normal value,0,Units
DATAFLOW,OECD.ELS.JAI:DSD_EPL@DF_EPL(1.0),Strictness of employment protection,I,A,Annual,ZAF,South Africa,EPL_OV,Individual and collective dismissals (regular contracts),0_TO_6,0-6 scale,VERSION1,Version 1 (1985-2019),2008,,2.15873003,,F,Free (free for publication),2,Two,A,Normal value,0,Units
DATAFLOW,OECD.ELS.JAI:DSD_EPL@DF_EPL(1.0),Strictness of employment protection,I,A,Annual,AUS,Australia,EPL_OV,Individual and collective dismissals (regular contracts),0_TO_6,0-6 scale,VERSION1,Version 1 (1985-2019),2009,,1.166666627,,F,Free (free for publication),2,Two,A,Normal value,0,Units
DATAFLOW,OECD.ELS.JAI:DSD_EPL@DF_EPL(1.0),Strictness of employment protection,I,A,Annual,AUT,Austria,EPL_OV,Individual and collective dismissals (regular contracts),0_TO_6,0-6 scale,VERSION1,Version 1 (1985-2019),2009,,2.285714388,,F,Free (free for publication),2,Two,A,Normal value,0,Units
DATAFLOW,OECD.ELS.JAI:DSD_EPL@DF_EPL(1.0),Strictness of employment protection,I,A,Annual,BEL,Belgium,EPL_OV,Individual and collective dismissals (regular contracts),0_TO_6,0-6 scale,VERSION1,Version 1 (1985-2019),2009,,1.68650794,,F,Free (free for publication),2,Two,A,Normal value,0,Units
DATAFLOW,OECD.ELS.JAI:DSD_EPL@DF_EPL(1.0),Strictness of employment protection,I,A,Annual,CAN,Canada,EPL_OV,Individual and collective dismissals (regular contracts),0_TO_6,0-6 scale,VERSION1,Version 1 (1985-2019),2009,,0.587301612,,F,Free (free for publication),2,Two,A,Normal value,0,Units
DATAFLOW,OECD.ELS.JAI:DSD_EPL@DF_EPL(1.0),Strictness of employment protection,I,A,Annual,CHL,Chile,EPL_OV,Individual and collective dismissals (regular contracts),0_TO_6,0-6 scale,VERSION1,Version 1 (1985-2019),2009,,2.674603224,,F,Free (free for publication),2,Two,A,Normal value,0,Units
DATAFLOW,OECD.ELS.JAI:DSD_EPL@DF_EPL(1.0),Strictness of employment protection,I,A,Annual,CZE,Czechia,EPL_OV,Individual and collective dismissals (regular contracts),0_TO_6,0-6 scale,VERSION1,Version 1 (1985-2019),2009,,3.384920597,,F,Free (free for publication),2,Two,A,Normal value,0,Units
DATAFLOW,OECD.ELS.JAI:DSD_EPL@DF_EPL(1.0),Strictness of employment protection,I,A,Annual,DNK,Denmark,EPL_OV,Individual and collective dismissals (regular contracts),0_TO_6,0-6 scale,VERSION1,Version 1 (1985-2019),2009,,1.46825397,,F,Free (free for publication),2,Two,A,Normal value,0,Units
DATAFLOW,OECD.ELS.JAI:DSD_EPL@DF_EPL(1.0),Strictness of employment protection,I,A,Annual,EST,Estonia,EPL_OV,Individual and collective dismissals (regular contracts),0_TO_6,0-6 scale,VERSION1,Version 1 (1985-2019),2009,,2.742063522,,F,Free (free for publication),2,Two,A,Normal value,0,Units
DATAFLOW,OECD.ELS.JAI:DSD_EPL@DF_EPL(1.0),Strictness of employment protection,I,A,Annual,FIN,Finland,EPL_OV,Individual and collective dismissals (regular contracts),0_TO_6,0-6 scale,VERSION1,Version 1 (1985-2019),2009,,2.083333254,,F,Free (free for publication),2,Two,A,Normal value,0,Units
DATAFLOW,OECD.ELS.JAI:DSD_EPL@DF_EPL(1.0),Strictness of employment protection,I,A,Annual,FRA,France,EPL_OV,Individual and collective dismissals (regular contracts),0_TO_6,0-6 scale,VERSION1,Version 1 (1985-2019),2009,,2.496031761,,F,Free (free for publication),2,Two,A,Normal value,0,Units
DATAFLOW,OECD.ELS.JAI:DSD_EPL@DF_EPL(1.0),Strictness of employment protection,I,A,Annual,DEU,Germany,EPL_OV,Individual and collective dismissals (regular contracts),0_TO_6,0-6 scale,VERSION1,Version 1 (1985-2019),2009,,2.595238209,,F,Free (free for publication),2,Two,A,Normal value,0,Units
DATAFLOW,OECD.ELS.JAI:DSD_EPL@DF_EPL(1.0),Strictness of employment protection,I,A,Annual,GRC,Greece,EPL_OV,Individual and collective dismissals (regular contracts),0_TO_6,0-6 scale,VERSION1,Version 1 (1985-2019),2009,,3.134920597,,F,Free (free for publication),2,Two,A,Normal value,0,Units
DATAFLOW,OECD.ELS.JAI:DSD_EPL@DF_EPL(1.0),Strictness of employment protection,I,A,Annual,HUN,Hungary,EPL_OV,Individual and collective dismissals (regular contracts),0_TO_6,0-6 scale,VERSION1,Version 1 (1985-2019),2009,,2.003968239,,F,Free (free for publication),2,Two,A,Normal value,0,Units
DATAFLOW,OECD.ELS.JAI:DSD_EPL@DF_EPL(1.0),Strictness of employment protection,I,A,Annual,ISL,Iceland,EPL_OV,Individual and collective dismissals (regular contracts),0_TO_6,0-6 scale,VERSION1,Version 1 (1985-2019),2009,,1.56349206,,F,Free (free for publication),2,Two,A,Normal value,0,Units
DATAFLOW,OECD.ELS.JAI:DSD_EPL@DF_EPL(1.0),Strictness of employment protection,I,A,Annual,IRL,Ireland,EPL_OV,Individual and collective dismissals (regular contracts),0_TO_6,0-6 scale,VERSION1,Version 1 (1985-2019),2009,,1.103174567,,F,Free (free for publication),2,Two,A,Normal value,0,Units
DATAFLOW,OECD.ELS.JAI:DSD_EPL@DF_EPL(1.0),Strictness of employment protection,I,A,Annual,ISR,Israel,EPL_OV,Individual and collective dismissals (regular contracts),0_TO_6,0-6 scale,VERSION1,Version 1 (1985-2019),2009,,2.369047642,,F,Free (free for publication),2,Two,A,Normal value,0,Units
DATAFLOW,OECD.ELS.JAI:DSD_EPL@DF_EPL(1.0),Strictness of employment protection,I,A,Annual,ITA,Italy,EPL_OV,Individual and collective dismissals (regular contracts),0_TO_6,0-6 scale,VERSION1,Version 1 (1985-2019),2009,,3.015872955,,F,Free (free for publication),2,Two,A,Normal value,0,Units
DATAFLOW,OECD.ELS.JAI:DSD_EPL@DF_EPL(1.0),Strictness of employment protection,I,A,Annual,JPN,Japan,EPL_OV,Individual and collective dismissals (regular contracts),0_TO_6,0-6 scale,VERSION1,Version 1 (1985-2019),2009,,1.369047642,,F,Free (free for publication),2,Two,A,Normal value,0,Units
DATAFLOW,OECD.ELS.JAI:DSD_EPL@DF_EPL(1.0),Strictness of employment protection,I,A,Annual,KOR,Korea,EPL_OV,Individual and collective dismissals (regular contracts),0_TO_6,0-6 scale,VERSION1,Version 1 (1985-2019),2009,,2.416666746,,F,Free (free for publication),2,Two,A,Normal value,0,Units
DATAFLOW,OECD.ELS.JAI:DSD_EPL@DF_EPL(1.0),Strictness of employment protection,I,A,Annual,LUX,Luxembourg,EPL_OV,Individual and collective dismissals (regular contracts),0_TO_6,0-6 scale,VERSION1,Version 1 (1985-2019),2009,,2.136031866,,F,Free (free for publication),2,Two,A,Normal value,0,Units
DATAFLOW,OECD.ELS.JAI:DSD_EPL@DF_EPL(1.0),Strictness of employment protection,I,A,Annual,MEX,Mexico,EPL_OV,Individual and collective dismissals (regular contracts),0_TO_6,0-6 scale,VERSION1,Version 1 (1985-2019),2009,,2.321428537,,F,Free (free for publication),2,Two,A,Normal value,0,Units
DATAFLOW,OECD.ELS.JAI:DSD_EPL@DF_EPL(1.0),Strictness of employment protection,I,A,Annual,NLD,Netherlands,EPL_OV,Individual and collective dismissals (regular contracts),0_TO_6,0-6 scale,VERSION1,Version 1 (1985-2019),2009,,3.238095284,,F,Free (free for publication),2,Two,A,Normal value,0,Units
DATAFLOW,OECD.ELS.JAI:DSD_EPL@DF_EPL(1.0),Strictness of employment protection,I,A,Annual,NZL,New Zealand,EPL_OV,Individual and collective dismissals (regular contracts),0_TO_6,0-6 scale,VERSION1,Version 1 (1985-2019),2009,,1.809523821,,F,Free (free for publication),2,Two,A,Normal value,0,Units
DATAFLOW,OECD.ELS.JAI:DSD_EPL@DF_EPL(1.0),Strictness of employment protection,I,A,Annual,NOR,Norway,EPL_OV,Individual and collective dismissals (regular contracts),0_TO_6,0-6 scale,VERSION1,Version 1 (1985-2019),2009,,2.333333254,,F,Free (free for publication),2,Two,A,Normal value,0,Units
DATAFLOW,OECD.ELS.JAI:DSD_EPL@DF_EPL(1.0),Strictness of employment protection,I,A,Annual,POL,Poland,EPL_OV,Individual and collective dismissals (regular contracts),0_TO_6,0-6 scale,VERSION1,Version 1 (1985-2019),2009,,2.325396776,,F,Free (free for publication),2,Two,A,Normal value,0,Units
DATAFLOW,OECD.ELS.JAI:DSD_EPL@DF_EPL(1.0),Strictness of employment protection,I,A,Annual,PRT,Portugal,EPL_OV,Individual and collective dismissals (regular contracts),0_TO_6,0-6 scale,VERSION1,Version 1 (1985-2019),2009,,4.416666508,,F,Free (free for publication),2,Two,A,Normal value,0,Units
DATAFLOW,OECD.ELS.JAI:DSD_EPL@DF_EPL(1.0),Strictness of employment protection,I,A,Annual,SVK,Slovak Republic,EPL_OV,Individual and collective dismissals (regular contracts),0_TO_6,0-6 scale,VERSION1,Version 1 (1985-2019),2009,,2.888888836,,F,Free (free for publication),2,Two,A,Normal value,0,Units
DATAFLOW,OECD.ELS.JAI:DSD_EPL@DF_EPL(1.0),Strictness of employment protection,I,A,Annual,SVN,Slovenia,EPL_OV,Individual and collective dismissals (regular contracts),0_TO_6,0-6 scale,VERSION1,Version 1 (1985-2019),2009,,2.650793552,,F,Free (free for publication),2,Two,A,Normal value,0,Units
DATAFLOW,OECD.ELS.JAI:DSD_EPL@DF_EPL(1.0),Strictness of employment protection,I,A,Annual,ESP,Spain,EPL_OV,Individual and collective dismissals (regular contracts),0_TO_6,0-6 scale,VERSION1,Version 1 (1985-2019),2009,,2.357142925,,F,Free (free for publication),2,Two,A,Normal value,0,Units
DATAFLOW,OECD.ELS.JAI:DSD_EPL@DF_EPL(1.0),Strictness of employment protection,I,A,Annual,SWE,Sweden,EPL_OV,Individual and collective dismissals (regular contracts),0_TO_6,0-6 scale,VERSION1,Version 1 (1985-2019),2009,,2.446428537,,F,Free (free for publication),2,Two,A,Normal value,0,Units
DATAFLOW,OECD.ELS.JAI:DSD_EPL@DF_EPL(1.0),Strictness of employment protection,I,A,Annual,CHE,Switzerland,EPL_OV,Individual and collective dismissals (regular contracts),0_TO_6,0-6 scale,VERSION1,Version 1 (1985-2019),2009,,1.428571463,,F,Free (free for publication),2,Two,A,Normal value,0,Units
DATAFLOW,OECD.ELS.JAI:DSD_EPL@DF_EPL(1.0),Strictness of employment protection,I,A,Annual,TUR,Türkiye,EPL_OV,Individual and collective dismissals (regular contracts),0_TO_6,0-6 scale,VERSION1,Version 1 (1985-2019),2009,,2.976190567,,F,Free (free for publication),2,Two,A,Normal value,0,Units
DATAFLOW,OECD.ELS.JAI:DSD_EPL@DF_EPL(1.0),Strictness of employment protection,I,A,Annual,GBR,United Kingdom,EPL_OV,Individual and collective dismissals (regular contracts),0_TO_6,0-6 scale,VERSION1,Version 1 (1985-2019),2009,,1.511904716,,F,Free (free for publication),2,Two,A,Normal value,0,Units
DATAFLOW,OECD.ELS.JAI:DSD_EPL@DF_EPL(1.0),Strictness of employment protection,I,A,Annual,USA,United States,EPL_OV,Individual and collective dismissals (regular contracts),0_TO_6,0-6 scale,VERSION1,Version 1 (1985-2019),2009,,0.093333334,,F,Free (free for publication),2,Two,A,Normal value,0,Units
DATAFLOW,OECD.ELS.JAI:DSD_EPL@DF_EPL(1.0),Strictness of employment protection,I,A,Annual,BRA,Brazil,EPL_OV,Individual and collective dismissals (regular contracts),0_TO_6,0-6 scale,VERSION1,Version 1 (1985-2019),2009,,1.432539701,,F,Free (free for publication),2,Two,A,Normal value,0,Units
DATAFLOW,OECD.ELS.JAI:DSD_EPL@DF_EPL(1.0),Strictness of employment protection,I,A,Annual,CHN,China (People’s Republic of),EPL_OV,Individual and collective dismissals (regular contracts),0_TO_6,0-6 scale,VERSION1,Version 1 (1985-2019),2009,,3.257936478,,F,Free (free for publication),2,Two,A,Normal value,0,Units
DATAFLOW,OECD.ELS.JAI:DSD_EPL@DF_EPL(1.0),Strictness of employment protection,I,A,Annual,IND,India,EPL_OV,Individual and collective dismissals (regular contracts),0_TO_6,0-6 scale,VERSION1,Version 1 (1985-2019),2009,,3.285714149,,F,Free (free for publication),2,Two,A,Normal value,0,Units
DATAFLOW,OECD.ELS.JAI:DSD_EPL@DF_EPL(1.0),Strictness of employment protection,I,A,Annual,IDN,Indonesia,EPL_OV,Individual and collective dismissals (regular contracts),0_TO_6,0-6 scale,VERSION1,Version 1 (1985-2019),2009,,4.075397015,,F,Free (free for publication),2,Two,A,Normal value,0,Units
DATAFLOW,OECD.ELS.JAI:DSD_EPL@DF_EPL(1.0),Strictness of employment protection,I,A,Annual,RUS,Russia,EPL_OV,Individual and collective dismissals (regular contracts),0_TO_6,0-6 scale,VERSION1,Version 1 (1985-2019),2009,,3.06349206,,F,Free (free for publication),2,Two,A,Normal value,0,Units
DATAFLOW,OECD.ELS.JAI:DSD_EPL@DF_EPL(1.0),Strictness of employment protection,I,A,Annual,SAU,Saudi Arabia,EPL_OV,Individual and collective dismissals (regular contracts),0_TO_6,0-6 scale,VERSION1,Version 1 (1985-2019),2009,,1.373015881,,F,Free (free for publication),2,Two,A,Normal value,0,Units
DATAFLOW,OECD.ELS.JAI:DSD_EPL@DF_EPL(1.0),Strictness of employment protection,I,A,Annual,ZAF,South Africa,EPL_OV,Individual and collective dismissals (regular contracts),0_TO_6,0-6 scale,VERSION1,Version 1 (1985-2019),2009,,2.15873003,,F,Free (free for publication),2,Two,A,Normal value,0,Units
DATAFLOW,OECD.ELS.JAI:DSD_EPL@DF_EPL(1.0),Strictness of employment protection,I,A,Annual,AUS,Australia,EPL_OV,Individual and collective dismissals (regular contracts),0_TO_6,0-6 scale,VERSION1,Version 1 (1985-2019),2010,,1.666666627,,F,Free (free for publication),2,Two,A,Normal value,0,Units
DATAFLOW,OECD.ELS.JAI:DSD_EPL@DF_EPL(1.0),Strictness of employment protection,I,A,Annual,AUT,Austria,EPL_OV,Individual and collective dismissals (regular contracts),0_TO_6,0-6 scale,VERSION1,Version 1 (1985-2019),2010,,2.285714388,,F,Free (free for publication),2,Two,A,Normal value,0,Units
DATAFLOW,OECD.ELS.JAI:DSD_EPL@DF_EPL(1.0),Strictness of employment protection,I,A,Annual,BEL,Belgium,EPL_OV,Individual and collective dismissals (regular contracts),0_TO_6,0-6 scale,VERSION1,Version 1 (1985-2019),2010,,1.876984119,,F,Free (free for publication),2,Two,A,Normal value,0,Units
DATAFLOW,OECD.ELS.JAI:DSD_EPL@DF_EPL(1.0),Strictness of employment protection,I,A,Annual,CAN,Canada,EPL_OV,Individual and collective dismissals (regular contracts),0_TO_6,0-6 scale,VERSION1,Version 1 (1985-2019),2010,,0.587301612,,F,Free (free for publication),2,Two,A,Normal value,0,Units
DATAFLOW,OECD.ELS.JAI:DSD_EPL@DF_EPL(1.0),Strictness of employment protection,I,A,Annual,CHL,Chile,EPL_OV,Individual and collective dismissals (regular contracts),0_TO_6,0-6 scale,VERSION1,Version 1 (1985-2019),2010,,2.674603224,,F,Free (free for publication),2,Two,A,Normal value,0,Units
DATAFLOW,OECD.ELS.JAI:DSD_EPL@DF_EPL(1.0),Strictness of employment protection,I,A,Annual,CZE,Czechia,EPL_OV,Individual and collective dismissals (regular contracts),0_TO_6,0-6 scale,VERSION1,Version 1 (1985-2019),2010,,3.384920597,,F,Free (free for publication),2,Two,A,Normal value,0,Units
DATAFLOW,OECD.ELS.JAI:DSD_EPL@DF_EPL(1.0),Strictness of employment protection,I,A,Annual,DNK,Denmark,EPL_OV,Individual and collective dismissals (regular contracts),0_TO_6,0-6 scale,VERSION1,Version 1 (1985-2019),2010,,1.46825397,,F,Free (free for publication),2,Two,A,Normal value,0,Units
DATAFLOW,OECD.ELS.JAI:DSD_EPL@DF_EPL(1.0),Strictness of employment protection,I,A,Annual,EST,Estonia,EPL_OV,Individual and collective dismissals (regular contracts),0_TO_6,0-6 scale,VERSION1,Version 1 (1985-2019),2010,,1.809523821,,F,Free (free for publication),2,Two,A,Normal value,0,Units
DATAFLOW,OECD.ELS.JAI:DSD_EPL@DF_EPL(1.0),Strictness of employment protection,I,A,Annual,FIN,Finland,EPL_OV,Individual and collective dismissals (regular contracts),0_TO_6,0-6 scale,VERSION1,Version 1 (1985-2019),2010,,2.083333254,,F,Free (free for publication),2,Two,A,Normal value,0,Units
DATAFLOW,OECD.ELS.JAI:DSD_EPL@DF_EPL(1.0),Strictness of employment protection,I,A,Annual,FRA,France,EPL_OV,Individual and collective dismissals (regular contracts),0_TO_6,0-6 scale,VERSION1,Version 1 (1985-2019),2010,,2.496031761,,F,Free (free for publication),2,Two,A,Normal value,0,Units
DATAFLOW,OECD.ELS.JAI:DSD_EPL@DF_EPL(1.0),Strictness of employment protection,I,A,Annual,DEU,Germany,EPL_OV,Individual and collective dismissals (regular contracts),0_TO_6,0-6 scale,VERSION1,Version 1 (1985-2019),2010,,2.595238209,,F,Free (free for publication),2,Two,A,Normal value,0,Units
DATAFLOW,OECD.ELS.JAI:DSD_EPL@DF_EPL(1.0),Strictness of employment protection,I,A,Annual,GRC,Greece,EPL_OV,Individual and collective dismissals (regular contracts),0_TO_6,0-6 scale,VERSION1,Version 1 (1985-2019),2010,,3.134920597,,F,Free (free for publication),2,Two,A,Normal value,0,Units
DATAFLOW,OECD.ELS.JAI:DSD_EPL@DF_EPL(1.0),Strictness of employment protection,I,A,Annual,HUN,Hungary,EPL_OV,Individual and collective dismissals (regular contracts),0_TO_6,0-6 scale,VERSION1,Version 1 (1985-2019),2010,,2.003968239,,F,Free (free for publication),2,Two,A,Normal value,0,Units
DATAFLOW,OECD.ELS.JAI:DSD_EPL@DF_EPL(1.0),Strictness of employment protection,I,A,Annual,ISL,Iceland,EPL_OV,Individual and collective dismissals (regular contracts),0_TO_6,0-6 scale,VERSION1,Version 1 (1985-2019),2010,,1.56349206,,F,Free (free for publication),2,Two,A,Normal value,0,Units
DATAFLOW,OECD.ELS.JAI:DSD_EPL@DF_EPL(1.0),Strictness of employment protection,I,A,Annual,IRL,Ireland,EPL_OV,Individual and collective dismissals (regular contracts),0_TO_6,0-6 scale,VERSION1,Version 1 (1985-2019),2010,,1.103174567,,F,Free (free for publication),2,Two,A,Normal value,0,Units
DATAFLOW,OECD.ELS.JAI:DSD_EPL@DF_EPL(1.0),Strictness of employment protection,I,A,Annual,ISR,Israel,EPL_OV,Individual and collective dismissals (regular contracts),0_TO_6,0-6 scale,VERSION1,Version 1 (1985-2019),2010,,2.369047642,,F,Free (free for publication),2,Two,A,Normal value,0,Units
DATAFLOW,OECD.ELS.JAI:DSD_EPL@DF_EPL(1.0),Strictness of employment protection,I,A,Annual,ITA,Italy,EPL_OV,Individual and collective dismissals (regular contracts),0_TO_6,0-6 scale,VERSION1,Version 1 (1985-2019),2010,,3.015872955,,F,Free (free for publication),2,Two,A,Normal value,0,Units
DATAFLOW,OECD.ELS.JAI:DSD_EPL@DF_EPL(1.0),Strictness of employment protection,I,A,Annual,JPN,Japan,EPL_OV,Individual and collective dismissals (regular contracts),0_TO_6,0-6 scale,VERSION1,Version 1 (1985-2019),2010,,1.369047642,,F,Free (free for publication),2,Two,A,Normal value,0,Units
DATAFLOW,OECD.ELS.JAI:DSD_EPL@DF_EPL(1.0),Strictness of employment protection,I,A,Annual,KOR,Korea,EPL_OV,Individual and collective dismissals (regular contracts),0_TO_6,0-6 scale,VERSION1,Version 1 (1985-2019),2010,,2.416666746,,F,Free (free for publication),2,Two,A,Normal value,0,Units
DATAFLOW,OECD.ELS.JAI:DSD_EPL@DF_EPL(1.0),Strictness of employment protection,I,A,Annual,LUX,Luxembourg,EPL_OV,Individual and collective dismissals (regular contracts),0_TO_6,0-6 scale,VERSION1,Version 1 (1985-2019),2010,,2.136031866,,F,Free (free for publication),2,Two,A,Normal value,0,Units
DATAFLOW,OECD.ELS.JAI:DSD_EPL@DF_EPL(1.0),Strictness of employment protection,I,A,Annual,MEX,Mexico,EPL_OV,Individual and collective dismissals (regular contracts),0_TO_6,0-6 scale,VERSION1,Version 1 (1985-2019),2010,,2.321428537,,F,Free (free for publication),2,Two,A,Normal value,0,Units
DATAFLOW,OECD.ELS.JAI:DSD_EPL@DF_EPL(1.0),Strictness of employment protection,I,A,Annual,NLD,Netherlands,EPL_OV,Individual and collective dismissals (regular contracts),0_TO_6,0-6 scale,VERSION1,Version 1 (1985-2019),2010,,3.238095284,,F,Free (free for publication),2,Two,A,Normal value,0,Units
DATAFLOW,OECD.ELS.JAI:DSD_EPL@DF_EPL(1.0),Strictness of employment protection,I,A,Annual,NZL,New Zealand,EPL_OV,Individual and collective dismissals (regular contracts),0_TO_6,0-6 scale,VERSION1,Version 1 (1985-2019),2010,,1.809523821,,F,Free (free for publication),2,Two,A,Normal value,0,Units
DATAFLOW,OECD.ELS.JAI:DSD_EPL@DF_EPL(1.0),Strictness of employment protection,I,A,Annual,NOR,Norway,EPL_OV,Individual and collective dismissals (regular contracts),0_TO_6,0-6 scale,VERSION1,Version 1 (1985-2019),2010,,2.333333254,,F,Free (free for publication),2,Two,A,Normal value,0,Units
DATAFLOW,OECD.ELS.JAI:DSD_EPL@DF_EPL(1.0),Strictness of employment protection,I,A,Annual,POL,Poland,EPL_OV,Individual and collective dismissals (regular contracts),0_TO_6,0-6 scale,VERSION1,Version 1 (1985-2019),2010,,2.325396776,,F,Free (free for publication),2,Two,A,Normal value,0,Units
DATAFLOW,OECD.ELS.JAI:DSD_EPL@DF_EPL(1.0),Strictness of employment protection,I,A,Annual,PRT,Portugal,EPL_OV,Individual and collective dismissals (regular contracts),0_TO_6,0-6 scale,VERSION1,Version 1 (1985-2019),2010,,4.130952358,,F,Free (free for publication),2,Two,A,Normal value,0,Units
DATAFLOW,OECD.ELS.JAI:DSD_EPL@DF_EPL(1.0),Strictness of employment protection,I,A,Annual,SVK,Slovak Republic,EPL_OV,Individual and collective dismissals (regular contracts),0_TO_6,0-6 scale,VERSION1,Version 1 (1985-2019),2010,,2.888888836,,F,Free (free for publication),2,Two,A,Normal value,0,Units
DATAFLOW,OECD.ELS.JAI:DSD_EPL@DF_EPL(1.0),Strictness of employment protection,I,A,Annual,SVN,Slovenia,EPL_OV,Individual and collective dismissals (regular contracts),0_TO_6,0-6 scale,VERSION1,Version 1 (1985-2019),2010,,2.650793552,,F,Free (free for publication),2,Two,A,Normal value,0,Units
DATAFLOW,OECD.ELS.JAI:DSD_EPL@DF_EPL(1.0),Strictness of employment protection,I,A,Annual,ESP,Spain,EPL_OV,Individual and collective dismissals (regular contracts),0_TO_6,0-6 scale,VERSION1,Version 1 (1985-2019),2010,,2.357142925,,F,Free (free for publication),2,Two,A,Normal value,0,Units
DATAFLOW,OECD.ELS.JAI:DSD_EPL@DF_EPL(1.0),Strictness of employment protection,I,A,Annual,SWE,Sweden,EPL_OV,Individual and collective dismissals (regular contracts),0_TO_6,0-6 scale,VERSION1,Version 1 (1985-2019),2010,,2.446428537,,F,Free (free for publication),2,Two,A,Normal value,0,Units
DATAFLOW,OECD.ELS.JAI:DSD_EPL@DF_EPL(1.0),Strictness of employment protection,I,A,Annual,CHE,Switzerland,EPL_OV,Individual and collective dismissals (regular contracts),0_TO_6,0-6 scale,VERSION1,Version 1 (1985-2019),2010,,1.428571463,,F,Free (free for publication),2,Two,A,Normal value,0,Units
DATAFLOW,OECD.ELS.JAI:DSD_EPL@DF_EPL(1.0),Strictness of employment protection,I,A,Annual,TUR,Türkiye,EPL_OV,Individual and collective dismissals (regular contracts),0_TO_6,0-6 scale,VERSION1,Version 1 (1985-2019),2010,,2.976190567,,F,Free (free for publication),2,Two,A,Normal value,0,Units
DATAFLOW,OECD.ELS.JAI:DSD_EPL@DF_EPL(1.0),Strictness of employment protection,I,A,Annual,GBR,United Kingdom,EPL_OV,Individual and collective dismissals (regular contracts),0_TO_6,0-6 scale,VERSION1,Version 1 (1985-2019),2010,,1.511904716,,F,Free (free for publication),2,Two,A,Normal value,0,Units
DATAFLOW,OECD.ELS.JAI:DSD_EPL@DF_EPL(1.0),Strictness of employment protection,I,A,Annual,USA,United States,EPL_OV,Individual and collective dismissals (regular contracts),0_TO_6,0-6 scale,VERSION1,Version 1 (1985-2019),2010,,0.093333334,,F,Free (free for publication),2,Two,A,Normal value,0,Units
DATAFLOW,OECD.ELS.JAI:DSD_EPL@DF_EPL(1.0),Strictness of employment protection,I,A,Annual,BRA,Brazil,EPL_OV,Individual and collective dismissals (regular contracts),0_TO_6,0-6 scale,VERSION1,Version 1 (1985-2019),2010,,1.432539701,,F,Free (free for publication),2,Two,A,Normal value,0,Units
DATAFLOW,OECD.ELS.JAI:DSD_EPL@DF_EPL(1.0),Strictness of employment protection,I,A,Annual,CHN,China (People’s Republic of),EPL_OV,Individual and collective dismissals (regular contracts),0_TO_6,0-6 scale,VERSION1,Version 1 (1985-2019),2010,,3.257936478,,F,Free (free for publication),2,Two,A,Normal value,0,Units
DATAFLOW,OECD.ELS.JAI:DSD_EPL@DF_EPL(1.0),Strictness of employment protection,I,A,Annual,IND,India,EPL_OV,Individual and collective dismissals (regular contracts),0_TO_6,0-6 scale,VERSION1,Version 1 (1985-2019),2010,,3.285714149,,F,Free (free for publication),2,Two,A,Normal value,0,Units
DATAFLOW,OECD.ELS.JAI:DSD_EPL@DF_EPL(1.0),Strictness of employment protection,I,A,Annual,IDN,Indonesia,EPL_OV,Individual and collective dismissals (regular contracts),0_TO_6,0-6 scale,VERSION1,Version 1 (1985-2019),2010,,4.075397015,,F,Free (free for publication),2,Two,A,Normal value,0,Units
DATAFLOW,OECD.ELS.JAI:DSD_EPL@DF_EPL(1.0),Strictness of employment protection,I,A,Annual,RUS,Russia,EPL_OV,Individual and collective dismissals (regular contracts),0_TO_6,0-6 scale,VERSION1,Version 1 (1985-2019),2010,,3.06349206,,F,Free (free for publication),2,Two,A,Normal value,0,Units
DATAFLOW,OECD.ELS.JAI:DSD_EPL@DF_EPL(1.0),Strictness of employment protection,I,A,Annual,SAU,Saudi Arabia,EPL_OV,Individual and collective dismissals (regular contracts),0_TO_6,0-6 scale,VERSION1,Version 1 (1985-2019),2010,,1.373015881,,F,Free (free for publication),2,Two,A,Normal value,0,Units
DATAFLOW,OECD.ELS.JAI:DSD_EPL@DF_EPL(1.0),Strictness of employment protection,I,A,Annual,ZAF,South Africa,EPL_OV,Individual and collective dismissals (regular contracts),0_TO_6,0-6 scale,VERSION1,Version 1 (1985-2019),2010,,2.15873003,,F,Free (free for publication),2,Two,A,Normal value,0,Units
DATAFLOW,OECD.ELS.JAI:DSD_EPL@DF_EPL(1.0),Strictness of employment protection,I,A,Annual,AUS,Australia,EPL_OV,Individual and collective dismissals (regular contracts),0_TO_6,0-6 scale,VERSION1,Version 1 (1985-2019),2011,,1.666666627,,F,Free (free for publication),2,Two,A,Normal value,0,Units
DATAFLOW,OECD.ELS.JAI:DSD_EPL@DF_EPL(1.0),Strictness of employment protection,I,A,Annual,AUT,Austria,EPL_OV,Individual and collective dismissals (regular contracts),0_TO_6,0-6 scale,VERSION1,Version 1 (1985-2019),2011,,2.285714388,,F,Free (free for publication),2,Two,A,Normal value,0,Units
DATAFLOW,OECD.ELS.JAI:DSD_EPL@DF_EPL(1.0),Strictness of employment protection,I,A,Annual,BEL,Belgium,EPL_OV,Individual and collective dismissals (regular contracts),0_TO_6,0-6 scale,VERSION1,Version 1 (1985-2019),2011,,1.876984119,,F,Free (free for publication),2,Two,A,Normal value,0,Units
DATAFLOW,OECD.ELS.JAI:DSD_EPL@DF_EPL(1.0),Strictness of employment protection,I,A,Annual,CAN,Canada,EPL_OV,Individual and collective dismissals (regular contracts),0_TO_6,0-6 scale,VERSION1,Version 1 (1985-2019),2011,,0.587301612,,F,Free (free for publication),2,Two,A,Normal value,0,Units
DATAFLOW,OECD.ELS.JAI:DSD_EPL@DF_EPL(1.0),Strictness of employment protection,I,A,Annual,CHL,Chile,EPL_OV,Individual and collective dismissals (regular contracts),0_TO_6,0-6 scale,VERSION1,Version 1 (1985-2019),2011,,2.674603224,,F,Free (free for publication),2,Two,A,Normal value,0,Units
DATAFLOW,OECD.ELS.JAI:DSD_EPL@DF_EPL(1.0),Strictness of employment protection,I,A,Annual,CZE,Czechia,EPL_OV,Individual and collective dismissals (regular contracts),0_TO_6,0-6 scale,VERSION1,Version 1 (1985-2019),2011,,3.384920597,,F,Free (free for publication),2,Two,A,Normal value,0,Units
DATAFLOW,OECD.ELS.JAI:DSD_EPL@DF_EPL(1.0),Strictness of employment protection,I,A,Annual,DNK,Denmark,EPL_OV,Individual and collective dismissals (regular contracts),0_TO_6,0-6 scale,VERSION1,Version 1 (1985-2019),2011,,1.53174603,,F,Free (free for publication),2,Two,A,Normal value,0,Units
DATAFLOW,OECD.ELS.JAI:DSD_EPL@DF_EPL(1.0),Strictness of employment protection,I,A,Annual,EST,Estonia,EPL_OV,Individual and collective dismissals (regular contracts),0_TO_6,0-6 scale,VERSION1,Version 1 (1985-2019),2011,,1.809523821,,F,Free (free for publication),2,Two,A,Normal value,0,Units
DATAFLOW,OECD.ELS.JAI:DSD_EPL@DF_EPL(1.0),Strictness of employment protection,I,A,Annual,FIN,Finland,EPL_OV,Individual and collective dismissals (regular contracts),0_TO_6,0-6 scale,VERSION1,Version 1 (1985-2019),2011,,2.083333254,,F,Free (free for publication),2,Two,A,Normal value,0,Units
DATAFLOW,OECD.ELS.JAI:DSD_EPL@DF_EPL(1.0),Strictness of employment protection,I,A,Annual,FRA,France,EPL_OV,Individual and collective dismissals (regular contracts),0_TO_6,0-6 scale,VERSION1,Version 1 (1985-2019),2011,,2.496031761,,F,Free (free for publication),2,Two,A,Normal value,0,Units
DATAFLOW,OECD.ELS.JAI:DSD_EPL@DF_EPL(1.0),Strictness of employment protection,I,A,Annual,DEU,Germany,EPL_OV,Individual and collective dismissals (regular contracts),0_TO_6,0-6 scale,VERSION1,Version 1 (1985-2019),2011,,2.595238209,,F,Free (free for publication),2,Two,A,Normal value,0,Units
DATAFLOW,OECD.ELS.JAI:DSD_EPL@DF_EPL(1.0),Strictness of employment protection,I,A,Annual,GRC,Greece,EPL_OV,Individual and collective dismissals (regular contracts),0_TO_6,0-6 scale,VERSION1,Version 1 (1985-2019),2011,,2.5,,F,Free (free for publication),2,Two,A,Normal value,0,Units
DATAFLOW,OECD.ELS.JAI:DSD_EPL@DF_EPL(1.0),Strictness of employment protection,I,A,Annual,HUN,Hungary,EPL_OV,Individual and collective dismissals (regular contracts),0_TO_6,0-6 scale,VERSION1,Version 1 (1985-2019),2011,,2.003968239,,F,Free (free for publication),2,Two,A,Normal value,0,Units
DATAFLOW,OECD.ELS.JAI:DSD_EPL@DF_EPL(1.0),Strictness of employment protection,I,A,Annual,ISL,Iceland,EPL_OV,Individual and collective dismissals (regular contracts),0_TO_6,0-6 scale,VERSION1,Version 1 (1985-2019),2011,,1.56349206,,F,Free (free for publication),2,Two,A,Normal value,0,Units
DATAFLOW,OECD.ELS.JAI:DSD_EPL@DF_EPL(1.0),Strictness of employment protection,I,A,Annual,IRL,Ireland,EPL_OV,Individual and collective dismissals (regular contracts),0_TO_6,0-6 scale,VERSION1,Version 1 (1985-2019),2011,,1.103174567,,F,Free (free for publication),2,Two,A,Normal value,0,Units
DATAFLOW,OECD.ELS.JAI:DSD_EPL@DF_EPL(1.0),Strictness of employment protection,I,A,Annual,ISR,Israel,EPL_OV,Individual and collective dismissals (regular contracts),0_TO_6,0-6 scale,VERSION1,Version 1 (1985-2019),2011,,2.369047642,,F,Free (free for publication),2,Two,A,Normal value,0,Units
DATAFLOW,OECD.ELS.JAI:DSD_EPL@DF_EPL(1.0),Strictness of employment protection,I,A,Annual,ITA,Italy,EPL_OV,Individual and collective dismissals (regular contracts),0_TO_6,0-6 scale,VERSION1,Version 1 (1985-2019),2011,,3.015872955,,F,Free (free for publication),2,Two,A,Normal value,0,Units
DATAFLOW,OECD.ELS.JAI:DSD_EPL@DF_EPL(1.0),Strictness of employment protection,I,A,Annual,JPN,Japan,EPL_OV,Individual and collective dismissals (regular contracts),0_TO_6,0-6 scale,VERSION1,Version 1 (1985-2019),2011,,1.369047642,,F,Free (free for publication),2,Two,A,Normal value,0,Units
DATAFLOW,OECD.ELS.JAI:DSD_EPL@DF_EPL(1.0),Strictness of employment protection,I,A,Annual,KOR,Korea,EPL_OV,Individual and collective dismissals (regular contracts),0_TO_6,0-6 scale,VERSION1,Version 1 (1985-2019),2011,,2.416666746,,F,Free (free for publication),2,Two,A,Normal value,0,Units
DATAFLOW,OECD.ELS.JAI:DSD_EPL@DF_EPL(1.0),Strictness of employment protection,I,A,Annual,LUX,Luxembourg,EPL_OV,Individual and collective dismissals (regular contracts),0_TO_6,0-6 scale,VERSION1,Version 1 (1985-2019),2011,,2.136031866,,F,Free (free for publication),2,Two,A,Normal value,0,Units
DATAFLOW,OECD.ELS.JAI:DSD_EPL@DF_EPL(1.0),Strictness of employment protection,I,A,Annual,MEX,Mexico,EPL_OV,Individual and collective dismissals (regular contracts),0_TO_6,0-6 scale,VERSION1,Version 1 (1985-2019),2011,,2.321428537,,F,Free (free for publication),2,Two,A,Normal value,0,Units
DATAFLOW,OECD.ELS.JAI:DSD_EPL@DF_EPL(1.0),Strictness of employment protection,I,A,Annual,NLD,Netherlands,EPL_OV,Individual and collective dismissals (regular contracts),0_TO_6,0-6 scale,VERSION1,Version 1 (1985-2019),2011,,3.238095284,,F,Free (free for publication),2,Two,A,Normal value,0,Units
DATAFLOW,OECD.ELS.JAI:DSD_EPL@DF_EPL(1.0),Strictness of employment protection,I,A,Annual,NZL,New Zealand,EPL_OV,Individual and collective dismissals (regular contracts),0_TO_6,0-6 scale,VERSION1,Version 1 (1985-2019),2011,,1.809523821,,F,Free (free for publication),2,Two,A,Normal value,0,Units
DATAFLOW,OECD.ELS.JAI:DSD_EPL@DF_EPL(1.0),Strictness of employment protection,I,A,Annual,NOR,Norway,EPL_OV,Individual and collective dismissals (regular contracts),0_TO_6,0-6 scale,VERSION1,Version 1 (1985-2019),2011,,2.333333254,,F,Free (free for publication),2,Two,A,Normal value,0,Units
DATAFLOW,OECD.ELS.JAI:DSD_EPL@DF_EPL(1.0),Strictness of employment protection,I,A,Annual,POL,Poland,EPL_OV,Individual and collective dismissals (regular contracts),0_TO_6,0-6 scale,VERSION1,Version 1 (1985-2019),2011,,2.325396776,,F,Free (free for publication),2,Two,A,Normal value,0,Units
DATAFLOW,OECD.ELS.JAI:DSD_EPL@DF_EPL(1.0),Strictness of employment protection,I,A,Annual,PRT,Portugal,EPL_OV,Individual and collective dismissals (regular contracts),0_TO_6,0-6 scale,VERSION1,Version 1 (1985-2019),2011,,4.130952358,,F,Free (free for publication),2,Two,A,Normal value,0,Units
DATAFLOW,OECD.ELS.JAI:DSD_EPL@DF_EPL(1.0),Strictness of employment protection,I,A,Annual,SVK,Slovak Republic,EPL_OV,Individual and collective dismissals (regular contracts),0_TO_6,0-6 scale,VERSION1,Version 1 (1985-2019),2011,,2.888888836,,F,Free (free for publication),2,Two,A,Normal value,0,Units
DATAFLOW,OECD.ELS.JAI:DSD_EPL@DF_EPL(1.0),Strictness of employment protection,I,A,Annual,SVN,Slovenia,EPL_OV,Individual and collective dismissals (regular contracts),0_TO_6,0-6 scale,VERSION1,Version 1 (1985-2019),2011,,2.603174686,,F,Free (free for publication),2,Two,A,Normal value,0,Units
DATAFLOW,OECD.ELS.JAI:DSD_EPL@DF_EPL(1.0),Strictness of employment protection,I,A,Annual,ESP,Spain,EPL_OV,Individual and collective dismissals (regular contracts),0_TO_6,0-6 scale,VERSION1,Version 1 (1985-2019),2011,,2.214285612,,F,Free (free for publication),2,Two,A,Normal value,0,Units
DATAFLOW,OECD.ELS.JAI:DSD_EPL@DF_EPL(1.0),Strictness of employment protection,I,A,Annual,SWE,Sweden,EPL_OV,Individual and collective dismissals (regular contracts),0_TO_6,0-6 scale,VERSION1,Version 1 (1985-2019),2011,,2.446428537,,F,Free (free for publication),2,Two,A,Normal value,0,Units
DATAFLOW,OECD.ELS.JAI:DSD_EPL@DF_EPL(1.0),Strictness of employment protection,I,A,Annual,CHE,Switzerland,EPL_OV,Individual and collective dismissals (regular contracts),0_TO_6,0-6 scale,VERSION1,Version 1 (1985-2019),2011,,1.428571463,,F,Free (free for publication),2,Two,A,Normal value,0,Units
DATAFLOW,OECD.ELS.JAI:DSD_EPL@DF_EPL(1.0),Strictness of employment protection,I,A,Annual,TUR,Türkiye,EPL_OV,Individual and collective dismissals (regular contracts),0_TO_6,0-6 scale,VERSION1,Version 1 (1985-2019),2011,,2.976190567,,F,Free (free for publication),2,Two,A,Normal value,0,Units
DATAFLOW,OECD.ELS.JAI:DSD_EPL@DF_EPL(1.0),Strictness of employment protection,I,A,Annual,GBR,United Kingdom,EPL_OV,Individual and collective dismissals (regular contracts),0_TO_6,0-6 scale,VERSION1,Version 1 (1985-2019),2011,,1.511904716,,F,Free (free for publication),2,Two,A,Normal value,0,Units
DATAFLOW,OECD.ELS.JAI:DSD_EPL@DF_EPL(1.0),Strictness of employment protection,I,A,Annual,USA,United States,EPL_OV,Individual and collective dismissals (regular contracts),0_TO_6,0-6 scale,VERSION1,Version 1 (1985-2019),2011,,0.093333334,,F,Free (free for publication),2,Two,A,Normal value,0,Units
DATAFLOW,OECD.ELS.JAI:DSD_EPL@DF_EPL(1.0),Strictness of employment protection,I,A,Annual,BRA,Brazil,EPL_OV,Individual and collective dismissals (regular contracts),0_TO_6,0-6 scale,VERSION1,Version 1 (1985-2019),2011,,1.432539701,,F,Free (free for publication),2,Two,A,Normal value,0,Units
DATAFLOW,OECD.ELS.JAI:DSD_EPL@DF_EPL(1.0),Strictness of employment protection,I,A,Annual,CHN,China (People’s Republic of),EPL_OV,Individual and collective dismissals (regular contracts),0_TO_6,0-6 scale,VERSION1,Version 1 (1985-2019),2011,,3.257936478,,F,Free (free for publication),2,Two,A,Normal value,0,Units
DATAFLOW,OECD.ELS.JAI:DSD_EPL@DF_EPL(1.0),Strictness of employment protection,I,A,Annual,IND,India,EPL_OV,Individual and collective dismissals (regular contracts),0_TO_6,0-6 scale,VERSION1,Version 1 (1985-2019),2011,,3.285714149,,F,Free (free for publication),2,Two,A,Normal value,0,Units
DATAFLOW,OECD.ELS.JAI:DSD_EPL@DF_EPL(1.0),Strictness of employment protection,I,A,Annual,IDN,Indonesia,EPL_OV,Individual and collective dismissals (regular contracts),0_TO_6,0-6 scale,VERSION1,Version 1 (1985-2019),2011,,4.075397015,,F,Free (free for publication),2,Two,A,Normal value,0,Units
DATAFLOW,OECD.ELS.JAI:DSD_EPL@DF_EPL(1.0),Strictness of employment protection,I,A,Annual,XKV,Kosovo,EPL_OV,Individual and collective dismissals (regular contracts),0_TO_6,0-6 scale,VERSION1,Version 1 (1985-2019),2011,,1.666666627,,F,Free (free for publication),2,Two,A,Normal value,0,Units
DATAFLOW,OECD.ELS.JAI:DSD_EPL@DF_EPL(1.0),Strictness of employment protection,I,A,Annual,RUS,Russia,EPL_OV,Individual and collective dismissals (regular contracts),0_TO_6,0-6 scale,VERSION1,Version 1 (1985-2019),2011,,3.06349206,,F,Free (free for publication),2,Two,A,Normal value,0,Units
DATAFLOW,OECD.ELS.JAI:DSD_EPL@DF_EPL(1.0),Strictness of employment protection,I,A,Annual,SAU,Saudi Arabia,EPL_OV,Individual and collective dismissals (regular contracts),0_TO_6,0-6 scale,VERSION1,Version 1 (1985-2019),2011,,1.373015881,,F,Free (free for publication),2,Two,A,Normal value,0,Units
DATAFLOW,OECD.ELS.JAI:DSD_EPL@DF_EPL(1.0),Strictness of employment protection,I,A,Annual,ZAF,South Africa,EPL_OV,Individual and collective dismissals (regular contracts),0_TO_6,0-6 scale,VERSION1,Version 1 (1985-2019),2011,,2.15873003,,F,Free (free for publication),2,Two,A,Normal value,0,Units
DATAFLOW,OECD.ELS.JAI:DSD_EPL@DF_EPL(1.0),Strictness of employment protection,I,A,Annual,THA,Thailand,EPL_OV,Individual and collective dismissals (regular contracts),0_TO_6,0-6 scale,VERSION1,Version 1 (1985-2019),2011,,2.920634985,,F,Free (free for publication),2,Two,A,Normal value,0,Units
DATAFLOW,OECD.ELS.JAI:DSD_EPL@DF_EPL(1.0),Strictness of employment protection,I,A,Annual,AUS,Australia,EPL_OV,Individual and collective dismissals (regular contracts),0_TO_6,0-6 scale,VERSION1,Version 1 (1985-2019),2012,,1.666666627,,F,Free (free for publication),2,Two,A,Normal value,0,Units
DATAFLOW,OECD.ELS.JAI:DSD_EPL@DF_EPL(1.0),Strictness of employment protection,I,A,Annual,AUT,Austria,EPL_OV,Individual and collective dismissals (regular contracts),0_TO_6,0-6 scale,VERSION1,Version 1 (1985-2019),2012,,2.285714388,,F,Free (free for publication),2,Two,A,Normal value,0,Units
DATAFLOW,OECD.ELS.JAI:DSD_EPL@DF_EPL(1.0),Strictness of employment protection,I,A,Annual,BEL,Belgium,EPL_OV,Individual and collective dismissals (regular contracts),0_TO_6,0-6 scale,VERSION1,Version 1 (1985-2019),2012,,1.68650794,,F,Free (free for publication),2,Two,A,Normal value,0,Units
DATAFLOW,OECD.ELS.JAI:DSD_EPL@DF_EPL(1.0),Strictness of employment protection,I,A,Annual,CAN,Canada,EPL_OV,Individual and collective dismissals (regular contracts),0_TO_6,0-6 scale,VERSION1,Version 1 (1985-2019),2012,,0.587301612,,F,Free (free for publication),2,Two,A,Normal value,0,Units
DATAFLOW,OECD.ELS.JAI:DSD_EPL@DF_EPL(1.0),Strictness of employment protection,I,A,Annual,CHL,Chile,EPL_OV,Individual and collective dismissals (regular contracts),0_TO_6,0-6 scale,VERSION1,Version 1 (1985-2019),2012,,2.674603224,,F,Free (free for publication),2,Two,A,Normal value,0,Units
DATAFLOW,OECD.ELS.JAI:DSD_EPL@DF_EPL(1.0),Strictness of employment protection,I,A,Annual,CZE,Czechia,EPL_OV,Individual and collective dismissals (regular contracts),0_TO_6,0-6 scale,VERSION1,Version 1 (1985-2019),2012,,3.257936478,,F,Free (free for publication),2,Two,A,Normal value,0,Units
DATAFLOW,OECD.ELS.JAI:DSD_EPL@DF_EPL(1.0),Strictness of employment protection,I,A,Annual,DNK,Denmark,EPL_OV,Individual and collective dismissals (regular contracts),0_TO_6,0-6 scale,VERSION1,Version 1 (1985-2019),2012,,1.53174603,,F,Free (free for publication),2,Two,A,Normal value,0,Units
DATAFLOW,OECD.ELS.JAI:DSD_EPL@DF_EPL(1.0),Strictness of employment protection,I,A,Annual,EST,Estonia,EPL_OV,Individual and collective dismissals (regular contracts),0_TO_6,0-6 scale,VERSION1,Version 1 (1985-2019),2012,,1.809523821,,F,Free (free for publication),2,Two,A,Normal value,0,Units
DATAFLOW,OECD.ELS.JAI:DSD_EPL@DF_EPL(1.0),Strictness of employment protection,I,A,Annual,FIN,Finland,EPL_OV,Individual and collective dismissals (regular contracts),0_TO_6,0-6 scale,VERSION1,Version 1 (1985-2019),2012,,2.083333254,,F,Free (free for publication),2,Two,A,Normal value,0,Units
DATAFLOW,OECD.ELS.JAI:DSD_EPL@DF_EPL(1.0),Strictness of employment protection,I,A,Annual,FRA,France,EPL_OV,Individual and collective dismissals (regular contracts),0_TO_6,0-6 scale,VERSION1,Version 1 (1985-2019),2012,,2.496031761,,F,Free (free for publication),2,Two,A,Normal value,0,Units
DATAFLOW,OECD.ELS.JAI:DSD_EPL@DF_EPL(1.0),Strictness of employment protection,I,A,Annual,DEU,Germany,EPL_OV,Individual and collective dismissals (regular contracts),0_TO_6,0-6 scale,VERSION1,Version 1 (1985-2019),2012,,2.595238209,,F,Free (free for publication),2,Two,A,Normal value,0,Units
DATAFLOW,OECD.ELS.JAI:DSD_EPL@DF_EPL(1.0),Strictness of employment protection,I,A,Annual,GRC,Greece,EPL_OV,Individual and collective dismissals (regular contracts),0_TO_6,0-6 scale,VERSION1,Version 1 (1985-2019),2012,,2.5,,F,Free (free for publication),2,Two,A,Normal value,0,Units
DATAFLOW,OECD.ELS.JAI:DSD_EPL@DF_EPL(1.0),Strictness of employment protection,I,A,Annual,HUN,Hungary,EPL_OV,Individual and collective dismissals (regular contracts),0_TO_6,0-6 scale,VERSION1,Version 1 (1985-2019),2012,,2.003968239,,F,Free (free for publication),2,Two,A,Normal value,0,Units
DATAFLOW,OECD.ELS.JAI:DSD_EPL@DF_EPL(1.0),Strictness of employment protection,I,A,Annual,ISL,Iceland,EPL_OV,Individual and collective dismissals (regular contracts),0_TO_6,0-6 scale,VERSION1,Version 1 (1985-2019),2012,,1.56349206,,F,Free (free for publication),2,Two,A,Normal value,0,Units
DATAFLOW,OECD.ELS.JAI:DSD_EPL@DF_EPL(1.0),Strictness of employment protection,I,A,Annual,IRL,Ireland,EPL_OV,Individual and collective dismissals (regular contracts),0_TO_6,0-6 scale,VERSION1,Version 1 (1985-2019),2012,,1.230158687,,F,Free (free for publication),2,Two,A,Normal value,0,Units
DATAFLOW,OECD.ELS.JAI:DSD_EPL@DF_EPL(1.0),Strictness of employment protection,I,A,Annual,ISR,Israel,EPL_OV,Individual and collective dismissals (regular contracts),0_TO_6,0-6 scale,VERSION1,Version 1 (1985-2019),2012,,2.369047642,,F,Free (free for publication),2,Two,A,Normal value,0,Units
DATAFLOW,OECD.ELS.JAI:DSD_EPL@DF_EPL(1.0),Strictness of employment protection,I,A,Annual,ITA,Italy,EPL_OV,Individual and collective dismissals (regular contracts),0_TO_6,0-6 scale,VERSION1,Version 1 (1985-2019),2012,,3.015872955,,F,Free (free for publication),2,Two,A,Normal value,0,Units
DATAFLOW,OECD.ELS.JAI:DSD_EPL@DF_EPL(1.0),Strictness of employment protection,I,A,Annual,JPN,Japan,EPL_OV,Individual and collective dismissals (regular contracts),0_TO_6,0-6 scale,VERSION1,Version 1 (1985-2019),2012,,1.369047642,,F,Free (free for publication),2,Two,A,Normal value,0,Units
DATAFLOW,OECD.ELS.JAI:DSD_EPL@DF_EPL(1.0),Strictness of employment protection,I,A,Annual,KOR,Korea,EPL_OV,Individual and collective dismissals (regular contracts),0_TO_6,0-6 scale,VERSION1,Version 1 (1985-2019),2012,,2.416666746,,F,Free (free for publication),2,Two,A,Normal value,0,Units
DATAFLOW,OECD.ELS.JAI:DSD_EPL@DF_EPL(1.0),Strictness of employment protection,I,A,Annual,LVA,Latvia,EPL_OV,Individual and collective dismissals (regular contracts),0_TO_6,0-6 scale,VERSION1,Version 1 (1985-2019),2012,,3.019841194,,F,Free (free for publication),2,Two,A,Normal value,0,Units
DATAFLOW,OECD.ELS.JAI:DSD_EPL@DF_EPL(1.0),Strictness of employment protection,I,A,Annual,LUX,Luxembourg,EPL_OV,Individual and collective dismissals (regular contracts),0_TO_6,0-6 scale,VERSION1,Version 1 (1985-2019),2012,,2.136031866,,F,Free (free for publication),2,Two,A,Normal value,0,Units
DATAFLOW,OECD.ELS.JAI:DSD_EPL@DF_EPL(1.0),Strictness of employment protection,I,A,Annual,MEX,Mexico,EPL_OV,Individual and collective dismissals (regular contracts),0_TO_6,0-6 scale,VERSION1,Version 1 (1985-2019),2012,,2.321428537,,F,Free (free for publication),2,Two,A,Normal value,0,Units
DATAFLOW,OECD.ELS.JAI:DSD_EPL@DF_EPL(1.0),Strictness of employment protection,I,A,Annual,NLD,Netherlands,EPL_OV,Individual and collective dismissals (regular contracts),0_TO_6,0-6 scale,VERSION1,Version 1 (1985-2019),2012,,3.238095284,,F,Free (free for publication),2,Two,A,Normal value,0,Units
DATAFLOW,OECD.ELS.JAI:DSD_EPL@DF_EPL(1.0),Strictness of employment protection,I,A,Annual,NZL,New Zealand,EPL_OV,Individual and collective dismissals (regular contracts),0_TO_6,0-6 scale,VERSION1,Version 1 (1985-2019),2012,,1.642857194,,F,Free (free for publication),2,Two,A,Normal value,0,Units
DATAFLOW,OECD.ELS.JAI:DSD_EPL@DF_EPL(1.0),Strictness of employment protection,I,A,Annual,NOR,Norway,EPL_OV,Individual and collective dismissals (regular contracts),0_TO_6,0-6 scale,VERSION1,Version 1 (1985-2019),2012,,2.333333254,,F,Free (free for publication),2,Two,A,Normal value,0,Units
DATAFLOW,OECD.ELS.JAI:DSD_EPL@DF_EPL(1.0),Strictness of employment protection,I,A,Annual,POL,Poland,EPL_OV,Individual and collective dismissals (regular contracts),0_TO_6,0-6 scale,VERSION1,Version 1 (1985-2019),2012,,2.325396776,,F,Free (free for publication),2,Two,A,Normal value,0,Units
DATAFLOW,OECD.ELS.JAI:DSD_EPL@DF_EPL(1.0),Strictness of employment protection,I,A,Annual,PRT,Portugal,EPL_OV,Individual and collective dismissals (regular contracts),0_TO_6,0-6 scale,VERSION1,Version 1 (1985-2019),2012,,3.559523821,,F,Free (free for publication),2,Two,A,Normal value,0,Units
DATAFLOW,OECD.ELS.JAI:DSD_EPL@DF_EPL(1.0),Strictness of employment protection,I,A,Annual,SVK,Slovak Republic,EPL_OV,Individual and collective dismissals (regular contracts),0_TO_6,0-6 scale,VERSION1,Version 1 (1985-2019),2012,,2.380952358,,F,Free (free for publication),2,Two,A,Normal value,0,Units
DATAFLOW,OECD.ELS.JAI:DSD_EPL@DF_EPL(1.0),Strictness of employment protection,I,A,Annual,SVN,Slovenia,EPL_OV,Individual and collective dismissals (regular contracts),0_TO_6,0-6 scale,VERSION1,Version 1 (1985-2019),2012,,2.603174686,,F,Free (free for publication),2,Two,A,Normal value,0,Units
DATAFLOW,OECD.ELS.JAI:DSD_EPL@DF_EPL(1.0),Strictness of employment protection,I,A,Annual,ESP,Spain,EPL_OV,Individual and collective dismissals (regular contracts),0_TO_6,0-6 scale,VERSION1,Version 1 (1985-2019),2012,,2.214285612,,F,Free (free for publication),2,Two,A,Normal value,0,Units
DATAFLOW,OECD.ELS.JAI:DSD_EPL@DF_EPL(1.0),Strictness of employment protection,I,A,Annual,SWE,Sweden,EPL_OV,Individual and collective dismissals (regular contracts),0_TO_6,0-6 scale,VERSION1,Version 1 (1985-2019),2012,,2.446428537,,F,Free (free for publication),2,Two,A,Normal value,0,Units
DATAFLOW,OECD.ELS.JAI:DSD_EPL@DF_EPL(1.0),Strictness of employment protection,I,A,Annual,CHE,Switzerland,EPL_OV,Individual and collective dismissals (regular contracts),0_TO_6,0-6 scale,VERSION1,Version 1 (1985-2019),2012,,1.428571463,,F,Free (free for publication),2,Two,A,Normal value,0,Units
DATAFLOW,OECD.ELS.JAI:DSD_EPL@DF_EPL(1.0),Strictness of employment protection,I,A,Annual,TUR,Türkiye,EPL_OV,Individual and collective dismissals (regular contracts),0_TO_6,0-6 scale,VERSION1,Version 1 (1985-2019),2012,,2.976190567,,F,Free (free for publication),2,Two,A,Normal value,0,Units
DATAFLOW,OECD.ELS.JAI:DSD_EPL@DF_EPL(1.0),Strictness of employment protection,I,A,Annual,GBR,United Kingdom,EPL_OV,Individual and collective dismissals (regular contracts),0_TO_6,0-6 scale,VERSION1,Version 1 (1985-2019),2012,,1.511904716,,F,Free (free for publication),2,Two,A,Normal value,0,Units
DATAFLOW,OECD.ELS.JAI:DSD_EPL@DF_EPL(1.0),Strictness of employment protection,I,A,Annual,USA,United States,EPL_OV,Individual and collective dismissals (regular contracts),0_TO_6,0-6 scale,VERSION1,Version 1 (1985-2019),2012,,0.093333334,,F,Free (free for publication),2,Two,A,Normal value,0,Units
DATAFLOW,OECD.ELS.JAI:DSD_EPL@DF_EPL(1.0),Strictness of employment protection,I,A,Annual,ARG,Argentina,EPL_OV,Individual and collective dismissals (regular contracts),0_TO_6,0-6 scale,VERSION1,Version 1 (1985-2019),2012,,1.682539701,,F,Free (free for publication),2,Two,A,Normal value,0,Units
DATAFLOW,OECD.ELS.JAI:DSD_EPL@DF_EPL(1.0),Strictness of employment protection,I,A,Annual,BRA,Brazil,EPL_OV,Individual and collective dismissals (regular contracts),0_TO_6,0-6 scale,VERSION1,Version 1 (1985-2019),2012,,1.527777791,,F,Free (free for publication),2,Two,A,Normal value,0,Units
DATAFLOW,OECD.ELS.JAI:DSD_EPL@DF_EPL(1.0),Strictness of employment protection,I,A,Annual,CHN,China (People’s Republic of),EPL_OV,Individual and collective dismissals (regular contracts),0_TO_6,0-6 scale,VERSION1,Version 1 (1985-2019),2012,,3.257936478,,F,Free (free for publication),2,Two,A,Normal value,0,Units
DATAFLOW,OECD.ELS.JAI:DSD_EPL@DF_EPL(1.0),Strictness of employment protection,I,A,Annual,IND,India,EPL_OV,Individual and collective dismissals (regular contracts),0_TO_6,0-6 scale,VERSION1,Version 1 (1985-2019),2012,,3.285714149,,F,Free (free for publication),2,Two,A,Normal value,0,Units
DATAFLOW,OECD.ELS.JAI:DSD_EPL@DF_EPL(1.0),Strictness of employment protection,I,A,Annual,IDN,Indonesia,EPL_OV,Individual and collective dismissals (regular contracts),0_TO_6,0-6 scale,VERSION1,Version 1 (1985-2019),2012,,4.075397015,,F,Free (free for publication),2,Two,A,Normal value,0,Units
DATAFLOW,OECD.ELS.JAI:DSD_EPL@DF_EPL(1.0),Strictness of employment protection,I,A,Annual,XKV,Kosovo,EPL_OV,Individual and collective dismissals (regular contracts),0_TO_6,0-6 scale,VERSION1,Version 1 (1985-2019),2012,,1.666666627,,F,Free (free for publication),2,Two,A,Normal value,0,Units
DATAFLOW,OECD.ELS.JAI:DSD_EPL@DF_EPL(1.0),Strictness of employment protection,I,A,Annual,RUS,Russia,EPL_OV,Individual and collective dismissals (regular contracts),0_TO_6,0-6 scale,VERSION1,Version 1 (1985-2019),2012,,3.06349206,,F,Free (free for publication),2,Two,A,Normal value,0,Units
DATAFLOW,OECD.ELS.JAI:DSD_EPL@DF_EPL(1.0),Strictness of employment protection,I,A,Annual,SAU,Saudi Arabia,EPL_OV,Individual and collective dismissals (regular contracts),0_TO_6,0-6 scale,VERSION1,Version 1 (1985-2019),2012,,1.373015881,,F,Free (free for publication),2,Two,A,Normal value,0,Units
DATAFLOW,OECD.ELS.JAI:DSD_EPL@DF_EPL(1.0),Strictness of employment protection,I,A,Annual,ZAF,South Africa,EPL_OV,Individual and collective dismissals (regular contracts),0_TO_6,0-6 scale,VERSION1,Version 1 (1985-2019),2012,,2.15873003,,F,Free (free for publication),2,Two,A,Normal value,0,Units
DATAFLOW,OECD.ELS.JAI:DSD_EPL@DF_EPL(1.0),Strictness of employment protection,I,A,Annual,THA,Thailand,EPL_OV,Individual and collective dismissals (regular contracts),0_TO_6,0-6 scale,VERSION1,Version 1 (1985-2019),2012,,2.920634985,,F,Free (free for publication),2,Two,A,Normal value,0,Units
DATAFLOW,OECD.ELS.JAI:DSD_EPL@DF_EPL(1.0),Strictness of employment protection,I,A,Annual,AUS,Australia,EPL_OV,Individual and collective dismissals (regular contracts),0_TO_6,0-6 scale,VERSION1,Version 1 (1985-2019),2013,,1.666666627,,F,Free (free for publication),2,Two,A,Normal value,0,Units
DATAFLOW,OECD.ELS.JAI:DSD_EPL@DF_EPL(1.0),Strictness of employment protection,I,A,Annual,AUT,Austria,EPL_OV,Individual and collective dismissals (regular contracts),0_TO_6,0-6 scale,VERSION1,Version 1 (1985-2019),2013,,2.285714388,,F,Free (free for publication),2,Two,A,Normal value,0,Units
DATAFLOW,OECD.ELS.JAI:DSD_EPL@DF_EPL(1.0),Strictness of employment protection,I,A,Annual,BEL,Belgium,EPL_OV,Individual and collective dismissals (regular contracts),0_TO_6,0-6 scale,VERSION1,Version 1 (1985-2019),2013,,1.68650794,,F,Free (free for publication),2,Two,A,Normal value,0,Units
DATAFLOW,OECD.ELS.JAI:DSD_EPL@DF_EPL(1.0),Strictness of employment protection,I,A,Annual,CAN,Canada,EPL_OV,Individual and collective dismissals (regular contracts),0_TO_6,0-6 scale,VERSION1,Version 1 (1985-2019),2013,,0.587301612,,F,Free (free for publication),2,Two,A,Normal value,0,Units
DATAFLOW,OECD.ELS.JAI:DSD_EPL@DF_EPL(1.0),Strictness of employment protection,I,A,Annual,CHL,Chile,EPL_OV,Individual and collective dismissals (regular contracts),0_TO_6,0-6 scale,VERSION1,Version 1 (1985-2019),2013,,2.674603224,,F,Free (free for publication),2,Two,A,Normal value,0,Units
DATAFLOW,OECD.ELS.JAI:DSD_EPL@DF_EPL(1.0),Strictness of employment protection,I,A,Annual,CZE,Czechia,EPL_OV,Individual and collective dismissals (regular contracts),0_TO_6,0-6 scale,VERSION1,Version 1 (1985-2019),2013,,3.257936478,,F,Free (free for publication),2,Two,A,Normal value,0,Units
DATAFLOW,OECD.ELS.JAI:DSD_EPL@DF_EPL(1.0),Strictness of employment protection,I,A,Annual,DNK,Denmark,EPL_OV,Individual and collective dismissals (regular contracts),0_TO_6,0-6 scale,VERSION1,Version 1 (1985-2019),2013,,1.53174603,,F,Free (free for publication),2,Two,A,Normal value,0,Units
DATAFLOW,OECD.ELS.JAI:DSD_EPL@DF_EPL(1.0),Strictness of employment protection,I,A,Annual,EST,Estonia,EPL_OV,Individual and collective dismissals (regular contracts),0_TO_6,0-6 scale,VERSION1,Version 1 (1985-2019),2013,,1.809523821,,F,Free (free for publication),2,Two,A,Normal value,0,Units
DATAFLOW,OECD.ELS.JAI:DSD_EPL@DF_EPL(1.0),Strictness of employment protection,I,A,Annual,FIN,Finland,EPL_OV,Individual and collective dismissals (regular contracts),0_TO_6,0-6 scale,VERSION1,Version 1 (1985-2019),2013,,2.083333254,,F,Free (free for publication),2,Two,A,Normal value,0,Units
DATAFLOW,OECD.ELS.JAI:DSD_EPL@DF_EPL(1.0),Strictness of employment protection,I,A,Annual,FRA,France,EPL_OV,Individual and collective dismissals (regular contracts),0_TO_6,0-6 scale,VERSION1,Version 1 (1985-2019),2013,,2.496031761,,F,Free (free for publication),2,Two,A,Normal value,0,Units
DATAFLOW,OECD.ELS.JAI:DSD_EPL@DF_EPL(1.0),Strictness of employment protection,I,A,Annual,DEU,Germany,EPL_OV,Individual and collective dismissals (regular contracts),0_TO_6,0-6 scale,VERSION1,Version 1 (1985-2019),2013,,2.595238209,,F,Free (free for publication),2,Two,A,Normal value,0,Units
DATAFLOW,OECD.ELS.JAI:DSD_EPL@DF_EPL(1.0),Strictness of employment protection,I,A,Annual,GRC,Greece,EPL_OV,Individual and collective dismissals (regular contracts),0_TO_6,0-6 scale,VERSION1,Version 1 (1985-2019),2013,,2.452380896,,F,Free (free for publication),2,Two,A,Normal value,0,Units
DATAFLOW,OECD.ELS.JAI:DSD_EPL@DF_EPL(1.0),Strictness of employment protection,I,A,Annual,HUN,Hungary,EPL_OV,Individual and collective dismissals (regular contracts),0_TO_6,0-6 scale,VERSION1,Version 1 (1985-2019),2013,,1.587301612,,F,Free (free for publication),2,Two,A,Normal value,0,Units
DATAFLOW,OECD.ELS.JAI:DSD_EPL@DF_EPL(1.0),Strictness of employment protection,I,A,Annual,ISL,Iceland,EPL_OV,Individual and collective dismissals (regular contracts),0_TO_6,0-6 scale,VERSION1,Version 1 (1985-2019),2013,,1.56349206,,F,Free (free for publication),2,Two,A,Normal value,0,Units
DATAFLOW,OECD.ELS.JAI:DSD_EPL@DF_EPL(1.0),Strictness of employment protection,I,A,Annual,IRL,Ireland,EPL_OV,Individual and collective dismissals (regular contracts),0_TO_6,0-6 scale,VERSION1,Version 1 (1985-2019),2013,,1.230158687,,F,Free (free for publication),2,Two,A,Normal value,0,Units
DATAFLOW,OECD.ELS.JAI:DSD_EPL@DF_EPL(1.0),Strictness of employment protection,I,A,Annual,ISR,Israel,EPL_OV,Individual and collective dismissals (regular contracts),0_TO_6,0-6 scale,VERSION1,Version 1 (1985-2019),2013,,2.369047642,,F,Free (free for publication),2,Two,A,Normal value,0,Units
DATAFLOW,OECD.ELS.JAI:DSD_EPL@DF_EPL(1.0),Strictness of employment protection,I,A,Annual,ITA,Italy,EPL_OV,Individual and collective dismissals (regular contracts),0_TO_6,0-6 scale,VERSION1,Version 1 (1985-2019),2013,,2.932539701,,F,Free (free for publication),2,Two,A,Normal value,0,Units
DATAFLOW,OECD.ELS.JAI:DSD_EPL@DF_EPL(1.0),Strictness of employment protection,I,A,Annual,JPN,Japan,EPL_OV,Individual and collective dismissals (regular contracts),0_TO_6,0-6 scale,VERSION1,Version 1 (1985-2019),2013,,1.369047642,,F,Free (free for publication),2,Two,A,Normal value,0,Units
DATAFLOW,OECD.ELS.JAI:DSD_EPL@DF_EPL(1.0),Strictness of employment protection,I,A,Annual,KOR,Korea,EPL_OV,Individual and collective dismissals (regular contracts),0_TO_6,0-6 scale,VERSION1,Version 1 (1985-2019),2013,,2.416666746,,F,Free (free for publication),2,Two,A,Normal value,0,Units
DATAFLOW,OECD.ELS.JAI:DSD_EPL@DF_EPL(1.0),Strictness of employment protection,I,A,Annual,LVA,Latvia,EPL_OV,Individual and collective dismissals (regular contracts),0_TO_6,0-6 scale,VERSION1,Version 1 (1985-2019),2013,,3.019841194,,F,Free (free for publication),2,Two,A,Normal value,0,Units
DATAFLOW,OECD.ELS.JAI:DSD_EPL@DF_EPL(1.0),Strictness of employment protection,I,A,Annual,LUX,Luxembourg,EPL_OV,Individual and collective dismissals (regular contracts),0_TO_6,0-6 scale,VERSION1,Version 1 (1985-2019),2013,,2.136031866,,F,Free (free for publication),2,Two,A,Normal value,0,Units
DATAFLOW,OECD.ELS.JAI:DSD_EPL@DF_EPL(1.0),Strictness of employment protection,I,A,Annual,MEX,Mexico,EPL_OV,Individual and collective dismissals (regular contracts),0_TO_6,0-6 scale,VERSION1,Version 1 (1985-2019),2013,,2.154761791,,F,Free (free for publication),2,Two,A,Normal value,0,Units
DATAFLOW,OECD.ELS.JAI:DSD_EPL@DF_EPL(1.0),Strictness of employment protection,I,A,Annual,NLD,Netherlands,EPL_OV,Individual and collective dismissals (regular contracts),0_TO_6,0-6 scale,VERSION1,Version 1 (1985-2019),2013,,3.238095284,,F,Free (free for publication),2,Two,A,Normal value,0,Units
DATAFLOW,OECD.ELS.JAI:DSD_EPL@DF_EPL(1.0),Strictness of employment protection,I,A,Annual,NZL,New Zealand,EPL_OV,Individual and collective dismissals (regular contracts),0_TO_6,0-6 scale,VERSION1,Version 1 (1985-2019),2013,,1.642857194,,F,Free (free for publication),2,Two,A,Normal value,0,Units
DATAFLOW,OECD.ELS.JAI:DSD_EPL@DF_EPL(1.0),Strictness of employment protection,I,A,Annual,NOR,Norway,EPL_OV,Individual and collective dismissals (regular contracts),0_TO_6,0-6 scale,VERSION1,Version 1 (1985-2019),2013,,2.333333254,,F,Free (free for publication),2,Two,A,Normal value,0,Units
DATAFLOW,OECD.ELS.JAI:DSD_EPL@DF_EPL(1.0),Strictness of employment protection,I,A,Annual,POL,Poland,EPL_OV,Individual and collective dismissals (regular contracts),0_TO_6,0-6 scale,VERSION1,Version 1 (1985-2019),2013,,2.325396776,,F,Free (free for publication),2,Two,A,Normal value,0,Units
DATAFLOW,OECD.ELS.JAI:DSD_EPL@DF_EPL(1.0),Strictness of employment protection,I,A,Annual,PRT,Portugal,EPL_OV,Individual and collective dismissals (regular contracts),0_TO_6,0-6 scale,VERSION1,Version 1 (1985-2019),2013,,3.392857075,,F,Free (free for publication),2,Two,A,Normal value,0,Units
DATAFLOW,OECD.ELS.JAI:DSD_EPL@DF_EPL(1.0),Strictness of employment protection,I,A,Annual,SVK,Slovak Republic,EPL_OV,Individual and collective dismissals (regular contracts),0_TO_6,0-6 scale,VERSION1,Version 1 (1985-2019),2013,,2.507936478,,F,Free (free for publication),2,Two,A,Normal value,0,Units
DATAFLOW,OECD.ELS.JAI:DSD_EPL@DF_EPL(1.0),Strictness of employment protection,I,A,Annual,SVN,Slovenia,EPL_OV,Individual and collective dismissals (regular contracts),0_TO_6,0-6 scale,VERSION1,Version 1 (1985-2019),2013,,2.603174686,,F,Free (free for publication),2,Two,A,Normal value,0,Units
DATAFLOW,OECD.ELS.JAI:DSD_EPL@DF_EPL(1.0),Strictness of employment protection,I,A,Annual,ESP,Spain,EPL_OV,Individual and collective dismissals (regular contracts),0_TO_6,0-6 scale,VERSION1,Version 1 (1985-2019),2013,,1.964285731,,F,Free (free for publication),2,Two,A,Normal value,0,Units
DATAFLOW,OECD.ELS.JAI:DSD_EPL@DF_EPL(1.0),Strictness of employment protection,I,A,Annual,SWE,Sweden,EPL_OV,Individual and collective dismissals (regular contracts),0_TO_6,0-6 scale,VERSION1,Version 1 (1985-2019),2013,,2.446428537,,F,Free (free for publication),2,Two,A,Normal value,0,Units
DATAFLOW,OECD.ELS.JAI:DSD_EPL@DF_EPL(1.0),Strictness of employment protection,I,A,Annual,CHE,Switzerland,EPL_OV,Individual and collective dismissals (regular contracts),0_TO_6,0-6 scale,VERSION1,Version 1 (1985-2019),2013,,1.428571463,,F,Free (free for publication),2,Two,A,Normal value,0,Units
DATAFLOW,OECD.ELS.JAI:DSD_EPL@DF_EPL(1.0),Strictness of employment protection,I,A,Annual,TUR,Türkiye,EPL_OV,Individual and collective dismissals (regular contracts),0_TO_6,0-6 scale,VERSION1,Version 1 (1985-2019),2013,,2.976190567,,F,Free (free for publication),2,Two,A,Normal value,0,Units
DATAFLOW,OECD.ELS.JAI:DSD_EPL@DF_EPL(1.0),Strictness of employment protection,I,A,Annual,GBR,United Kingdom,EPL_OV,Individual and collective dismissals (regular contracts),0_TO_6,0-6 scale,VERSION1,Version 1 (1985-2019),2013,,1.34523809,,F,Free (free for publication),2,Two,A,Normal value,0,Units
DATAFLOW,OECD.ELS.JAI:DSD_EPL@DF_EPL(1.0),Strictness of employment protection,I,A,Annual,USA,United States,EPL_OV,Individual and collective dismissals (regular contracts),0_TO_6,0-6 scale,VERSION1,Version 1 (1985-2019),2013,,0.093333334,,F,Free (free for publication),2,Two,A,Normal value,0,Units
DATAFLOW,OECD.ELS.JAI:DSD_EPL@DF_EPL(1.0),Strictness of employment protection,I,A,Annual,ARG,Argentina,EPL_OV,Individual and collective dismissals (regular contracts),0_TO_6,0-6 scale,VERSION1,Version 1 (1985-2019),2013,,1.682539701,,F,Free (free for publication),2,Two,A,Normal value,0,Units
DATAFLOW,OECD.ELS.JAI:DSD_EPL@DF_EPL(1.0),Strictness of employment protection,I,A,Annual,XKV,Kosovo,EPL_OV,Individual and collective dismissals (regular contracts),0_TO_6,0-6 scale,VERSION1,Version 1 (1985-2019),2013,,1.666666627,,F,Free (free for publication),2,Two,A,Normal value,0,Units
DATAFLOW,OECD.ELS.JAI:DSD_EPL@DF_EPL(1.0),Strictness of employment protection,I,A,Annual,MYS,Malaysia,EPL_OV,Individual and collective dismissals (regular contracts),0_TO_6,0-6 scale,VERSION1,Version 1 (1985-2019),2013,,2.841269732,,F,Free (free for publication),2,Two,A,Normal value,0,Units
DATAFLOW,OECD.ELS.JAI:DSD_EPL@DF_EPL(1.0),Strictness of employment protection,I,A,Annual,MNE,Montenegro,EPL_OV,Individual and collective dismissals (regular contracts),0_TO_6,0-6 scale,VERSION1,Version 1 (1985-2019),2013,,2.777777672,,F,Free (free for publication),2,Two,A,Normal value,0,Units
DATAFLOW,OECD.ELS.JAI:DSD_EPL@DF_EPL(1.0),Strictness of employment protection,I,A,Annual,THA,Thailand,EPL_OV,Individual and collective dismissals (regular contracts),0_TO_6,0-6 scale,VERSION1,Version 1 (1985-2019),2013,,2.920634985,,F,Free (free for publication),2,Two,A,Normal value,0,Units
DATAFLOW,OECD.ELS.JAI:DSD_EPL@DF_EPL(1.0),Strictness of employment protection,I,A,Annual,TUN,Tunisia,EPL_OV,Individual and collective dismissals (regular contracts),0_TO_6,0-6 scale,VERSION1,Version 1 (1985-2019),2013,,2.543650866,,F,Free (free for publication),2,Two,A,Normal value,0,Units
DATAFLOW,OECD.ELS.JAI:DSD_EPL@DF_EPL(1.0),Strictness of employment protection,I,A,Annual,AUS,Australia,EPL_OV,Individual and collective dismissals (regular contracts),0_TO_6,0-6 scale,VERSION1,Version 1 (1985-2019),2014,,1.666666627,,F,Free (free for publication),2,Two,A,Normal value,0,Units
DATAFLOW,OECD.ELS.JAI:DSD_EPL@DF_EPL(1.0),Strictness of employment protection,I,A,Annual,AUT,Austria,EPL_OV,Individual and collective dismissals (regular contracts),0_TO_6,0-6 scale,VERSION1,Version 1 (1985-2019),2014,,2.285714388,,F,Free (free for publication),2,Two,A,Normal value,0,Units
DATAFLOW,OECD.ELS.JAI:DSD_EPL@DF_EPL(1.0),Strictness of employment protection,I,A,Annual,BEL,Belgium,EPL_OV,Individual and collective dismissals (regular contracts),0_TO_6,0-6 scale,VERSION1,Version 1 (1985-2019),2014,,1.734126925,,F,Free (free for publication),2,Two,A,Normal value,0,Units
DATAFLOW,OECD.ELS.JAI:DSD_EPL@DF_EPL(1.0),Strictness of employment protection,I,A,Annual,CAN,Canada,EPL_OV,Individual and collective dismissals (regular contracts),0_TO_6,0-6 scale,VERSION1,Version 1 (1985-2019),2014,,0.587301612,,F,Free (free for publication),2,Two,A,Normal value,0,Units
DATAFLOW,OECD.ELS.JAI:DSD_EPL@DF_EPL(1.0),Strictness of employment protection,I,A,Annual,CHL,Chile,EPL_OV,Individual and collective dismissals (regular contracts),0_TO_6,0-6 scale,VERSION1,Version 1 (1985-2019),2014,,2.674603224,,F,Free (free for publication),2,Two,A,Normal value,0,Units
DATAFLOW,OECD.ELS.JAI:DSD_EPL@DF_EPL(1.0),Strictness of employment protection,I,A,Annual,COL,Colombia,EPL_OV,Individual and collective dismissals (regular contracts),0_TO_6,0-6 scale,VERSION1,Version 1 (1985-2019),2014,,1.539682508,,F,Free (free for publication),2,Two,A,Normal value,0,Units
DATAFLOW,OECD.ELS.JAI:DSD_EPL@DF_EPL(1.0),Strictness of employment protection,I,A,Annual,CRI,Costa Rica,EPL_OV,Individual and collective dismissals (regular contracts),0_TO_6,0-6 scale,VERSION1,Version 1 (1985-2019),2014,,0.682539701,,F,Free (free for publication),2,Two,A,Normal value,0,Units
DATAFLOW,OECD.ELS.JAI:DSD_EPL@DF_EPL(1.0),Strictness of employment protection,I,A,Annual,CZE,Czechia,EPL_OV,Individual and collective dismissals (regular contracts),0_TO_6,0-6 scale,VERSION1,Version 1 (1985-2019),2014,,3.257936478,,F,Free (free for publication),2,Two,A,Normal value,0,Units
DATAFLOW,OECD.ELS.JAI:DSD_EPL@DF_EPL(1.0),Strictness of employment protection,I,A,Annual,DNK,Denmark,EPL_OV,Individual and collective dismissals (regular contracts),0_TO_6,0-6 scale,VERSION1,Version 1 (1985-2019),2014,,1.53174603,,F,Free (free for publication),2,Two,A,Normal value,0,Units
DATAFLOW,OECD.ELS.JAI:DSD_EPL@DF_EPL(1.0),Strictness of employment protection,I,A,Annual,EST,Estonia,EPL_OV,Individual and collective dismissals (regular contracts),0_TO_6,0-6 scale,VERSION1,Version 1 (1985-2019),2014,,1.809523821,,F,Free (free for publication),2,Two,A,Normal value,0,Units
DATAFLOW,OECD.ELS.JAI:DSD_EPL@DF_EPL(1.0),Strictness of employment protection,I,A,Annual,FIN,Finland,EPL_OV,Individual and collective dismissals (regular contracts),0_TO_6,0-6 scale,VERSION1,Version 1 (1985-2019),2014,,2.083333254,,F,Free (free for publication),2,Two,A,Normal value,0,Units
DATAFLOW,OECD.ELS.JAI:DSD_EPL@DF_EPL(1.0),Strictness of employment protection,I,A,Annual,FRA,France,EPL_OV,Individual and collective dismissals (regular contracts),0_TO_6,0-6 scale,VERSION1,Version 1 (1985-2019),2014,,2.496031761,,F,Free (free for publication),2,Two,A,Normal value,0,Units
DATAFLOW,OECD.ELS.JAI:DSD_EPL@DF_EPL(1.0),Strictness of employment protection,I,A,Annual,DEU,Germany,EPL_OV,Individual and collective dismissals (regular contracts),0_TO_6,0-6 scale,VERSION1,Version 1 (1985-2019),2014,,2.595238209,,F,Free (free for publication),2,Two,A,Normal value,0,Units
DATAFLOW,OECD.ELS.JAI:DSD_EPL@DF_EPL(1.0),Strictness of employment protection,I,A,Annual,GRC,Greece,EPL_OV,Individual and collective dismissals (regular contracts),0_TO_6,0-6 scale,VERSION1,Version 1 (1985-2019),2014,,2.452380896,,F,Free (free for publication),2,Two,A,Normal value,0,Units
DATAFLOW,OECD.ELS.JAI:DSD_EPL@DF_EPL(1.0),Strictness of employment protection,I,A,Annual,HUN,Hungary,EPL_OV,Individual and collective dismissals (regular contracts),0_TO_6,0-6 scale,VERSION1,Version 1 (1985-2019),2014,,1.587301612,,F,Free (free for publication),2,Two,A,Normal value,0,Units
DATAFLOW,OECD.ELS.JAI:DSD_EPL@DF_EPL(1.0),Strictness of employment protection,I,A,Annual,ISL,Iceland,EPL_OV,Individual and collective dismissals (regular contracts),0_TO_6,0-6 scale,VERSION1,Version 1 (1985-2019),2014,,1.56349206,,F,Free (free for publication),2,Two,A,Normal value,0,Units
DATAFLOW,OECD.ELS.JAI:DSD_EPL@DF_EPL(1.0),Strictness of employment protection,I,A,Annual,IRL,Ireland,EPL_OV,Individual and collective dismissals (regular contracts),0_TO_6,0-6 scale,VERSION1,Version 1 (1985-2019),2014,,1.230158687,,F,Free (free for publication),2,Two,A,Normal value,0,Units
DATAFLOW,OECD.ELS.JAI:DSD_EPL@DF_EPL(1.0),Strictness of employment protection,I,A,Annual,ISR,Israel,EPL_OV,Individual and collective dismissals (regular contracts),0_TO_6,0-6 scale,VERSION1,Version 1 (1985-2019),2014,,2.369047642,,F,Free (free for publication),2,Two,A,Normal value,0,Units
DATAFLOW,OECD.ELS.JAI:DSD_EPL@DF_EPL(1.0),Strictness of employment protection,I,A,Annual,ITA,Italy,EPL_OV,Individual and collective dismissals (regular contracts),0_TO_6,0-6 scale,VERSION1,Version 1 (1985-2019),2014,,2.932539701,,F,Free (free for publication),2,Two,A,Normal value,0,Units
DATAFLOW,OECD.ELS.JAI:DSD_EPL@DF_EPL(1.0),Strictness of employment protection,I,A,Annual,JPN,Japan,EPL_OV,Individual and collective dismissals (regular contracts),0_TO_6,0-6 scale,VERSION1,Version 1 (1985-2019),2014,,1.369047642,,F,Free (free for publication),2,Two,A,Normal value,0,Units
DATAFLOW,OECD.ELS.JAI:DSD_EPL@DF_EPL(1.0),Strictness of employment protection,I,A,Annual,KOR,Korea,EPL_OV,Individual and collective dismissals (regular contracts),0_TO_6,0-6 scale,VERSION1,Version 1 (1985-2019),2014,,2.416666746,,F,Free (free for publication),2,Two,A,Normal value,0,Units
DATAFLOW,OECD.ELS.JAI:DSD_EPL@DF_EPL(1.0),Strictness of employment protection,I,A,Annual,LVA,Latvia,EPL_OV,Individual and collective dismissals (regular contracts),0_TO_6,0-6 scale,VERSION1,Version 1 (1985-2019),2014,,3.019841194,,F,Free (free for publication),2,Two,A,Normal value,0,Units
DATAFLOW,OECD.ELS.JAI:DSD_EPL@DF_EPL(1.0),Strictness of employment protection,I,A,Annual,LTU,Lithuania,EPL_OV,Individual and collective dismissals (regular contracts),0_TO_6,0-6 scale,VERSION1,Version 1 (1985-2019),2014,,2.626984119,,F,Free (free for publication),2,Two,A,Normal value,0,Units
DATAFLOW,OECD.ELS.JAI:DSD_EPL@DF_EPL(1.0),Strictness of employment protection,I,A,Annual,LUX,Luxembourg,EPL_OV,Individual and collective dismissals (regular contracts),0_TO_6,0-6 scale,VERSION1,Version 1 (1985-2019),2014,,2.136031866,,F,Free (free for publication),2,Two,A,Normal value,0,Units
DATAFLOW,OECD.ELS.JAI:DSD_EPL@DF_EPL(1.0),Strictness of employment protection,I,A,Annual,MEX,Mexico,EPL_OV,Individual and collective dismissals (regular contracts),0_TO_6,0-6 scale,VERSION1,Version 1 (1985-2019),2014,,2.154761791,,F,Free (free for publication),2,Two,A,Normal value,0,Units
DATAFLOW,OECD.ELS.JAI:DSD_EPL@DF_EPL(1.0),Strictness of employment protection,I,A,Annual,NLD,Netherlands,EPL_OV,Individual and collective dismissals (regular contracts),0_TO_6,0-6 scale,VERSION1,Version 1 (1985-2019),2014,,3.238095284,,F,Free (free for publication),2,Two,A,Normal value,0,Units
DATAFLOW,OECD.ELS.JAI:DSD_EPL@DF_EPL(1.0),Strictness of employment protection,I,A,Annual,NZL,New Zealand,EPL_OV,Individual and collective dismissals (regular contracts),0_TO_6,0-6 scale,VERSION1,Version 1 (1985-2019),2014,,1.642857194,,F,Free (free for publication),2,Two,A,Normal value,0,Units
DATAFLOW,OECD.ELS.JAI:DSD_EPL@DF_EPL(1.0),Strictness of employment protection,I,A,Annual,NOR,Norway,EPL_OV,Individual and collective dismissals (regular contracts),0_TO_6,0-6 scale,VERSION1,Version 1 (1985-2019),2014,,2.333333254,,F,Free (free for publication),2,Two,A,Normal value,0,Units
DATAFLOW,OECD.ELS.JAI:DSD_EPL@DF_EPL(1.0),Strictness of employment protection,I,A,Annual,POL,Poland,EPL_OV,Individual and collective dismissals (regular contracts),0_TO_6,0-6 scale,VERSION1,Version 1 (1985-2019),2014,,2.325396776,,F,Free (free for publication),2,Two,A,Normal value,0,Units
DATAFLOW,OECD.ELS.JAI:DSD_EPL@DF_EPL(1.0),Strictness of employment protection,I,A,Annual,PRT,Portugal,EPL_OV,Individual and collective dismissals (regular contracts),0_TO_6,0-6 scale,VERSION1,Version 1 (1985-2019),2014,,3.138888836,,F,Free (free for publication),2,Two,A,Normal value,0,Units
DATAFLOW,OECD.ELS.JAI:DSD_EPL@DF_EPL(1.0),Strictness of employment protection,I,A,Annual,SVK,Slovak Republic,EPL_OV,Individual and collective dismissals (regular contracts),0_TO_6,0-6 scale,VERSION1,Version 1 (1985-2019),2014,,2.507936478,,F,Free (free for publication),2,Two,A,Normal value,0,Units
DATAFLOW,OECD.ELS.JAI:DSD_EPL@DF_EPL(1.0),Strictness of employment protection,I,A,Annual,SVN,Slovenia,EPL_OV,Individual and collective dismissals (regular contracts),0_TO_6,0-6 scale,VERSION1,Version 1 (1985-2019),2014,,2.075396776,,F,Free (free for publication),2,Two,A,Normal value,0,Units
DATAFLOW,OECD.ELS.JAI:DSD_EPL@DF_EPL(1.0),Strictness of employment protection,I,A,Annual,ESP,Spain,EPL_OV,Individual and collective dismissals (regular contracts),0_TO_6,0-6 scale,VERSION1,Version 1 (1985-2019),2014,,1.964285731,,F,Free (free for publication),2,Two,A,Normal value,0,Units
DATAFLOW,OECD.ELS.JAI:DSD_EPL@DF_EPL(1.0),Strictness of employment protection,I,A,Annual,SWE,Sweden,EPL_OV,Individual and collective dismissals (regular contracts),0_TO_6,0-6 scale,VERSION1,Version 1 (1985-2019),2014,,2.446428537,,F,Free (free for publication),2,Two,A,Normal value,0,Units
DATAFLOW,OECD.ELS.JAI:DSD_EPL@DF_EPL(1.0),Strictness of employment protection,I,A,Annual,CHE,Switzerland,EPL_OV,Individual and collective dismissals (regular contracts),0_TO_6,0-6 scale,VERSION1,Version 1 (1985-2019),2014,,1.428571463,,F,Free (free for publication),2,Two,A,Normal value,0,Units
DATAFLOW,OECD.ELS.JAI:DSD_EPL@DF_EPL(1.0),Strictness of employment protection,I,A,Annual,TUR,Türkiye,EPL_OV,Individual and collective dismissals (regular contracts),0_TO_6,0-6 scale,VERSION1,Version 1 (1985-2019),2014,,2.976190567,,F,Free (free for publication),2,Two,A,Normal value,0,Units
DATAFLOW,OECD.ELS.JAI:DSD_EPL@DF_EPL(1.0),Strictness of employment protection,I,A,Annual,GBR,United Kingdom,EPL_OV,Individual and collective dismissals (regular contracts),0_TO_6,0-6 scale,VERSION1,Version 1 (1985-2019),2014,,1.34523809,,F,Free (free for publication),2,Two,A,Normal value,0,Units
DATAFLOW,OECD.ELS.JAI:DSD_EPL@DF_EPL(1.0),Strictness of employment protection,I,A,Annual,USA,United States,EPL_OV,Individual and collective dismissals (regular contracts),0_TO_6,0-6 scale,VERSION1,Version 1 (1985-2019),2014,,0.093333334,,F,Free (free for publication),2,Two,A,Normal value,0,Units
DATAFLOW,OECD.ELS.JAI:DSD_EPL@DF_EPL(1.0),Strictness of employment protection,I,A,Annual,OECD,OECD,EPL_OV,Individual and collective dismissals (regular contracts),0_TO_6,0-6 scale,VERSION1,Version 1 (1985-2019),2014,,2.061017036,,F,Free (free for publication),2,Two,A,Normal value,0,Units
DATAFLOW,OECD.ELS.JAI:DSD_EPL@DF_EPL(1.0),Strictness of employment protection,I,A,Annual,ARG,Argentina,EPL_OV,Individual and collective dismissals (regular contracts),0_TO_6,0-6 scale,VERSION1,Version 1 (1985-2019),2014,,1.682539701,,F,Free (free for publication),2,Two,A,Normal value,0,Units
DATAFLOW,OECD.ELS.JAI:DSD_EPL@DF_EPL(1.0),Strictness of employment protection,I,A,Annual,BHS,Bahamas,EPL_OV,Individual and collective dismissals (regular contracts),0_TO_6,0-6 scale,VERSION1,Version 1 (1985-2019),2014,,1.93650794,,F,Free (free for publication),2,Two,A,Normal value,0,Units
DATAFLOW,OECD.ELS.JAI:DSD_EPL@DF_EPL(1.0),Strictness of employment protection,I,A,Annual,BRB,Barbados,EPL_OV,Individual and collective dismissals (regular contracts),0_TO_6,0-6 scale,VERSION1,Version 1 (1985-2019),2014,,1.392857194,,F,Free (free for publication),2,Two,A,Normal value,0,Units
DATAFLOW,OECD.ELS.JAI:DSD_EPL@DF_EPL(1.0),Strictness of employment protection,I,A,Annual,BOL,Bolivia,EPL_OV,Individual and collective dismissals (regular contracts),0_TO_6,0-6 scale,VERSION1,Version 1 (1985-2019),2014,,2.642857075,,F,Free (free for publication),2,Two,A,Normal value,0,Units
DATAFLOW,OECD.ELS.JAI:DSD_EPL@DF_EPL(1.0),Strictness of employment protection,I,A,Annual,DOM,Dominican Republic,EPL_OV,Individual and collective dismissals (regular contracts),0_TO_6,0-6 scale,VERSION1,Version 1 (1985-2019),2014,,1.908730149,,F,Free (free for publication),2,Two,A,Normal value,0,Units
DATAFLOW,OECD.ELS.JAI:DSD_EPL@DF_EPL(1.0),Strictness of employment protection,I,A,Annual,ECU,Ecuador,EPL_OV,Individual and collective dismissals (regular contracts),0_TO_6,0-6 scale,VERSION1,Version 1 (1985-2019),2014,,1.761904716,,F,Free (free for publication),2,Two,A,Normal value,0,Units
DATAFLOW,OECD.ELS.JAI:DSD_EPL@DF_EPL(1.0),Strictness of employment protection,I,A,Annual,SLV,El Salvador,EPL_OV,Individual and collective dismissals (regular contracts),0_TO_6,0-6 scale,VERSION1,Version 1 (1985-2019),2014,,1.678571463,,F,Free (free for publication),2,Two,A,Normal value,0,Units
DATAFLOW,OECD.ELS.JAI:DSD_EPL@DF_EPL(1.0),Strictness of employment protection,I,A,Annual,GTM,Guatemala,EPL_OV,Individual and collective dismissals (regular contracts),0_TO_6,0-6 scale,VERSION1,Version 1 (1985-2019),2014,,1.472222209,,F,Free (free for publication),2,Two,A,Normal value,0,Units
DATAFLOW,OECD.ELS.JAI:DSD_EPL@DF_EPL(1.0),Strictness of employment protection,I,A,Annual,HND,Honduras,EPL_OV,Individual and collective dismissals (regular contracts),0_TO_6,0-6 scale,VERSION1,Version 1 (1985-2019),2014,,2.25,,F,Free (free for publication),2,Two,A,Normal value,0,Units
DATAFLOW,OECD.ELS.JAI:DSD_EPL@DF_EPL(1.0),Strictness of employment protection,I,A,Annual,JAM,Jamaica,EPL_OV,Individual and collective dismissals (regular contracts),0_TO_6,0-6 scale,VERSION1,Version 1 (1985-2019),2014,,1.575396776,,F,Free (free for publication),2,Two,A,Normal value,0,Units
DATAFLOW,OECD.ELS.JAI:DSD_EPL@DF_EPL(1.0),Strictness of employment protection,I,A,Annual,KAZ,Kazakhstan,EPL_OV,Individual and collective dismissals (regular contracts),0_TO_6,0-6 scale,VERSION1,Version 1 (1985-2019),2014,,3.321428537,,F,Free (free for publication),2,Two,A,Normal value,0,Units
DATAFLOW,OECD.ELS.JAI:DSD_EPL@DF_EPL(1.0),Strictness of employment protection,I,A,Annual,XKV,Kosovo,EPL_OV,Individual and collective dismissals (regular contracts),0_TO_6,0-6 scale,VERSION1,Version 1 (1985-2019),2014,,1.666666627,,F,Free (free for publication),2,Two,A,Normal value,0,Units
DATAFLOW,OECD.ELS.JAI:DSD_EPL@DF_EPL(1.0),Strictness of employment protection,I,A,Annual,NIC,Nicaragua,EPL_OV,Individual and collective dismissals (regular contracts),0_TO_6,0-6 scale,VERSION1,Version 1 (1985-2019),2014,,1.238095284,,F,Free (free for publication),2,Two,A,Normal value,0,Units
DATAFLOW,OECD.ELS.JAI:DSD_EPL@DF_EPL(1.0),Strictness of employment protection,I,A,Annual,PAN,Panama,EPL_OV,Individual and collective dismissals (regular contracts),0_TO_6,0-6 scale,VERSION1,Version 1 (1985-2019),2014,,2.345238209,,F,Free (free for publication),2,Two,A,Normal value,0,Units
DATAFLOW,OECD.ELS.JAI:DSD_EPL@DF_EPL(1.0),Strictness of employment protection,I,A,Annual,PRY,Paraguay,EPL_OV,Individual and collective dismissals (regular contracts),0_TO_6,0-6 scale,VERSION1,Version 1 (1985-2019),2014,,1.65476191,,F,Free (free for publication),2,Two,A,Normal value,0,Units
DATAFLOW,OECD.ELS.JAI:DSD_EPL@DF_EPL(1.0),Strictness of employment protection,I,A,Annual,PER,Peru,EPL_OV,Individual and collective dismissals (regular contracts),0_TO_6,0-6 scale,VERSION1,Version 1 (1985-2019),2014,,1.916666627,,F,Free (free for publication),2,Two,A,Normal value,0,Units
DATAFLOW,OECD.ELS.JAI:DSD_EPL@DF_EPL(1.0),Strictness of employment protection,I,A,Annual,THA,Thailand,EPL_OV,Individual and collective dismissals (regular contracts),0_TO_6,0-6 scale,VERSION1,Version 1 (1985-2019),2014,,2.920634985,,F,Free (free for publication),2,Two,A,Normal value,0,Units
DATAFLOW,OECD.ELS.JAI:DSD_EPL@DF_EPL(1.0),Strictness of employment protection,I,A,Annual,URY,Uruguay,EPL_OV,Individual and collective dismissals (regular contracts),0_TO_6,0-6 scale,VERSION1,Version 1 (1985-2019),2014,,1.134920597,,F,Free (free for publication),2,Two,A,Normal value,0,Units
DATAFLOW,OECD.ELS.JAI:DSD_EPL@DF_EPL(1.0),Strictness of employment protection,I,A,Annual,VEN,Venezuela,EPL_OV,Individual and collective dismissals (regular contracts),0_TO_6,0-6 scale,VERSION1,Version 1 (1985-2019),2014,,3.5,,F,Free (free for publication),2,Two,A,Normal value,0,Units
DATAFLOW,OECD.ELS.JAI:DSD_EPL@DF_EPL(1.0),Strictness of employment protection,I,A,Annual,AUS,Australia,EPL_OV,Individual and collective dismissals (regular contracts),0_TO_6,0-6 scale,VERSION1,Version 1 (1985-2019),2015,,1.666666627,,F,Free (free for publication),2,Two,A,Normal value,0,Units
DATAFLOW,OECD.ELS.JAI:DSD_EPL@DF_EPL(1.0),Strictness of employment protection,I,A,Annual,AUT,Austria,EPL_OV,Individual and collective dismissals (regular contracts),0_TO_6,0-6 scale,VERSION1,Version 1 (1985-2019),2015,,2.285714388,,F,Free (free for publication),2,Two,A,Normal value,0,Units
DATAFLOW,OECD.ELS.JAI:DSD_EPL@DF_EPL(1.0),Strictness of employment protection,I,A,Annual,BEL,Belgium,EPL_OV,Individual and collective dismissals (regular contracts),0_TO_6,0-6 scale,VERSION1,Version 1 (1985-2019),2015,,2.067460299,,F,Free (free for publication),2,Two,A,Normal value,0,Units
DATAFLOW,OECD.ELS.JAI:DSD_EPL@DF_EPL(1.0),Strictness of employment protection,I,A,Annual,CAN,Canada,EPL_OV,Individual and collective dismissals (regular contracts),0_TO_6,0-6 scale,VERSION1,Version 1 (1985-2019),2015,,0.587301612,,F,Free (free for publication),2,Two,A,Normal value,0,Units
DATAFLOW,OECD.ELS.JAI:DSD_EPL@DF_EPL(1.0),Strictness of employment protection,I,A,Annual,CHL,Chile,EPL_OV,Individual and collective dismissals (regular contracts),0_TO_6,0-6 scale,VERSION1,Version 1 (1985-2019),2015,,2.674603224,,F,Free (free for publication),2,Two,A,Normal value,0,Units
DATAFLOW,OECD.ELS.JAI:DSD_EPL@DF_EPL(1.0),Strictness of employment protection,I,A,Annual,COL,Colombia,EPL_OV,Individual and collective dismissals (regular contracts),0_TO_6,0-6 scale,VERSION1,Version 1 (1985-2019),2015,,1.539682508,,F,Free (free for publication),2,Two,A,Normal value,0,Units
DATAFLOW,OECD.ELS.JAI:DSD_EPL@DF_EPL(1.0),Strictness of employment protection,I,A,Annual,CRI,Costa Rica,EPL_OV,Individual and collective dismissals (regular contracts),0_TO_6,0-6 scale,VERSION1,Version 1 (1985-2019),2015,,0.682539701,,F,Free (free for publication),2,Two,A,Normal value,0,Units
DATAFLOW,OECD.ELS.JAI:DSD_EPL@DF_EPL(1.0),Strictness of employment protection,I,A,Annual,CZE,Czechia,EPL_OV,Individual and collective dismissals (regular contracts),0_TO_6,0-6 scale,VERSION1,Version 1 (1985-2019),2015,,3.257936478,,F,Free (free for publication),2,Two,A,Normal value,0,Units
DATAFLOW,OECD.ELS.JAI:DSD_EPL@DF_EPL(1.0),Strictness of employment protection,I,A,Annual,DNK,Denmark,EPL_OV,Individual and collective dismissals (regular contracts),0_TO_6,0-6 scale,VERSION1,Version 1 (1985-2019),2015,,1.53174603,,F,Free (free for publication),2,Two,A,Normal value,0,Units
DATAFLOW,OECD.ELS.JAI:DSD_EPL@DF_EPL(1.0),Strictness of employment protection,I,A,Annual,EST,Estonia,EPL_OV,Individual and collective dismissals (regular contracts),0_TO_6,0-6 scale,VERSION1,Version 1 (1985-2019),2015,,1.809523821,,F,Free (free for publication),2,Two,A,Normal value,0,Units
DATAFLOW,OECD.ELS.JAI:DSD_EPL@DF_EPL(1.0),Strictness of employment protection,I,A,Annual,FIN,Finland,EPL_OV,Individual and collective dismissals (regular contracts),0_TO_6,0-6 scale,VERSION1,Version 1 (1985-2019),2015,,2.083333254,,F,Free (free for publication),2,Two,A,Normal value,0,Units
DATAFLOW,OECD.ELS.JAI:DSD_EPL@DF_EPL(1.0),Strictness of employment protection,I,A,Annual,FRA,France,EPL_OV,Individual and collective dismissals (regular contracts),0_TO_6,0-6 scale,VERSION1,Version 1 (1985-2019),2015,,2.496031761,,F,Free (free for publication),2,Two,A,Normal value,0,Units
DATAFLOW,OECD.ELS.JAI:DSD_EPL@DF_EPL(1.0),Strictness of employment protection,I,A,Annual,DEU,Germany,EPL_OV,Individual and collective dismissals (regular contracts),0_TO_6,0-6 scale,VERSION1,Version 1 (1985-2019),2015,,2.595238209,,F,Free (free for publication),2,Two,A,Normal value,0,Units
DATAFLOW,OECD.ELS.JAI:DSD_EPL@DF_EPL(1.0),Strictness of employment protection,I,A,Annual,GRC,Greece,EPL_OV,Individual and collective dismissals (regular contracts),0_TO_6,0-6 scale,VERSION1,Version 1 (1985-2019),2015,,2.452380896,,F,Free (free for publication),2,Two,A,Normal value,0,Units
DATAFLOW,OECD.ELS.JAI:DSD_EPL@DF_EPL(1.0),Strictness of employment protection,I,A,Annual,HUN,Hungary,EPL_OV,Individual and collective dismissals (regular contracts),0_TO_6,0-6 scale,VERSION1,Version 1 (1985-2019),2015,,1.587301612,,F,Free (free for publication),2,Two,A,Normal value,0,Units
DATAFLOW,OECD.ELS.JAI:DSD_EPL@DF_EPL(1.0),Strictness of employment protection,I,A,Annual,ISL,Iceland,EPL_OV,Individual and collective dismissals (regular contracts),0_TO_6,0-6 scale,VERSION1,Version 1 (1985-2019),2015,,1.56349206,,F,Free (free for publication),2,Two,A,Normal value,0,Units
DATAFLOW,OECD.ELS.JAI:DSD_EPL@DF_EPL(1.0),Strictness of employment protection,I,A,Annual,IRL,Ireland,EPL_OV,Individual and collective dismissals (regular contracts),0_TO_6,0-6 scale,VERSION1,Version 1 (1985-2019),2015,,1.230158687,,F,Free (free for publication),2,Two,A,Normal value,0,Units
DATAFLOW,OECD.ELS.JAI:DSD_EPL@DF_EPL(1.0),Strictness of employment protection,I,A,Annual,ISR,Israel,EPL_OV,Individual and collective dismissals (regular contracts),0_TO_6,0-6 scale,VERSION1,Version 1 (1985-2019),2015,,2.369047642,,F,Free (free for publication),2,Two,A,Normal value,0,Units
DATAFLOW,OECD.ELS.JAI:DSD_EPL@DF_EPL(1.0),Strictness of employment protection,I,A,Annual,ITA,Italy,EPL_OV,Individual and collective dismissals (regular contracts),0_TO_6,0-6 scale,VERSION1,Version 1 (1985-2019),2015,,2.932539701,,F,Free (free for publication),2,Two,A,Normal value,0,Units
DATAFLOW,OECD.ELS.JAI:DSD_EPL@DF_EPL(1.0),Strictness of employment protection,I,A,Annual,JPN,Japan,EPL_OV,Individual and collective dismissals (regular contracts),0_TO_6,0-6 scale,VERSION1,Version 1 (1985-2019),2015,,1.369047642,,F,Free (free for publication),2,Two,A,Normal value,0,Units
DATAFLOW,OECD.ELS.JAI:DSD_EPL@DF_EPL(1.0),Strictness of employment protection,I,A,Annual,KOR,Korea,EPL_OV,Individual and collective dismissals (regular contracts),0_TO_6,0-6 scale,VERSION1,Version 1 (1985-2019),2015,,2.416666746,,F,Free (free for publication),2,Two,A,Normal value,0,Units
DATAFLOW,OECD.ELS.JAI:DSD_EPL@DF_EPL(1.0),Strictness of employment protection,I,A,Annual,LVA,Latvia,EPL_OV,Individual and collective dismissals (regular contracts),0_TO_6,0-6 scale,VERSION1,Version 1 (1985-2019),2015,,3.019841194,,F,Free (free for publication),2,Two,A,Normal value,0,Units
DATAFLOW,OECD.ELS.JAI:DSD_EPL@DF_EPL(1.0),Strictness of employment protection,I,A,Annual,LTU,Lithuania,EPL_OV,Individual and collective dismissals (regular contracts),0_TO_6,0-6 scale,VERSION1,Version 1 (1985-2019),2015,,2.626984119,,F,Free (free for publication),2,Two,A,Normal value,0,Units
DATAFLOW,OECD.ELS.JAI:DSD_EPL@DF_EPL(1.0),Strictness of employment protection,I,A,Annual,LUX,Luxembourg,EPL_OV,Individual and collective dismissals (regular contracts),0_TO_6,0-6 scale,VERSION1,Version 1 (1985-2019),2015,,2.136031866,,F,Free (free for publication),2,Two,A,Normal value,0,Units
DATAFLOW,OECD.ELS.JAI:DSD_EPL@DF_EPL(1.0),Strictness of employment protection,I,A,Annual,MEX,Mexico,EPL_OV,Individual and collective dismissals (regular contracts),0_TO_6,0-6 scale,VERSION1,Version 1 (1985-2019),2015,,2.154761791,,F,Free (free for publication),2,Two,A,Normal value,0,Units
DATAFLOW,OECD.ELS.JAI:DSD_EPL@DF_EPL(1.0),Strictness of employment protection,I,A,Annual,NLD,Netherlands,EPL_OV,Individual and collective dismissals (regular contracts),0_TO_6,0-6 scale,VERSION1,Version 1 (1985-2019),2015,,3.238095284,,F,Free (free for publication),2,Two,A,Normal value,0,Units
DATAFLOW,OECD.ELS.JAI:DSD_EPL@DF_EPL(1.0),Strictness of employment protection,I,A,Annual,NZL,New Zealand,EPL_OV,Individual and collective dismissals (regular contracts),0_TO_6,0-6 scale,VERSION1,Version 1 (1985-2019),2015,,1.642857194,,F,Free (free for publication),2,Two,A,Normal value,0,Units
DATAFLOW,OECD.ELS.JAI:DSD_EPL@DF_EPL(1.0),Strictness of employment protection,I,A,Annual,NOR,Norway,EPL_OV,Individual and collective dismissals (regular contracts),0_TO_6,0-6 scale,VERSION1,Version 1 (1985-2019),2015,,2.333333254,,F,Free (free for publication),2,Two,A,Normal value,0,Units
DATAFLOW,OECD.ELS.JAI:DSD_EPL@DF_EPL(1.0),Strictness of employment protection,I,A,Annual,POL,Poland,EPL_OV,Individual and collective dismissals (regular contracts),0_TO_6,0-6 scale,VERSION1,Version 1 (1985-2019),2015,,2.325396776,,F,Free (free for publication),2,Two,A,Normal value,0,Units
DATAFLOW,OECD.ELS.JAI:DSD_EPL@DF_EPL(1.0),Strictness of employment protection,I,A,Annual,PRT,Portugal,EPL_OV,Individual and collective dismissals (regular contracts),0_TO_6,0-6 scale,VERSION1,Version 1 (1985-2019),2015,,3.138888836,,F,Free (free for publication),2,Two,A,Normal value,0,Units
DATAFLOW,OECD.ELS.JAI:DSD_EPL@DF_EPL(1.0),Strictness of employment protection,I,A,Annual,SVK,Slovak Republic,EPL_OV,Individual and collective dismissals (regular contracts),0_TO_6,0-6 scale,VERSION1,Version 1 (1985-2019),2015,,2.507936478,,F,Free (free for publication),2,Two,A,Normal value,0,Units
DATAFLOW,OECD.ELS.JAI:DSD_EPL@DF_EPL(1.0),Strictness of employment protection,I,A,Annual,SVN,Slovenia,EPL_OV,Individual and collective dismissals (regular contracts),0_TO_6,0-6 scale,VERSION1,Version 1 (1985-2019),2015,,2.075396776,,F,Free (free for publication),2,Two,A,Normal value,0,Units
DATAFLOW,OECD.ELS.JAI:DSD_EPL@DF_EPL(1.0),Strictness of employment protection,I,A,Annual,ESP,Spain,EPL_OV,Individual and collective dismissals (regular contracts),0_TO_6,0-6 scale,VERSION1,Version 1 (1985-2019),2015,,1.964285731,,F,Free (free for publication),2,Two,A,Normal value,0,Units
DATAFLOW,OECD.ELS.JAI:DSD_EPL@DF_EPL(1.0),Strictness of employment protection,I,A,Annual,SWE,Sweden,EPL_OV,Individual and collective dismissals (regular contracts),0_TO_6,0-6 scale,VERSION1,Version 1 (1985-2019),2015,,2.446428537,,F,Free (free for publication),2,Two,A,Normal value,0,Units
DATAFLOW,OECD.ELS.JAI:DSD_EPL@DF_EPL(1.0),Strictness of employment protection,I,A,Annual,CHE,Switzerland,EPL_OV,Individual and collective dismissals (regular contracts),0_TO_6,0-6 scale,VERSION1,Version 1 (1985-2019),2015,,1.428571463,,F,Free (free for publication),2,Two,A,Normal value,0,Units
DATAFLOW,OECD.ELS.JAI:DSD_EPL@DF_EPL(1.0),Strictness of employment protection,I,A,Annual,TUR,Türkiye,EPL_OV,Individual and collective dismissals (regular contracts),0_TO_6,0-6 scale,VERSION1,Version 1 (1985-2019),2015,,2.976190567,,F,Free (free for publication),2,Two,A,Normal value,0,Units
DATAFLOW,OECD.ELS.JAI:DSD_EPL@DF_EPL(1.0),Strictness of employment protection,I,A,Annual,GBR,United Kingdom,EPL_OV,Individual and collective dismissals (regular contracts),0_TO_6,0-6 scale,VERSION1,Version 1 (1985-2019),2015,,1.34523809,,F,Free (free for publication),2,Two,A,Normal value,0,Units
DATAFLOW,OECD.ELS.JAI:DSD_EPL@DF_EPL(1.0),Strictness of employment protection,I,A,Annual,USA,United States,EPL_OV,Individual and collective dismissals (regular contracts),0_TO_6,0-6 scale,VERSION1,Version 1 (1985-2019),2015,,0.093333334,,F,Free (free for publication),2,Two,A,Normal value,0,Units
DATAFLOW,OECD.ELS.JAI:DSD_EPL@DF_EPL(1.0),Strictness of employment protection,I,A,Annual,OECD,OECD,EPL_OV,Individual and collective dismissals (regular contracts),0_TO_6,0-6 scale,VERSION1,Version 1 (1985-2019),2015,,2.069789171,,F,Free (free for publication),2,Two,A,Normal value,0,Units
DATAFLOW,OECD.ELS.JAI:DSD_EPL@DF_EPL(1.0),Strictness of employment protection,I,A,Annual,ALB,Albania,EPL_OV,Individual and collective dismissals (regular contracts),0_TO_6,0-6 scale,VERSION1,Version 1 (1985-2019),2015,,2.142857075,,F,Free (free for publication),2,Two,A,Normal value,0,Units
DATAFLOW,OECD.ELS.JAI:DSD_EPL@DF_EPL(1.0),Strictness of employment protection,I,A,Annual,ARG,Argentina,EPL_OV,Individual and collective dismissals (regular contracts),0_TO_6,0-6 scale,VERSION1,Version 1 (1985-2019),2015,,1.682539701,,F,Free (free for publication),2,Two,A,Normal value,0,Units
DATAFLOW,OECD.ELS.JAI:DSD_EPL@DF_EPL(1.0),Strictness of employment protection,I,A,Annual,BIH,Bosnia and Herzegovina,EPL_OV,Individual and collective dismissals (regular contracts),0_TO_6,0-6 scale,VERSION1,Version 1 (1985-2019),2015,,2.523809433,,F,Free (free for publication),2,Two,A,Normal value,0,Units
DATAFLOW,OECD.ELS.JAI:DSD_EPL@DF_EPL(1.0),Strictness of employment protection,I,A,Annual,HRV,Croatia,EPL_OV,Individual and collective dismissals (regular contracts),0_TO_6,0-6 scale,VERSION1,Version 1 (1985-2019),2015,,2.484127045,,F,Free (free for publication),2,Two,A,Normal value,0,Units
DATAFLOW,OECD.ELS.JAI:DSD_EPL@DF_EPL(1.0),Strictness of employment protection,I,A,Annual,KAZ,Kazakhstan,EPL_OV,Individual and collective dismissals (regular contracts),0_TO_6,0-6 scale,VERSION1,Version 1 (1985-2019),2015,,3.321428537,,F,Free (free for publication),2,Two,A,Normal value,0,Units
DATAFLOW,OECD.ELS.JAI:DSD_EPL@DF_EPL(1.0),Strictness of employment protection,I,A,Annual,MKD,North Macedonia,EPL_OV,Individual and collective dismissals (regular contracts),0_TO_6,0-6 scale,VERSION1,Version 1 (1985-2019),2015,,2.142857075,,F,Free (free for publication),2,Two,A,Normal value,0,Units
DATAFLOW,OECD.ELS.JAI:DSD_EPL@DF_EPL(1.0),Strictness of employment protection,I,A,Annual,PRY,Paraguay,EPL_OV,Individual and collective dismissals (regular contracts),0_TO_6,0-6 scale,VERSION1,Version 1 (1985-2019),2015,,1.65476191,,F,Free (free for publication),2,Two,A,Normal value,0,Units
DATAFLOW,OECD.ELS.JAI:DSD_EPL@DF_EPL(1.0),Strictness of employment protection,I,A,Annual,PER,Peru,EPL_OV,Individual and collective dismissals (regular contracts),0_TO_6,0-6 scale,VERSION1,Version 1 (1985-2019),2015,,1.916666627,,F,Free (free for publication),2,Two,A,Normal value,0,Units
DATAFLOW,OECD.ELS.JAI:DSD_EPL@DF_EPL(1.0),Strictness of employment protection,I,A,Annual,SRB,Serbia,EPL_OV,Individual and collective dismissals (regular contracts),0_TO_6,0-6 scale,VERSION1,Version 1 (1985-2019),2015,,1.702380896,,F,Free (free for publication),2,Two,A,Normal value,0,Units
DATAFLOW,OECD.ELS.JAI:DSD_EPL@DF_EPL(1.0),Strictness of employment protection,I,A,Annual,URY,Uruguay,EPL_OV,Individual and collective dismissals (regular contracts),0_TO_6,0-6 scale,VERSION1,Version 1 (1985-2019),2015,,1.134920597,,F,Free (free for publication),2,Two,A,Normal value,0,Units
DATAFLOW,OECD.ELS.JAI:DSD_EPL@DF_EPL(1.0),Strictness of employment protection,I,A,Annual,AUS,Australia,EPL_OV,Individual and collective dismissals (regular contracts),0_TO_6,0-6 scale,VERSION1,Version 1 (1985-2019),2016,,1.666666627,,F,Free (free for publication),2,Two,A,Normal value,0,Units
DATAFLOW,OECD.ELS.JAI:DSD_EPL@DF_EPL(1.0),Strictness of employment protection,I,A,Annual,AUT,Austria,EPL_OV,Individual and collective dismissals (regular contracts),0_TO_6,0-6 scale,VERSION1,Version 1 (1985-2019),2016,,2.285714388,,F,Free (free for publication),2,Two,A,Normal value,0,Units
DATAFLOW,OECD.ELS.JAI:DSD_EPL@DF_EPL(1.0),Strictness of employment protection,I,A,Annual,BEL,Belgium,EPL_OV,Individual and collective dismissals (regular contracts),0_TO_6,0-6 scale,VERSION1,Version 1 (1985-2019),2016,,2.067460299,,F,Free (free for publication),2,Two,A,Normal value,0,Units
DATAFLOW,OECD.ELS.JAI:DSD_EPL@DF_EPL(1.0),Strictness of employment protection,I,A,Annual,CAN,Canada,EPL_OV,Individual and collective dismissals (regular contracts),0_TO_6,0-6 scale,VERSION1,Version 1 (1985-2019),2016,,0.587301612,,F,Free (free for publication),2,Two,A,Normal value,0,Units
DATAFLOW,OECD.ELS.JAI:DSD_EPL@DF_EPL(1.0),Strictness of employment protection,I,A,Annual,CHL,Chile,EPL_OV,Individual and collective dismissals (regular contracts),0_TO_6,0-6 scale,VERSION1,Version 1 (1985-2019),2016,,2.674603224,,F,Free (free for publication),2,Two,A,Normal value,0,Units
DATAFLOW,OECD.ELS.JAI:DSD_EPL@DF_EPL(1.0),Strictness of employment protection,I,A,Annual,COL,Colombia,EPL_OV,Individual and collective dismissals (regular contracts),0_TO_6,0-6 scale,VERSION1,Version 1 (1985-2019),2016,,1.539682508,,F,Free (free for publication),2,Two,A,Normal value,0,Units
DATAFLOW,OECD.ELS.JAI:DSD_EPL@DF_EPL(1.0),Strictness of employment protection,I,A,Annual,CRI,Costa Rica,EPL_OV,Individual and collective dismissals (regular contracts),0_TO_6,0-6 scale,VERSION1,Version 1 (1985-2019),2016,,0.682539701,,F,Free (free for publication),2,Two,A,Normal value,0,Units
DATAFLOW,OECD.ELS.JAI:DSD_EPL@DF_EPL(1.0),Strictness of employment protection,I,A,Annual,CZE,Czechia,EPL_OV,Individual and collective dismissals (regular contracts),0_TO_6,0-6 scale,VERSION1,Version 1 (1985-2019),2016,,3.257936478,,F,Free (free for publication),2,Two,A,Normal value,0,Units
DATAFLOW,OECD.ELS.JAI:DSD_EPL@DF_EPL(1.0),Strictness of employment protection,I,A,Annual,DNK,Denmark,EPL_OV,Individual and collective dismissals (regular contracts),0_TO_6,0-6 scale,VERSION1,Version 1 (1985-2019),2016,,1.53174603,,F,Free (free for publication),2,Two,A,Normal value,0,Units
DATAFLOW,OECD.ELS.JAI:DSD_EPL@DF_EPL(1.0),Strictness of employment protection,I,A,Annual,EST,Estonia,EPL_OV,Individual and collective dismissals (regular contracts),0_TO_6,0-6 scale,VERSION1,Version 1 (1985-2019),2016,,1.809523821,,F,Free (free for publication),2,Two,A,Normal value,0,Units
DATAFLOW,OECD.ELS.JAI:DSD_EPL@DF_EPL(1.0),Strictness of employment protection,I,A,Annual,FIN,Finland,EPL_OV,Individual and collective dismissals (regular contracts),0_TO_6,0-6 scale,VERSION1,Version 1 (1985-2019),2016,,2.083333254,,F,Free (free for publication),2,Two,A,Normal value,0,Units
DATAFLOW,OECD.ELS.JAI:DSD_EPL@DF_EPL(1.0),Strictness of employment protection,I,A,Annual,FRA,France,EPL_OV,Individual and collective dismissals (regular contracts),0_TO_6,0-6 scale,VERSION1,Version 1 (1985-2019),2016,,2.496031761,,F,Free (free for publication),2,Two,A,Normal value,0,Units
DATAFLOW,OECD.ELS.JAI:DSD_EPL@DF_EPL(1.0),Strictness of employment protection,I,A,Annual,DEU,Germany,EPL_OV,Individual and collective dismissals (regular contracts),0_TO_6,0-6 scale,VERSION1,Version 1 (1985-2019),2016,,2.595238209,,F,Free (free for publication),2,Two,A,Normal value,0,Units
DATAFLOW,OECD.ELS.JAI:DSD_EPL@DF_EPL(1.0),Strictness of employment protection,I,A,Annual,GRC,Greece,EPL_OV,Individual and collective dismissals (regular contracts),0_TO_6,0-6 scale,VERSION1,Version 1 (1985-2019),2016,,2.452380896,,F,Free (free for publication),2,Two,A,Normal value,0,Units
DATAFLOW,OECD.ELS.JAI:DSD_EPL@DF_EPL(1.0),Strictness of employment protection,I,A,Annual,HUN,Hungary,EPL_OV,Individual and collective dismissals (regular contracts),0_TO_6,0-6 scale,VERSION1,Version 1 (1985-2019),2016,,1.587301612,,F,Free (free for publication),2,Two,A,Normal value,0,Units
DATAFLOW,OECD.ELS.JAI:DSD_EPL@DF_EPL(1.0),Strictness of employment protection,I,A,Annual,ISL,Iceland,EPL_OV,Individual and collective dismissals (regular contracts),0_TO_6,0-6 scale,VERSION1,Version 1 (1985-2019),2016,,1.56349206,,F,Free (free for publication),2,Two,A,Normal value,0,Units
DATAFLOW,OECD.ELS.JAI:DSD_EPL@DF_EPL(1.0),Strictness of employment protection,I,A,Annual,IRL,Ireland,EPL_OV,Individual and collective dismissals (regular contracts),0_TO_6,0-6 scale,VERSION1,Version 1 (1985-2019),2016,,1.230158687,,F,Free (free for publication),2,Two,A,Normal value,0,Units
DATAFLOW,OECD.ELS.JAI:DSD_EPL@DF_EPL(1.0),Strictness of employment protection,I,A,Annual,ISR,Israel,EPL_OV,Individual and collective dismissals (regular contracts),0_TO_6,0-6 scale,VERSION1,Version 1 (1985-2019),2016,,2.369047642,,F,Free (free for publication),2,Two,A,Normal value,0,Units
DATAFLOW,OECD.ELS.JAI:DSD_EPL@DF_EPL(1.0),Strictness of employment protection,I,A,Annual,ITA,Italy,EPL_OV,Individual and collective dismissals (regular contracts),0_TO_6,0-6 scale,VERSION1,Version 1 (1985-2019),2016,,2.474206448,,F,Free (free for publication),2,Two,A,Normal value,0,Units
DATAFLOW,OECD.ELS.JAI:DSD_EPL@DF_EPL(1.0),Strictness of employment protection,I,A,Annual,JPN,Japan,EPL_OV,Individual and collective dismissals (regular contracts),0_TO_6,0-6 scale,VERSION1,Version 1 (1985-2019),2016,,1.369047642,,F,Free (free for publication),2,Two,A,Normal value,0,Units
DATAFLOW,OECD.ELS.JAI:DSD_EPL@DF_EPL(1.0),Strictness of employment protection,I,A,Annual,KOR,Korea,EPL_OV,Individual and collective dismissals (regular contracts),0_TO_6,0-6 scale,VERSION1,Version 1 (1985-2019),2016,,2.416666746,,F,Free (free for publication),2,Two,A,Normal value,0,Units
DATAFLOW,OECD.ELS.JAI:DSD_EPL@DF_EPL(1.0),Strictness of employment protection,I,A,Annual,LVA,Latvia,EPL_OV,Individual and collective dismissals (regular contracts),0_TO_6,0-6 scale,VERSION1,Version 1 (1985-2019),2016,,3.019841194,,F,Free (free for publication),2,Two,A,Normal value,0,Units
DATAFLOW,OECD.ELS.JAI:DSD_EPL@DF_EPL(1.0),Strictness of employment protection,I,A,Annual,LTU,Lithuania,EPL_OV,Individual and collective dismissals (regular contracts),0_TO_6,0-6 scale,VERSION1,Version 1 (1985-2019),2016,,2.626984119,,F,Free (free for publication),2,Two,A,Normal value,0,Units
DATAFLOW,OECD.ELS.JAI:DSD_EPL@DF_EPL(1.0),Strictness of employment protection,I,A,Annual,LUX,Luxembourg,EPL_OV,Individual and collective dismissals (regular contracts),0_TO_6,0-6 scale,VERSION1,Version 1 (1985-2019),2016,,2.136031866,,F,Free (free for publication),2,Two,A,Normal value,0,Units
DATAFLOW,OECD.ELS.JAI:DSD_EPL@DF_EPL(1.0),Strictness of employment protection,I,A,Annual,MEX,Mexico,EPL_OV,Individual and collective dismissals (regular contracts),0_TO_6,0-6 scale,VERSION1,Version 1 (1985-2019),2016,,2.154761791,,F,Free (free for publication),2,Two,A,Normal value,0,Units
DATAFLOW,OECD.ELS.JAI:DSD_EPL@DF_EPL(1.0),Strictness of employment protection,I,A,Annual,NLD,Netherlands,EPL_OV,Individual and collective dismissals (regular contracts),0_TO_6,0-6 scale,VERSION1,Version 1 (1985-2019),2016,,3.444444418,,F,Free (free for publication),2,Two,A,Normal value,0,Units
DATAFLOW,OECD.ELS.JAI:DSD_EPL@DF_EPL(1.0),Strictness of employment protection,I,A,Annual,NZL,New Zealand,EPL_OV,Individual and collective dismissals (regular contracts),0_TO_6,0-6 scale,VERSION1,Version 1 (1985-2019),2016,,1.642857194,,F,Free (free for publication),2,Two,A,Normal value,0,Units
DATAFLOW,OECD.ELS.JAI:DSD_EPL@DF_EPL(1.0),Strictness of employment protection,I,A,Annual,NOR,Norway,EPL_OV,Individual and collective dismissals (regular contracts),0_TO_6,0-6 scale,VERSION1,Version 1 (1985-2019),2016,,2.333333254,,F,Free (free for publication),2,Two,A,Normal value,0,Units
DATAFLOW,OECD.ELS.JAI:DSD_EPL@DF_EPL(1.0),Strictness of employment protection,I,A,Annual,POL,Poland,EPL_OV,Individual and collective dismissals (regular contracts),0_TO_6,0-6 scale,VERSION1,Version 1 (1985-2019),2016,,2.325396776,,F,Free (free for publication),2,Two,A,Normal value,0,Units
DATAFLOW,OECD.ELS.JAI:DSD_EPL@DF_EPL(1.0),Strictness of employment protection,I,A,Annual,PRT,Portugal,EPL_OV,Individual and collective dismissals (regular contracts),0_TO_6,0-6 scale,VERSION1,Version 1 (1985-2019),2016,,3.138888836,,F,Free (free for publication),2,Two,A,Normal value,0,Units
DATAFLOW,OECD.ELS.JAI:DSD_EPL@DF_EPL(1.0),Strictness of employment protection,I,A,Annual,SVK,Slovak Republic,EPL_OV,Individual and collective dismissals (regular contracts),0_TO_6,0-6 scale,VERSION1,Version 1 (1985-2019),2016,,2.507936478,,F,Free (free for publication),2,Two,A,Normal value,0,Units
DATAFLOW,OECD.ELS.JAI:DSD_EPL@DF_EPL(1.0),Strictness of employment protection,I,A,Annual,SVN,Slovenia,EPL_OV,Individual and collective dismissals (regular contracts),0_TO_6,0-6 scale,VERSION1,Version 1 (1985-2019),2016,,2.075396776,,F,Free (free for publication),2,Two,A,Normal value,0,Units
DATAFLOW,OECD.ELS.JAI:DSD_EPL@DF_EPL(1.0),Strictness of employment protection,I,A,Annual,ESP,Spain,EPL_OV,Individual and collective dismissals (regular contracts),0_TO_6,0-6 scale,VERSION1,Version 1 (1985-2019),2016,,1.964285731,,F,Free (free for publication),2,Two,A,Normal value,0,Units
DATAFLOW,OECD.ELS.JAI:DSD_EPL@DF_EPL(1.0),Strictness of employment protection,I,A,Annual,SWE,Sweden,EPL_OV,Individual and collective dismissals (regular contracts),0_TO_6,0-6 scale,VERSION1,Version 1 (1985-2019),2016,,2.446428537,,F,Free (free for publication),2,Two,A,Normal value,0,Units
DATAFLOW,OECD.ELS.JAI:DSD_EPL@DF_EPL(1.0),Strictness of employment protection,I,A,Annual,CHE,Switzerland,EPL_OV,Individual and collective dismissals (regular contracts),0_TO_6,0-6 scale,VERSION1,Version 1 (1985-2019),2016,,1.428571463,,F,Free (free for publication),2,Two,A,Normal value,0,Units
DATAFLOW,OECD.ELS.JAI:DSD_EPL@DF_EPL(1.0),Strictness of employment protection,I,A,Annual,TUR,Türkiye,EPL_OV,Individual and collective dismissals (regular contracts),0_TO_6,0-6 scale,VERSION1,Version 1 (1985-2019),2016,,2.976190567,,F,Free (free for publication),2,Two,A,Normal value,0,Units
DATAFLOW,OECD.ELS.JAI:DSD_EPL@DF_EPL(1.0),Strictness of employment protection,I,A,Annual,GBR,United Kingdom,EPL_OV,Individual and collective dismissals (regular contracts),0_TO_6,0-6 scale,VERSION1,Version 1 (1985-2019),2016,,1.34523809,,F,Free (free for publication),2,Two,A,Normal value,0,Units
DATAFLOW,OECD.ELS.JAI:DSD_EPL@DF_EPL(1.0),Strictness of employment protection,I,A,Annual,USA,United States,EPL_OV,Individual and collective dismissals (regular contracts),0_TO_6,0-6 scale,VERSION1,Version 1 (1985-2019),2016,,0.093333334,,F,Free (free for publication),2,Two,A,Normal value,0,Units
DATAFLOW,OECD.ELS.JAI:DSD_EPL@DF_EPL(1.0),Strictness of employment protection,I,A,Annual,OECD,OECD,EPL_OV,Individual and collective dismissals (regular contracts),0_TO_6,0-6 scale,VERSION1,Version 1 (1985-2019),2016,,2.063157797,,F,Free (free for publication),2,Two,A,Normal value,0,Units
DATAFLOW,OECD.ELS.JAI:DSD_EPL@DF_EPL(1.0),Strictness of employment protection,I,A,Annual,ARG,Argentina,EPL_OV,Individual and collective dismissals (regular contracts),0_TO_6,0-6 scale,VERSION1,Version 1 (1985-2019),2016,,1.682539701,,F,Free (free for publication),2,Two,A,Normal value,0,Units
DATAFLOW,OECD.ELS.JAI:DSD_EPL@DF_EPL(1.0),Strictness of employment protection,I,A,Annual,PRY,Paraguay,EPL_OV,Individual and collective dismissals (regular contracts),0_TO_6,0-6 scale,VERSION1,Version 1 (1985-2019),2016,,1.65476191,,F,Free (free for publication),2,Two,A,Normal value,0,Units
DATAFLOW,OECD.ELS.JAI:DSD_EPL@DF_EPL(1.0),Strictness of employment protection,I,A,Annual,PER,Peru,EPL_OV,Individual and collective dismissals (regular contracts),0_TO_6,0-6 scale,VERSION1,Version 1 (1985-2019),2016,,1.916666627,,F,Free (free for publication),2,Two,A,Normal value,0,Units
DATAFLOW,OECD.ELS.JAI:DSD_EPL@DF_EPL(1.0),Strictness of employment protection,I,A,Annual,URY,Uruguay,EPL_OV,Individual and collective dismissals (regular contracts),0_TO_6,0-6 scale,VERSION1,Version 1 (1985-2019),2016,,1.134920597,,F,Free (free for publication),2,Two,A,Normal value,0,Units
DATAFLOW,OECD.ELS.JAI:DSD_EPL@DF_EPL(1.0),Strictness of employment protection,I,A,Annual,AUS,Australia,EPL_OV,Individual and collective dismissals (regular contracts),0_TO_6,0-6 scale,VERSION1,Version 1 (1985-2019),2017,,1.666666627,,F,Free (free for publication),2,Two,A,Normal value,0,Units
DATAFLOW,OECD.ELS.JAI:DSD_EPL@DF_EPL(1.0),Strictness of employment protection,I,A,Annual,AUT,Austria,EPL_OV,Individual and collective dismissals (regular contracts),0_TO_6,0-6 scale,VERSION1,Version 1 (1985-2019),2017,,2.285714388,,F,Free (free for publication),2,Two,A,Normal value,0,Units
DATAFLOW,OECD.ELS.JAI:DSD_EPL@DF_EPL(1.0),Strictness of employment protection,I,A,Annual,BEL,Belgium,EPL_OV,Individual and collective dismissals (regular contracts),0_TO_6,0-6 scale,VERSION1,Version 1 (1985-2019),2017,,2.067460299,,F,Free (free for publication),2,Two,A,Normal value,0,Units
DATAFLOW,OECD.ELS.JAI:DSD_EPL@DF_EPL(1.0),Strictness of employment protection,I,A,Annual,CAN,Canada,EPL_OV,Individual and collective dismissals (regular contracts),0_TO_6,0-6 scale,VERSION1,Version 1 (1985-2019),2017,,0.587301612,,F,Free (free for publication),2,Two,A,Normal value,0,Units
DATAFLOW,OECD.ELS.JAI:DSD_EPL@DF_EPL(1.0),Strictness of employment protection,I,A,Annual,CHL,Chile,EPL_OV,Individual and collective dismissals (regular contracts),0_TO_6,0-6 scale,VERSION1,Version 1 (1985-2019),2017,,2.674603224,,F,Free (free for publication),2,Two,A,Normal value,0,Units
DATAFLOW,OECD.ELS.JAI:DSD_EPL@DF_EPL(1.0),Strictness of employment protection,I,A,Annual,COL,Colombia,EPL_OV,Individual and collective dismissals (regular contracts),0_TO_6,0-6 scale,VERSION1,Version 1 (1985-2019),2017,,1.539682508,,F,Free (free for publication),2,Two,A,Normal value,0,Units
DATAFLOW,OECD.ELS.JAI:DSD_EPL@DF_EPL(1.0),Strictness of employment protection,I,A,Annual,CRI,Costa Rica,EPL_OV,Individual and collective dismissals (regular contracts),0_TO_6,0-6 scale,VERSION1,Version 1 (1985-2019),2017,,0.682539701,,F,Free (free for publication),2,Two,A,Normal value,0,Units
DATAFLOW,OECD.ELS.JAI:DSD_EPL@DF_EPL(1.0),Strictness of employment protection,I,A,Annual,CZE,Czechia,EPL_OV,Individual and collective dismissals (regular contracts),0_TO_6,0-6 scale,VERSION1,Version 1 (1985-2019),2017,,3.257936478,,F,Free (free for publication),2,Two,A,Normal value,0,Units
DATAFLOW,OECD.ELS.JAI:DSD_EPL@DF_EPL(1.0),Strictness of employment protection,I,A,Annual,DNK,Denmark,EPL_OV,Individual and collective dismissals (regular contracts),0_TO_6,0-6 scale,VERSION1,Version 1 (1985-2019),2017,,1.53174603,,F,Free (free for publication),2,Two,A,Normal value,0,Units
DATAFLOW,OECD.ELS.JAI:DSD_EPL@DF_EPL(1.0),Strictness of employment protection,I,A,Annual,EST,Estonia,EPL_OV,Individual and collective dismissals (regular contracts),0_TO_6,0-6 scale,VERSION1,Version 1 (1985-2019),2017,,1.809523821,,F,Free (free for publication),2,Two,A,Normal value,0,Units
DATAFLOW,OECD.ELS.JAI:DSD_EPL@DF_EPL(1.0),Strictness of employment protection,I,A,Annual,FIN,Finland,EPL_OV,Individual and collective dismissals (regular contracts),0_TO_6,0-6 scale,VERSION1,Version 1 (1985-2019),2017,,2,,F,Free (free for publication),2,Two,A,Normal value,0,Units
DATAFLOW,OECD.ELS.JAI:DSD_EPL@DF_EPL(1.0),Strictness of employment protection,I,A,Annual,FRA,France,EPL_OV,Individual and collective dismissals (regular contracts),0_TO_6,0-6 scale,VERSION1,Version 1 (1985-2019),2017,,2.496031761,,F,Free (free for publication),2,Two,A,Normal value,0,Units
DATAFLOW,OECD.ELS.JAI:DSD_EPL@DF_EPL(1.0),Strictness of employment protection,I,A,Annual,DEU,Germany,EPL_OV,Individual and collective dismissals (regular contracts),0_TO_6,0-6 scale,VERSION1,Version 1 (1985-2019),2017,,2.595238209,,F,Free (free for publication),2,Two,A,Normal value,0,Units
DATAFLOW,OECD.ELS.JAI:DSD_EPL@DF_EPL(1.0),Strictness of employment protection,I,A,Annual,GRC,Greece,EPL_OV,Individual and collective dismissals (regular contracts),0_TO_6,0-6 scale,VERSION1,Version 1 (1985-2019),2017,,2.452380896,,F,Free (free for publication),2,Two,A,Normal value,0,Units
DATAFLOW,OECD.ELS.JAI:DSD_EPL@DF_EPL(1.0),Strictness of employment protection,I,A,Annual,HUN,Hungary,EPL_OV,Individual and collective dismissals (regular contracts),0_TO_6,0-6 scale,VERSION1,Version 1 (1985-2019),2017,,1.587301612,,F,Free (free for publication),2,Two,A,Normal value,0,Units
DATAFLOW,OECD.ELS.JAI:DSD_EPL@DF_EPL(1.0),Strictness of employment protection,I,A,Annual,ISL,Iceland,EPL_OV,Individual and collective dismissals (regular contracts),0_TO_6,0-6 scale,VERSION1,Version 1 (1985-2019),2017,,1.56349206,,F,Free (free for publication),2,Two,A,Normal value,0,Units
DATAFLOW,OECD.ELS.JAI:DSD_EPL@DF_EPL(1.0),Strictness of employment protection,I,A,Annual,IRL,Ireland,EPL_OV,Individual and collective dismissals (regular contracts),0_TO_6,0-6 scale,VERSION1,Version 1 (1985-2019),2017,,1.230158687,,F,Free (free for publication),2,Two,A,Normal value,0,Units
DATAFLOW,OECD.ELS.JAI:DSD_EPL@DF_EPL(1.0),Strictness of employment protection,I,A,Annual,ISR,Israel,EPL_OV,Individual and collective dismissals (regular contracts),0_TO_6,0-6 scale,VERSION1,Version 1 (1985-2019),2017,,2.369047642,,F,Free (free for publication),2,Two,A,Normal value,0,Units
DATAFLOW,OECD.ELS.JAI:DSD_EPL@DF_EPL(1.0),Strictness of employment protection,I,A,Annual,ITA,Italy,EPL_OV,Individual and collective dismissals (regular contracts),0_TO_6,0-6 scale,VERSION1,Version 1 (1985-2019),2017,,2.474206448,,F,Free (free for publication),2,Two,A,Normal value,0,Units
DATAFLOW,OECD.ELS.JAI:DSD_EPL@DF_EPL(1.0),Strictness of employment protection,I,A,Annual,JPN,Japan,EPL_OV,Individual and collective dismissals (regular contracts),0_TO_6,0-6 scale,VERSION1,Version 1 (1985-2019),2017,,1.369047642,,F,Free (free for publication),2,Two,A,Normal value,0,Units
DATAFLOW,OECD.ELS.JAI:DSD_EPL@DF_EPL(1.0),Strictness of employment protection,I,A,Annual,KOR,Korea,EPL_OV,Individual and collective dismissals (regular contracts),0_TO_6,0-6 scale,VERSION1,Version 1 (1985-2019),2017,,2.416666746,,F,Free (free for publication),2,Two,A,Normal value,0,Units
DATAFLOW,OECD.ELS.JAI:DSD_EPL@DF_EPL(1.0),Strictness of employment protection,I,A,Annual,LVA,Latvia,EPL_OV,Individual and collective dismissals (regular contracts),0_TO_6,0-6 scale,VERSION1,Version 1 (1985-2019),2017,,3.019841194,,F,Free (free for publication),2,Two,A,Normal value,0,Units
DATAFLOW,OECD.ELS.JAI:DSD_EPL@DF_EPL(1.0),Strictness of employment protection,I,A,Annual,LTU,Lithuania,EPL_OV,Individual and collective dismissals (regular contracts),0_TO_6,0-6 scale,VERSION1,Version 1 (1985-2019),2017,,2.626984119,,F,Free (free for publication),2,Two,A,Normal value,0,Units
DATAFLOW,OECD.ELS.JAI:DSD_EPL@DF_EPL(1.0),Strictness of employment protection,I,A,Annual,LUX,Luxembourg,EPL_OV,Individual and collective dismissals (regular contracts),0_TO_6,0-6 scale,VERSION1,Version 1 (1985-2019),2017,,2.136031866,,F,Free (free for publication),2,Two,A,Normal value,0,Units
DATAFLOW,OECD.ELS.JAI:DSD_EPL@DF_EPL(1.0),Strictness of employment protection,I,A,Annual,MEX,Mexico,EPL_OV,Individual and collective dismissals (regular contracts),0_TO_6,0-6 scale,VERSION1,Version 1 (1985-2019),2017,,2.154761791,,F,Free (free for publication),2,Two,A,Normal value,0,Units
DATAFLOW,OECD.ELS.JAI:DSD_EPL@DF_EPL(1.0),Strictness of employment protection,I,A,Annual,NLD,Netherlands,EPL_OV,Individual and collective dismissals (regular contracts),0_TO_6,0-6 scale,VERSION1,Version 1 (1985-2019),2017,,3.444444418,,F,Free (free for publication),2,Two,A,Normal value,0,Units
DATAFLOW,OECD.ELS.JAI:DSD_EPL@DF_EPL(1.0),Strictness of employment protection,I,A,Annual,NZL,New Zealand,EPL_OV,Individual and collective dismissals (regular contracts),0_TO_6,0-6 scale,VERSION1,Version 1 (1985-2019),2017,,1.642857194,,F,Free (free for publication),2,Two,A,Normal value,0,Units
DATAFLOW,OECD.ELS.JAI:DSD_EPL@DF_EPL(1.0),Strictness of employment protection,I,A,Annual,NOR,Norway,EPL_OV,Individual and collective dismissals (regular contracts),0_TO_6,0-6 scale,VERSION1,Version 1 (1985-2019),2017,,2.333333254,,F,Free (free for publication),2,Two,A,Normal value,0,Units
DATAFLOW,OECD.ELS.JAI:DSD_EPL@DF_EPL(1.0),Strictness of employment protection,I,A,Annual,POL,Poland,EPL_OV,Individual and collective dismissals (regular contracts),0_TO_6,0-6 scale,VERSION1,Version 1 (1985-2019),2017,,2.325396776,,F,Free (free for publication),2,Two,A,Normal value,0,Units
DATAFLOW,OECD.ELS.JAI:DSD_EPL@DF_EPL(1.0),Strictness of employment protection,I,A,Annual,PRT,Portugal,EPL_OV,Individual and collective dismissals (regular contracts),0_TO_6,0-6 scale,VERSION1,Version 1 (1985-2019),2017,,3.138888836,,F,Free (free for publication),2,Two,A,Normal value,0,Units
DATAFLOW,OECD.ELS.JAI:DSD_EPL@DF_EPL(1.0),Strictness of employment protection,I,A,Annual,SVK,Slovak Republic,EPL_OV,Individual and collective dismissals (regular contracts),0_TO_6,0-6 scale,VERSION1,Version 1 (1985-2019),2017,,2.507936478,,F,Free (free for publication),2,Two,A,Normal value,0,Units
DATAFLOW,OECD.ELS.JAI:DSD_EPL@DF_EPL(1.0),Strictness of employment protection,I,A,Annual,SVN,Slovenia,EPL_OV,Individual and collective dismissals (regular contracts),0_TO_6,0-6 scale,VERSION1,Version 1 (1985-2019),2017,,2.075396776,,F,Free (free for publication),2,Two,A,Normal value,0,Units
DATAFLOW,OECD.ELS.JAI:DSD_EPL@DF_EPL(1.0),Strictness of employment protection,I,A,Annual,ESP,Spain,EPL_OV,Individual and collective dismissals (regular contracts),0_TO_6,0-6 scale,VERSION1,Version 1 (1985-2019),2017,,1.964285731,,F,Free (free for publication),2,Two,A,Normal value,0,Units
DATAFLOW,OECD.ELS.JAI:DSD_EPL@DF_EPL(1.0),Strictness of employment protection,I,A,Annual,SWE,Sweden,EPL_OV,Individual and collective dismissals (regular contracts),0_TO_6,0-6 scale,VERSION1,Version 1 (1985-2019),2017,,2.446428537,,F,Free (free for publication),2,Two,A,Normal value,0,Units
DATAFLOW,OECD.ELS.JAI:DSD_EPL@DF_EPL(1.0),Strictness of employment protection,I,A,Annual,CHE,Switzerland,EPL_OV,Individual and collective dismissals (regular contracts),0_TO_6,0-6 scale,VERSION1,Version 1 (1985-2019),2017,,1.428571463,,F,Free (free for publication),2,Two,A,Normal value,0,Units
DATAFLOW,OECD.ELS.JAI:DSD_EPL@DF_EPL(1.0),Strictness of employment protection,I,A,Annual,TUR,Türkiye,EPL_OV,Individual and collective dismissals (regular contracts),0_TO_6,0-6 scale,VERSION1,Version 1 (1985-2019),2017,,2.976190567,,F,Free (free for publication),2,Two,A,Normal value,0,Units
DATAFLOW,OECD.ELS.JAI:DSD_EPL@DF_EPL(1.0),Strictness of employment protection,I,A,Annual,GBR,United Kingdom,EPL_OV,Individual and collective dismissals (regular contracts),0_TO_6,0-6 scale,VERSION1,Version 1 (1985-2019),2017,,1.34523809,,F,Free (free for publication),2,Two,A,Normal value,0,Units
DATAFLOW,OECD.ELS.JAI:DSD_EPL@DF_EPL(1.0),Strictness of employment protection,I,A,Annual,USA,United States,EPL_OV,Individual and collective dismissals (regular contracts),0_TO_6,0-6 scale,VERSION1,Version 1 (1985-2019),2017,,0.093333334,,F,Free (free for publication),2,Two,A,Normal value,0,Units
DATAFLOW,OECD.ELS.JAI:DSD_EPL@DF_EPL(1.0),Strictness of employment protection,I,A,Annual,OECD,OECD,EPL_OV,Individual and collective dismissals (regular contracts),0_TO_6,0-6 scale,VERSION1,Version 1 (1985-2019),2017,,2.060964823,,F,Free (free for publication),2,Two,A,Normal value,0,Units
DATAFLOW,OECD.ELS.JAI:DSD_EPL@DF_EPL(1.0),Strictness of employment protection,I,A,Annual,ARG,Argentina,EPL_OV,Individual and collective dismissals (regular contracts),0_TO_6,0-6 scale,VERSION1,Version 1 (1985-2019),2017,,1.682539701,,F,Free (free for publication),2,Two,A,Normal value,0,Units
DATAFLOW,OECD.ELS.JAI:DSD_EPL@DF_EPL(1.0),Strictness of employment protection,I,A,Annual,PRY,Paraguay,EPL_OV,Individual and collective dismissals (regular contracts),0_TO_6,0-6 scale,VERSION1,Version 1 (1985-2019),2017,,1.65476191,,F,Free (free for publication),2,Two,A,Normal value,0,Units
DATAFLOW,OECD.ELS.JAI:DSD_EPL@DF_EPL(1.0),Strictness of employment protection,I,A,Annual,PER,Peru,EPL_OV,Individual and collective dismissals (regular contracts),0_TO_6,0-6 scale,VERSION1,Version 1 (1985-2019),2017,,1.916666627,,F,Free (free for publication),2,Two,A,Normal value,0,Units
DATAFLOW,OECD.ELS.JAI:DSD_EPL@DF_EPL(1.0),Strictness of employment protection,I,A,Annual,URY,Uruguay,EPL_OV,Individual and collective dismissals (regular contracts),0_TO_6,0-6 scale,VERSION1,Version 1 (1985-2019),2017,,1.134920597,,F,Free (free for publication),2,Two,A,Normal value,0,Units
DATAFLOW,OECD.ELS.JAI:DSD_EPL@DF_EPL(1.0),Strictness of employment protection,I,A,Annual,AUS,Australia,EPL_OV,Individual and collective dismissals (regular contracts),0_TO_6,0-6 scale,VERSION1,Version 1 (1985-2019),2018,,1.666666627,,F,Free (free for publication),2,Two,A,Normal value,0,Units
DATAFLOW,OECD.ELS.JAI:DSD_EPL@DF_EPL(1.0),Strictness of employment protection,I,A,Annual,AUT,Austria,EPL_OV,Individual and collective dismissals (regular contracts),0_TO_6,0-6 scale,VERSION1,Version 1 (1985-2019),2018,,2.285714388,,F,Free (free for publication),2,Two,A,Normal value,0,Units
DATAFLOW,OECD.ELS.JAI:DSD_EPL@DF_EPL(1.0),Strictness of employment protection,I,A,Annual,BEL,Belgium,EPL_OV,Individual and collective dismissals (regular contracts),0_TO_6,0-6 scale,VERSION1,Version 1 (1985-2019),2018,,2.067460299,,F,Free (free for publication),2,Two,A,Normal value,0,Units
DATAFLOW,OECD.ELS.JAI:DSD_EPL@DF_EPL(1.0),Strictness of employment protection,I,A,Annual,CAN,Canada,EPL_OV,Individual and collective dismissals (regular contracts),0_TO_6,0-6 scale,VERSION1,Version 1 (1985-2019),2018,,0.587301612,,F,Free (free for publication),2,Two,A,Normal value,0,Units
DATAFLOW,OECD.ELS.JAI:DSD_EPL@DF_EPL(1.0),Strictness of employment protection,I,A,Annual,CHL,Chile,EPL_OV,Individual and collective dismissals (regular contracts),0_TO_6,0-6 scale,VERSION1,Version 1 (1985-2019),2018,,2.674603224,,F,Free (free for publication),2,Two,A,Normal value,0,Units
DATAFLOW,OECD.ELS.JAI:DSD_EPL@DF_EPL(1.0),Strictness of employment protection,I,A,Annual,COL,Colombia,EPL_OV,Individual and collective dismissals (regular contracts),0_TO_6,0-6 scale,VERSION1,Version 1 (1985-2019),2018,,1.539682508,,F,Free (free for publication),2,Two,A,Normal value,0,Units
DATAFLOW,OECD.ELS.JAI:DSD_EPL@DF_EPL(1.0),Strictness of employment protection,I,A,Annual,CRI,Costa Rica,EPL_OV,Individual and collective dismissals (regular contracts),0_TO_6,0-6 scale,VERSION1,Version 1 (1985-2019),2018,,0.682539701,,F,Free (free for publication),2,Two,A,Normal value,0,Units
DATAFLOW,OECD.ELS.JAI:DSD_EPL@DF_EPL(1.0),Strictness of employment protection,I,A,Annual,CZE,Czechia,EPL_OV,Individual and collective dismissals (regular contracts),0_TO_6,0-6 scale,VERSION1,Version 1 (1985-2019),2018,,3.257936478,,F,Free (free for publication),2,Two,A,Normal value,0,Units
DATAFLOW,OECD.ELS.JAI:DSD_EPL@DF_EPL(1.0),Strictness of employment protection,I,A,Annual,DNK,Denmark,EPL_OV,Individual and collective dismissals (regular contracts),0_TO_6,0-6 scale,VERSION1,Version 1 (1985-2019),2018,,1.53174603,,F,Free (free for publication),2,Two,A,Normal value,0,Units
DATAFLOW,OECD.ELS.JAI:DSD_EPL@DF_EPL(1.0),Strictness of employment protection,I,A,Annual,EST,Estonia,EPL_OV,Individual and collective dismissals (regular contracts),0_TO_6,0-6 scale,VERSION1,Version 1 (1985-2019),2018,,1.809523821,,F,Free (free for publication),2,Two,A,Normal value,0,Units
DATAFLOW,OECD.ELS.JAI:DSD_EPL@DF_EPL(1.0),Strictness of employment protection,I,A,Annual,FIN,Finland,EPL_OV,Individual and collective dismissals (regular contracts),0_TO_6,0-6 scale,VERSION1,Version 1 (1985-2019),2018,,2,,F,Free (free for publication),2,Two,A,Normal value,0,Units
DATAFLOW,OECD.ELS.JAI:DSD_EPL@DF_EPL(1.0),Strictness of employment protection,I,A,Annual,FRA,France,EPL_OV,Individual and collective dismissals (regular contracts),0_TO_6,0-6 scale,VERSION1,Version 1 (1985-2019),2018,,2.559523821,,F,Free (free for publication),2,Two,A,Normal value,0,Units
DATAFLOW,OECD.ELS.JAI:DSD_EPL@DF_EPL(1.0),Strictness of employment protection,I,A,Annual,DEU,Germany,EPL_OV,Individual and collective dismissals (regular contracts),0_TO_6,0-6 scale,VERSION1,Version 1 (1985-2019),2018,,2.595238209,,F,Free (free for publication),2,Two,A,Normal value,0,Units
DATAFLOW,OECD.ELS.JAI:DSD_EPL@DF_EPL(1.0),Strictness of employment protection,I,A,Annual,GRC,Greece,EPL_OV,Individual and collective dismissals (regular contracts),0_TO_6,0-6 scale,VERSION1,Version 1 (1985-2019),2018,,2.452380896,,F,Free (free for publication),2,Two,A,Normal value,0,Units
DATAFLOW,OECD.ELS.JAI:DSD_EPL@DF_EPL(1.0),Strictness of employment protection,I,A,Annual,HUN,Hungary,EPL_OV,Individual and collective dismissals (regular contracts),0_TO_6,0-6 scale,VERSION1,Version 1 (1985-2019),2018,,1.587301612,,F,Free (free for publication),2,Two,A,Normal value,0,Units
DATAFLOW,OECD.ELS.JAI:DSD_EPL@DF_EPL(1.0),Strictness of employment protection,I,A,Annual,ISL,Iceland,EPL_OV,Individual and collective dismissals (regular contracts),0_TO_6,0-6 scale,VERSION1,Version 1 (1985-2019),2018,,1.56349206,,F,Free (free for publication),2,Two,A,Normal value,0,Units
DATAFLOW,OECD.ELS.JAI:DSD_EPL@DF_EPL(1.0),Strictness of employment protection,I,A,Annual,IRL,Ireland,EPL_OV,Individual and collective dismissals (regular contracts),0_TO_6,0-6 scale,VERSION1,Version 1 (1985-2019),2018,,1.230158687,,F,Free (free for publication),2,Two,A,Normal value,0,Units
DATAFLOW,OECD.ELS.JAI:DSD_EPL@DF_EPL(1.0),Strictness of employment protection,I,A,Annual,ISR,Israel,EPL_OV,Individual and collective dismissals (regular contracts),0_TO_6,0-6 scale,VERSION1,Version 1 (1985-2019),2018,,2.369047642,,F,Free (free for publication),2,Two,A,Normal value,0,Units
DATAFLOW,OECD.ELS.JAI:DSD_EPL@DF_EPL(1.0),Strictness of employment protection,I,A,Annual,ITA,Italy,EPL_OV,Individual and collective dismissals (regular contracts),0_TO_6,0-6 scale,VERSION1,Version 1 (1985-2019),2018,,2.474206448,,F,Free (free for publication),2,Two,A,Normal value,0,Units
DATAFLOW,OECD.ELS.JAI:DSD_EPL@DF_EPL(1.0),Strictness of employment protection,I,A,Annual,JPN,Japan,EPL_OV,Individual and collective dismissals (regular contracts),0_TO_6,0-6 scale,VERSION1,Version 1 (1985-2019),2018,,1.369047642,,F,Free (free for publication),2,Two,A,Normal value,0,Units
DATAFLOW,OECD.ELS.JAI:DSD_EPL@DF_EPL(1.0),Strictness of employment protection,I,A,Annual,KOR,Korea,EPL_OV,Individual and collective dismissals (regular contracts),0_TO_6,0-6 scale,VERSION1,Version 1 (1985-2019),2018,,2.416666746,,F,Free (free for publication),2,Two,A,Normal value,0,Units
DATAFLOW,OECD.ELS.JAI:DSD_EPL@DF_EPL(1.0),Strictness of employment protection,I,A,Annual,LVA,Latvia,EPL_OV,Individual and collective dismissals (regular contracts),0_TO_6,0-6 scale,VERSION1,Version 1 (1985-2019),2018,,3.019841194,,F,Free (free for publication),2,Two,A,Normal value,0,Units
DATAFLOW,OECD.ELS.JAI:DSD_EPL@DF_EPL(1.0),Strictness of employment protection,I,A,Annual,LTU,Lithuania,EPL_OV,Individual and collective dismissals (regular contracts),0_TO_6,0-6 scale,VERSION1,Version 1 (1985-2019),2018,,2.126984119,,F,Free (free for publication),2,Two,A,Normal value,0,Units
DATAFLOW,OECD.ELS.JAI:DSD_EPL@DF_EPL(1.0),Strictness of employment protection,I,A,Annual,LUX,Luxembourg,EPL_OV,Individual and collective dismissals (regular contracts),0_TO_6,0-6 scale,VERSION1,Version 1 (1985-2019),2018,,2.136031866,,F,Free (free for publication),2,Two,A,Normal value,0,Units
DATAFLOW,OECD.ELS.JAI:DSD_EPL@DF_EPL(1.0),Strictness of employment protection,I,A,Annual,MEX,Mexico,EPL_OV,Individual and collective dismissals (regular contracts),0_TO_6,0-6 scale,VERSION1,Version 1 (1985-2019),2018,,2.154761791,,F,Free (free for publication),2,Two,A,Normal value,0,Units
DATAFLOW,OECD.ELS.JAI:DSD_EPL@DF_EPL(1.0),Strictness of employment protection,I,A,Annual,NLD,Netherlands,EPL_OV,Individual and collective dismissals (regular contracts),0_TO_6,0-6 scale,VERSION1,Version 1 (1985-2019),2018,,3.444444418,,F,Free (free for publication),2,Two,A,Normal value,0,Units
DATAFLOW,OECD.ELS.JAI:DSD_EPL@DF_EPL(1.0),Strictness of employment protection,I,A,Annual,NZL,New Zealand,EPL_OV,Individual and collective dismissals (regular contracts),0_TO_6,0-6 scale,VERSION1,Version 1 (1985-2019),2018,,1.642857194,,F,Free (free for publication),2,Two,A,Normal value,0,Units
DATAFLOW,OECD.ELS.JAI:DSD_EPL@DF_EPL(1.0),Strictness of employment protection,I,A,Annual,NOR,Norway,EPL_OV,Individual and collective dismissals (regular contracts),0_TO_6,0-6 scale,VERSION1,Version 1 (1985-2019),2018,,2.333333254,,F,Free (free for publication),2,Two,A,Normal value,0,Units
DATAFLOW,OECD.ELS.JAI:DSD_EPL@DF_EPL(1.0),Strictness of employment protection,I,A,Annual,POL,Poland,EPL_OV,Individual and collective dismissals (regular contracts),0_TO_6,0-6 scale,VERSION1,Version 1 (1985-2019),2018,,2.325396776,,F,Free (free for publication),2,Two,A,Normal value,0,Units
DATAFLOW,OECD.ELS.JAI:DSD_EPL@DF_EPL(1.0),Strictness of employment protection,I,A,Annual,PRT,Portugal,EPL_OV,Individual and collective dismissals (regular contracts),0_TO_6,0-6 scale,VERSION1,Version 1 (1985-2019),2018,,3.138888836,,F,Free (free for publication),2,Two,A,Normal value,0,Units
DATAFLOW,OECD.ELS.JAI:DSD_EPL@DF_EPL(1.0),Strictness of employment protection,I,A,Annual,SVK,Slovak Republic,EPL_OV,Individual and collective dismissals (regular contracts),0_TO_6,0-6 scale,VERSION1,Version 1 (1985-2019),2018,,2.507936478,,F,Free (free for publication),2,Two,A,Normal value,0,Units
DATAFLOW,OECD.ELS.JAI:DSD_EPL@DF_EPL(1.0),Strictness of employment protection,I,A,Annual,SVN,Slovenia,EPL_OV,Individual and collective dismissals (regular contracts),0_TO_6,0-6 scale,VERSION1,Version 1 (1985-2019),2018,,2.075396776,,F,Free (free for publication),2,Two,A,Normal value,0,Units
DATAFLOW,OECD.ELS.JAI:DSD_EPL@DF_EPL(1.0),Strictness of employment protection,I,A,Annual,ESP,Spain,EPL_OV,Individual and collective dismissals (regular contracts),0_TO_6,0-6 scale,VERSION1,Version 1 (1985-2019),2018,,1.964285731,,F,Free (free for publication),2,Two,A,Normal value,0,Units
DATAFLOW,OECD.ELS.JAI:DSD_EPL@DF_EPL(1.0),Strictness of employment protection,I,A,Annual,SWE,Sweden,EPL_OV,Individual and collective dismissals (regular contracts),0_TO_6,0-6 scale,VERSION1,Version 1 (1985-2019),2018,,2.446428537,,F,Free (free for publication),2,Two,A,Normal value,0,Units
DATAFLOW,OECD.ELS.JAI:DSD_EPL@DF_EPL(1.0),Strictness of employment protection,I,A,Annual,CHE,Switzerland,EPL_OV,Individual and collective dismissals (regular contracts),0_TO_6,0-6 scale,VERSION1,Version 1 (1985-2019),2018,,1.428571463,,F,Free (free for publication),2,Two,A,Normal value,0,Units
DATAFLOW,OECD.ELS.JAI:DSD_EPL@DF_EPL(1.0),Strictness of employment protection,I,A,Annual,TUR,Türkiye,EPL_OV,Individual and collective dismissals (regular contracts),0_TO_6,0-6 scale,VERSION1,Version 1 (1985-2019),2018,,2.976190567,,F,Free (free for publication),2,Two,A,Normal value,0,Units
DATAFLOW,OECD.ELS.JAI:DSD_EPL@DF_EPL(1.0),Strictness of employment protection,I,A,Annual,GBR,United Kingdom,EPL_OV,Individual and collective dismissals (regular contracts),0_TO_6,0-6 scale,VERSION1,Version 1 (1985-2019),2018,,1.34523809,,F,Free (free for publication),2,Two,A,Normal value,0,Units
DATAFLOW,OECD.ELS.JAI:DSD_EPL@DF_EPL(1.0),Strictness of employment protection,I,A,Annual,USA,United States,EPL_OV,Individual and collective dismissals (regular contracts),0_TO_6,0-6 scale,VERSION1,Version 1 (1985-2019),2018,,0.093333334,,F,Free (free for publication),2,Two,A,Normal value,0,Units
DATAFLOW,OECD.ELS.JAI:DSD_EPL@DF_EPL(1.0),Strictness of employment protection,I,A,Annual,OECD,OECD,EPL_OV,Individual and collective dismissals (regular contracts),0_TO_6,0-6 scale,VERSION1,Version 1 (1985-2019),2018,,2.049477816,,F,Free (free for publication),2,Two,A,Normal value,0,Units
DATAFLOW,OECD.ELS.JAI:DSD_EPL@DF_EPL(1.0),Strictness of employment protection,I,A,Annual,ARG,Argentina,EPL_OV,Individual and collective dismissals (regular contracts),0_TO_6,0-6 scale,VERSION1,Version 1 (1985-2019),2018,,1.682539701,,F,Free (free for publication),2,Two,A,Normal value,0,Units
DATAFLOW,OECD.ELS.JAI:DSD_EPL@DF_EPL(1.0),Strictness of employment protection,I,A,Annual,PRY,Paraguay,EPL_OV,Individual and collective dismissals (regular contracts),0_TO_6,0-6 scale,VERSION1,Version 1 (1985-2019),2018,,1.65476191,,F,Free (free for publication),2,Two,A,Normal value,0,Units
DATAFLOW,OECD.ELS.JAI:DSD_EPL@DF_EPL(1.0),Strictness of employment protection,I,A,Annual,PER,Peru,EPL_OV,Individual and collective dismissals (regular contracts),0_TO_6,0-6 scale,VERSION1,Version 1 (1985-2019),2018,,1.916666627,,F,Free (free for publication),2,Two,A,Normal value,0,Units
DATAFLOW,OECD.ELS.JAI:DSD_EPL@DF_EPL(1.0),Strictness of employment protection,I,A,Annual,URY,Uruguay,EPL_OV,Individual and collective dismissals (regular contracts),0_TO_6,0-6 scale,VERSION1,Version 1 (1985-2019),2018,,1.134920597,,F,Free (free for publication),2,Two,A,Normal value,0,Units
DATAFLOW,OECD.ELS.JAI:DSD_EPL@DF_EPL(1.0),Strictness of employment protection,I,A,Annual,AUS,Australia,EPL_OV,Individual and collective dismissals (regular contracts),0_TO_6,0-6 scale,VERSION1,Version 1 (1985-2019),2019,,1.666666627,,F,Free (free for publication),2,Two,A,Normal value,0,Units
DATAFLOW,OECD.ELS.JAI:DSD_EPL@DF_EPL(1.0),Strictness of employment protection,I,A,Annual,AUT,Austria,EPL_OV,Individual and collective dismissals (regular contracts),0_TO_6,0-6 scale,VERSION1,Version 1 (1985-2019),2019,,2.285714388,,F,Free (free for publication),2,Two,A,Normal value,0,Units
DATAFLOW,OECD.ELS.JAI:DSD_EPL@DF_EPL(1.0),Strictness of employment protection,I,A,Annual,BEL,Belgium,EPL_OV,Individual and collective dismissals (regular contracts),0_TO_6,0-6 scale,VERSION1,Version 1 (1985-2019),2019,,2.067460299,,F,Free (free for publication),2,Two,A,Normal value,0,Units
DATAFLOW,OECD.ELS.JAI:DSD_EPL@DF_EPL(1.0),Strictness of employment protection,I,A,Annual,CAN,Canada,EPL_OV,Individual and collective dismissals (regular contracts),0_TO_6,0-6 scale,VERSION1,Version 1 (1985-2019),2019,,0.587301612,,F,Free (free for publication),2,Two,A,Normal value,0,Units
DATAFLOW,OECD.ELS.JAI:DSD_EPL@DF_EPL(1.0),Strictness of employment protection,I,A,Annual,CHL,Chile,EPL_OV,Individual and collective dismissals (regular contracts),0_TO_6,0-6 scale,VERSION1,Version 1 (1985-2019),2019,,2.674603224,,F,Free (free for publication),2,Two,A,Normal value,0,Units
DATAFLOW,OECD.ELS.JAI:DSD_EPL@DF_EPL(1.0),Strictness of employment protection,I,A,Annual,COL,Colombia,EPL_OV,Individual and collective dismissals (regular contracts),0_TO_6,0-6 scale,VERSION1,Version 1 (1985-2019),2019,,1.539682508,,F,Free (free for publication),2,Two,A,Normal value,0,Units
DATAFLOW,OECD.ELS.JAI:DSD_EPL@DF_EPL(1.0),Strictness of employment protection,I,A,Annual,CRI,Costa Rica,EPL_OV,Individual and collective dismissals (regular contracts),0_TO_6,0-6 scale,VERSION1,Version 1 (1985-2019),2019,,0.682539701,,F,Free (free for publication),2,Two,A,Normal value,0,Units
DATAFLOW,OECD.ELS.JAI:DSD_EPL@DF_EPL(1.0),Strictness of employment protection,I,A,Annual,CZE,Czechia,EPL_OV,Individual and collective dismissals (regular contracts),0_TO_6,0-6 scale,VERSION1,Version 1 (1985-2019),2019,,3.257936478,,F,Free (free for publication),2,Two,A,Normal value,0,Units
DATAFLOW,OECD.ELS.JAI:DSD_EPL@DF_EPL(1.0),Strictness of employment protection,I,A,Annual,DNK,Denmark,EPL_OV,Individual and collective dismissals (regular contracts),0_TO_6,0-6 scale,VERSION1,Version 1 (1985-2019),2019,,1.53174603,,F,Free (free for publication),2,Two,A,Normal value,0,Units
DATAFLOW,OECD.ELS.JAI:DSD_EPL@DF_EPL(1.0),Strictness of employment protection,I,A,Annual,EST,Estonia,EPL_OV,Individual and collective dismissals (regular contracts),0_TO_6,0-6 scale,VERSION1,Version 1 (1985-2019),2019,,1.809523821,,F,Free (free for publication),2,Two,A,Normal value,0,Units
DATAFLOW,OECD.ELS.JAI:DSD_EPL@DF_EPL(1.0),Strictness of employment protection,I,A,Annual,FIN,Finland,EPL_OV,Individual and collective dismissals (regular contracts),0_TO_6,0-6 scale,VERSION1,Version 1 (1985-2019),2019,,2,,F,Free (free for publication),2,Two,A,Normal value,0,Units
DATAFLOW,OECD.ELS.JAI:DSD_EPL@DF_EPL(1.0),Strictness of employment protection,I,A,Annual,FRA,France,EPL_OV,Individual and collective dismissals (regular contracts),0_TO_6,0-6 scale,VERSION1,Version 1 (1985-2019),2019,,2.559523821,,F,Free (free for publication),2,Two,A,Normal value,0,Units
DATAFLOW,OECD.ELS.JAI:DSD_EPL@DF_EPL(1.0),Strictness of employment protection,I,A,Annual,DEU,Germany,EPL_OV,Individual and collective dismissals (regular contracts),0_TO_6,0-6 scale,VERSION1,Version 1 (1985-2019),2019,,2.595238209,,F,Free (free for publication),2,Two,A,Normal value,0,Units
DATAFLOW,OECD.ELS.JAI:DSD_EPL@DF_EPL(1.0),Strictness of employment protection,I,A,Annual,GRC,Greece,EPL_OV,Individual and collective dismissals (regular contracts),0_TO_6,0-6 scale,VERSION1,Version 1 (1985-2019),2019,,2.452380896,,F,Free (free for publication),2,Two,A,Normal value,0,Units
DATAFLOW,OECD.ELS.JAI:DSD_EPL@DF_EPL(1.0),Strictness of employment protection,I,A,Annual,HUN,Hungary,EPL_OV,Individual and collective dismissals (regular contracts),0_TO_6,0-6 scale,VERSION1,Version 1 (1985-2019),2019,,1.587301612,,F,Free (free for publication),2,Two,A,Normal value,0,Units
DATAFLOW,OECD.ELS.JAI:DSD_EPL@DF_EPL(1.0),Strictness of employment protection,I,A,Annual,ISL,Iceland,EPL_OV,Individual and collective dismissals (regular contracts),0_TO_6,0-6 scale,VERSION1,Version 1 (1985-2019),2019,,1.56349206,,F,Free (free for publication),2,Two,A,Normal value,0,Units
DATAFLOW,OECD.ELS.JAI:DSD_EPL@DF_EPL(1.0),Strictness of employment protection,I,A,Annual,IRL,Ireland,EPL_OV,Individual and collective dismissals (regular contracts),0_TO_6,0-6 scale,VERSION1,Version 1 (1985-2019),2019,,1.230158687,,F,Free (free for publication),2,Two,A,Normal value,0,Units
DATAFLOW,OECD.ELS.JAI:DSD_EPL@DF_EPL(1.0),Strictness of employment protection,I,A,Annual,ISR,Israel,EPL_OV,Individual and collective dismissals (regular contracts),0_TO_6,0-6 scale,VERSION1,Version 1 (1985-2019),2019,,2.369047642,,F,Free (free for publication),2,Two,A,Normal value,0,Units
DATAFLOW,OECD.ELS.JAI:DSD_EPL@DF_EPL(1.0),Strictness of employment protection,I,A,Annual,ITA,Italy,EPL_OV,Individual and collective dismissals (regular contracts),0_TO_6,0-6 scale,VERSION1,Version 1 (1985-2019),2019,,2.557539701,,F,Free (free for publication),2,Two,A,Normal value,0,Units
DATAFLOW,OECD.ELS.JAI:DSD_EPL@DF_EPL(1.0),Strictness of employment protection,I,A,Annual,JPN,Japan,EPL_OV,Individual and collective dismissals (regular contracts),0_TO_6,0-6 scale,VERSION1,Version 1 (1985-2019),2019,,1.369047642,,F,Free (free for publication),2,Two,A,Normal value,0,Units
DATAFLOW,OECD.ELS.JAI:DSD_EPL@DF_EPL(1.0),Strictness of employment protection,I,A,Annual,KOR,Korea,EPL_OV,Individual and collective dismissals (regular contracts),0_TO_6,0-6 scale,VERSION1,Version 1 (1985-2019),2019,,2.416666746,,F,Free (free for publication),2,Two,A,Normal value,0,Units
DATAFLOW,OECD.ELS.JAI:DSD_EPL@DF_EPL(1.0),Strictness of employment protection,I,A,Annual,LVA,Latvia,EPL_OV,Individual and collective dismissals (regular contracts),0_TO_6,0-6 scale,VERSION1,Version 1 (1985-2019),2019,,3.019841194,,F,Free (free for publication),2,Two,A,Normal value,0,Units
DATAFLOW,OECD.ELS.JAI:DSD_EPL@DF_EPL(1.0),Strictness of employment protection,I,A,Annual,LTU,Lithuania,EPL_OV,Individual and collective dismissals (regular contracts),0_TO_6,0-6 scale,VERSION1,Version 1 (1985-2019),2019,,2.126984119,,F,Free (free for publication),2,Two,A,Normal value,0,Units
DATAFLOW,OECD.ELS.JAI:DSD_EPL@DF_EPL(1.0),Strictness of employment protection,I,A,Annual,LUX,Luxembourg,EPL_OV,Individual and collective dismissals (regular contracts),0_TO_6,0-6 scale,VERSION1,Version 1 (1985-2019),2019,,2.136031866,,F,Free (free for publication),2,Two,A,Normal value,0,Units
DATAFLOW,OECD.ELS.JAI:DSD_EPL@DF_EPL(1.0),Strictness of employment protection,I,A,Annual,MEX,Mexico,EPL_OV,Individual and collective dismissals (regular contracts),0_TO_6,0-6 scale,VERSION1,Version 1 (1985-2019),2019,,2.154761791,,F,Free (free for publication),2,Two,A,Normal value,0,Units
DATAFLOW,OECD.ELS.JAI:DSD_EPL@DF_EPL(1.0),Strictness of employment protection,I,A,Annual,NLD,Netherlands,EPL_OV,Individual and collective dismissals (regular contracts),0_TO_6,0-6 scale,VERSION1,Version 1 (1985-2019),2019,,3.611111164,,F,Free (free for publication),2,Two,A,Normal value,0,Units
DATAFLOW,OECD.ELS.JAI:DSD_EPL@DF_EPL(1.0),Strictness of employment protection,I,A,Annual,NZL,New Zealand,EPL_OV,Individual and collective dismissals (regular contracts),0_TO_6,0-6 scale,VERSION1,Version 1 (1985-2019),2019,,1.642857194,,F,Free (free for publication),2,Two,A,Normal value,0,Units
DATAFLOW,OECD.ELS.JAI:DSD_EPL@DF_EPL(1.0),Strictness of employment protection,I,A,Annual,NOR,Norway,EPL_OV,Individual and collective dismissals (regular contracts),0_TO_6,0-6 scale,VERSION1,Version 1 (1985-2019),2019,,2.333333254,,F,Free (free for publication),2,Two,A,Normal value,0,Units
DATAFLOW,OECD.ELS.JAI:DSD_EPL@DF_EPL(1.0),Strictness of employment protection,I,A,Annual,POL,Poland,EPL_OV,Individual and collective dismissals (regular contracts),0_TO_6,0-6 scale,VERSION1,Version 1 (1985-2019),2019,,2.325396776,,F,Free (free for publication),2,Two,A,Normal value,0,Units
DATAFLOW,OECD.ELS.JAI:DSD_EPL@DF_EPL(1.0),Strictness of employment protection,I,A,Annual,PRT,Portugal,EPL_OV,Individual and collective dismissals (regular contracts),0_TO_6,0-6 scale,VERSION1,Version 1 (1985-2019),2019,,3.138888836,,F,Free (free for publication),2,Two,A,Normal value,0,Units
DATAFLOW,OECD.ELS.JAI:DSD_EPL@DF_EPL(1.0),Strictness of employment protection,I,A,Annual,SVK,Slovak Republic,EPL_OV,Individual and collective dismissals (regular contracts),0_TO_6,0-6 scale,VERSION1,Version 1 (1985-2019),2019,,2.507936478,,F,Free (free for publication),2,Two,A,Normal value,0,Units
DATAFLOW,OECD.ELS.JAI:DSD_EPL@DF_EPL(1.0),Strictness of employment protection,I,A,Annual,SVN,Slovenia,EPL_OV,Individual and collective dismissals (regular contracts),0_TO_6,0-6 scale,VERSION1,Version 1 (1985-2019),2019,,2.075396776,,F,Free (free for publication),2,Two,A,Normal value,0,Units
DATAFLOW,OECD.ELS.JAI:DSD_EPL@DF_EPL(1.0),Strictness of employment protection,I,A,Annual,ESP,Spain,EPL_OV,Individual and collective dismissals (regular contracts),0_TO_6,0-6 scale,VERSION1,Version 1 (1985-2019),2019,,2.047619104,,F,Free (free for publication),2,Two,A,Normal value,0,Units
DATAFLOW,OECD.ELS.JAI:DSD_EPL@DF_EPL(1.0),Strictness of employment protection,I,A,Annual,SWE,Sweden,EPL_OV,Individual and collective dismissals (regular contracts),0_TO_6,0-6 scale,VERSION1,Version 1 (1985-2019),2019,,2.446428537,,F,Free (free for publication),2,Two,A,Normal value,0,Units
DATAFLOW,OECD.ELS.JAI:DSD_EPL@DF_EPL(1.0),Strictness of employment protection,I,A,Annual,CHE,Switzerland,EPL_OV,Individual and collective dismissals (regular contracts),0_TO_6,0-6 scale,VERSION1,Version 1 (1985-2019),2019,,1.428571463,,F,Free (free for publication),2,Two,A,Normal value,0,Units
DATAFLOW,OECD.ELS.JAI:DSD_EPL@DF_EPL(1.0),Strictness of employment protection,I,A,Annual,TUR,Türkiye,EPL_OV,Individual and collective dismissals (regular contracts),0_TO_6,0-6 scale,VERSION1,Version 1 (1985-2019),2019,,2.976190567,,F,Free (free for publication),2,Two,A,Normal value,0,Units
DATAFLOW,OECD.ELS.JAI:DSD_EPL@DF_EPL(1.0),Strictness of employment protection,I,A,Annual,GBR,United Kingdom,EPL_OV,Individual and collective dismissals (regular contracts),0_TO_6,0-6 scale,VERSION1,Version 1 (1985-2019),2019,,1.34523809,,F,Free (free for publication),2,Two,A,Normal value,0,Units
DATAFLOW,OECD.ELS.JAI:DSD_EPL@DF_EPL(1.0),Strictness of employment protection,I,A,Annual,USA,United States,EPL_OV,Individual and collective dismissals (regular contracts),0_TO_6,0-6 scale,VERSION1,Version 1 (1985-2019),2019,,0.093333334,,F,Free (free for publication),2,Two,A,Normal value,0,Units
DATAFLOW,OECD.ELS.JAI:DSD_EPL@DF_EPL(1.0),Strictness of employment protection,I,A,Annual,OECD,OECD,EPL_OV,Individual and collective dismissals (regular contracts),0_TO_6,0-6 scale,VERSION1,Version 1 (1985-2019),2019,,2.058249712,,F,Free (free for publication),2,Two,A,Normal value,0,Units
DATAFLOW,OECD.ELS.JAI:DSD_EPL@DF_EPL(1.0),Strictness of employment protection,I,A,Annual,ARG,Argentina,EPL_OV,Individual and collective dismissals (regular contracts),0_TO_6,0-6 scale,VERSION1,Version 1 (1985-2019),2019,,1.849206328,,F,Free (free for publication),2,Two,A,Normal value,0,Units
DATAFLOW,OECD.ELS.JAI:DSD_EPL@DF_EPL(1.0),Strictness of employment protection,I,A,Annual,PRY,Paraguay,EPL_OV,Individual and collective dismissals (regular contracts),0_TO_6,0-6 scale,VERSION1,Version 1 (1985-2019),2019,,1.65476191,,F,Free (free for publication),2,Two,A,Normal value,0,Units
DATAFLOW,OECD.ELS.JAI:DSD_EPL@DF_EPL(1.0),Strictness of employment protection,I,A,Annual,PER,Peru,EPL_OV,Individual and collective dismissals (regular contracts),0_TO_6,0-6 scale,VERSION1,Version 1 (1985-2019),2019,,1.916666627,,F,Free (free for publication),2,Two,A,Normal value,0,Units
DATAFLOW,OECD.ELS.JAI:DSD_EPL@DF_EPL(1.0),Strictness of employment protection,I,A,Annual,URY,Uruguay,EPL_OV,Individual and collective dismissals (regular contracts),0_TO_6,0-6 scale,VERSION1,Version 1 (1985-2019),2019,,1.134920597,,F,Free (free for publication),2,Two,A,Normal value,0,Units
DATAFLOW,OECD.ELS.JAI:DSD_EPL@DF_EPL(1.0),Strictness of employment protection,I,A,Annual,AUS,Australia,EPL_OV,Individual and collective dismissals (regular contracts),0_TO_6,0-6 scale,VERSION3,Version 3 (2008-2019),2008,,1.630952358,,F,Free (free for publication),2,Two,A,Normal value,0,Units
DATAFLOW,OECD.ELS.JAI:DSD_EPL@DF_EPL(1.0),Strictness of employment protection,I,A,Annual,AUT,Austria,EPL_OV,Individual and collective dismissals (regular contracts),0_TO_6,0-6 scale,VERSION3,Version 3 (2008-2019),2008,,2.394557953,,F,Free (free for publication),2,Two,A,Normal value,0,Units
DATAFLOW,OECD.ELS.JAI:DSD_EPL@DF_EPL(1.0),Strictness of employment protection,I,A,Annual,BEL,Belgium,EPL_OV,Individual and collective dismissals (regular contracts),0_TO_6,0-6 scale,VERSION3,Version 3 (2008-2019),2008,,2.776077032,,F,Free (free for publication),2,Two,A,Normal value,0,Units
DATAFLOW,OECD.ELS.JAI:DSD_EPL@DF_EPL(1.0),Strictness of employment protection,I,A,Annual,CAN,Canada,EPL_OV,Individual and collective dismissals (regular contracts),0_TO_6,0-6 scale,VERSION3,Version 3 (2008-2019),2008,,1.314858317,,F,Free (free for publication),2,Two,A,Normal value,0,Units
DATAFLOW,OECD.ELS.JAI:DSD_EPL@DF_EPL(1.0),Strictness of employment protection,I,A,Annual,CHL,Chile,EPL_OV,Individual and collective dismissals (regular contracts),0_TO_6,0-6 scale,VERSION3,Version 3 (2008-2019),2008,,1.839002252,,F,Free (free for publication),2,Two,A,Normal value,0,Units
DATAFLOW,OECD.ELS.JAI:DSD_EPL@DF_EPL(1.0),Strictness of employment protection,I,A,Annual,CZE,Czechia,EPL_OV,Individual and collective dismissals (regular contracts),0_TO_6,0-6 scale,VERSION3,Version 3 (2008-2019),2008,,2.989228964,,F,Free (free for publication),2,Two,A,Normal value,0,Units
DATAFLOW,OECD.ELS.JAI:DSD_EPL@DF_EPL(1.0),Strictness of employment protection,I,A,Annual,DNK,Denmark,EPL_OV,Individual and collective dismissals (regular contracts),0_TO_6,0-6 scale,VERSION3,Version 3 (2008-2019),2008,,1.798752785,,F,Free (free for publication),2,Two,A,Normal value,0,Units
DATAFLOW,OECD.ELS.JAI:DSD_EPL@DF_EPL(1.0),Strictness of employment protection,I,A,Annual,EST,Estonia,EPL_OV,Individual and collective dismissals (regular contracts),0_TO_6,0-6 scale,VERSION3,Version 3 (2008-2019),2008,,2.327664375,,F,Free (free for publication),2,Two,A,Normal value,0,Units
DATAFLOW,OECD.ELS.JAI:DSD_EPL@DF_EPL(1.0),Strictness of employment protection,I,A,Annual,FIN,Finland,EPL_OV,Individual and collective dismissals (regular contracts),0_TO_6,0-6 scale,VERSION3,Version 3 (2008-2019),2008,,2.107142925,,F,Free (free for publication),2,Two,A,Normal value,0,Units
DATAFLOW,OECD.ELS.JAI:DSD_EPL@DF_EPL(1.0),Strictness of employment protection,I,A,Annual,FRA,France,EPL_OV,Individual and collective dismissals (regular contracts),0_TO_6,0-6 scale,VERSION3,Version 3 (2008-2019),2008,,2.878832102,,F,Free (free for publication),2,Two,A,Normal value,0,Units
DATAFLOW,OECD.ELS.JAI:DSD_EPL@DF_EPL(1.0),Strictness of employment protection,I,A,Annual,DEU,Germany,EPL_OV,Individual and collective dismissals (regular contracts),0_TO_6,0-6 scale,VERSION3,Version 3 (2008-2019),2008,,2.78231287,,F,Free (free for publication),2,Two,A,Normal value,0,Units
DATAFLOW,OECD.ELS.JAI:DSD_EPL@DF_EPL(1.0),Strictness of employment protection,I,A,Annual,GRC,Greece,EPL_OV,Individual and collective dismissals (regular contracts),0_TO_6,0-6 scale,VERSION3,Version 3 (2008-2019),2008,,2.933673382,,F,Free (free for publication),2,Two,A,Normal value,0,Units
DATAFLOW,OECD.ELS.JAI:DSD_EPL@DF_EPL(1.0),Strictness of employment protection,I,A,Annual,HUN,Hungary,EPL_OV,Individual and collective dismissals (regular contracts),0_TO_6,0-6 scale,VERSION3,Version 3 (2008-2019),2008,,2.264739275,,F,Free (free for publication),2,Two,A,Normal value,0,Units
DATAFLOW,OECD.ELS.JAI:DSD_EPL@DF_EPL(1.0),Strictness of employment protection,I,A,Annual,IRL,Ireland,EPL_OV,Individual and collective dismissals (regular contracts),0_TO_6,0-6 scale,VERSION3,Version 3 (2008-2019),2008,,1.859410405,,F,Free (free for publication),2,Two,A,Normal value,0,Units
DATAFLOW,OECD.ELS.JAI:DSD_EPL@DF_EPL(1.0),Strictness of employment protection,I,A,Annual,ISR,Israel,EPL_OV,Individual and collective dismissals (regular contracts),0_TO_6,0-6 scale,VERSION3,Version 3 (2008-2019),2008,,2.406462669,,F,Free (free for publication),2,Two,A,Normal value,0,Units
DATAFLOW,OECD.ELS.JAI:DSD_EPL@DF_EPL(1.0),Strictness of employment protection,I,A,Annual,ITA,Italy,EPL_OV,Individual and collective dismissals (regular contracts),0_TO_6,0-6 scale,VERSION3,Version 3 (2008-2019),2008,,3.213718891,,F,Free (free for publication),2,Two,A,Normal value,0,Units
DATAFLOW,OECD.ELS.JAI:DSD_EPL@DF_EPL(1.0),Strictness of employment protection,I,A,Annual,JPN,Japan,EPL_OV,Individual and collective dismissals (regular contracts),0_TO_6,0-6 scale,VERSION3,Version 3 (2008-2019),2008,,2.061224461,,F,Free (free for publication),2,Two,A,Normal value,0,Units
DATAFLOW,OECD.ELS.JAI:DSD_EPL@DF_EPL(1.0),Strictness of employment protection,I,A,Annual,KOR,Korea,EPL_OV,Individual and collective dismissals (regular contracts),0_TO_6,0-6 scale,VERSION3,Version 3 (2008-2019),2008,,2.178571463,,F,Free (free for publication),2,Two,A,Normal value,0,Units
DATAFLOW,OECD.ELS.JAI:DSD_EPL@DF_EPL(1.0),Strictness of employment protection,I,A,Annual,LUX,Luxembourg,EPL_OV,Individual and collective dismissals (regular contracts),0_TO_6,0-6 scale,VERSION3,Version 3 (2008-2019),2008,,2.656689405,,F,Free (free for publication),2,Two,A,Normal value,0,Units
DATAFLOW,OECD.ELS.JAI:DSD_EPL@DF_EPL(1.0),Strictness of employment protection,I,A,Annual,MEX,Mexico,EPL_OV,Individual and collective dismissals (regular contracts),0_TO_6,0-6 scale,VERSION3,Version 3 (2008-2019),2008,,2.801020384,,F,Free (free for publication),2,Two,A,Normal value,0,Units
DATAFLOW,OECD.ELS.JAI:DSD_EPL@DF_EPL(1.0),Strictness of employment protection,I,A,Annual,NLD,Netherlands,EPL_OV,Individual and collective dismissals (regular contracts),0_TO_6,0-6 scale,VERSION3,Version 3 (2008-2019),2008,,3.286848068,,F,Free (free for publication),2,Two,A,Normal value,0,Units
DATAFLOW,OECD.ELS.JAI:DSD_EPL@DF_EPL(1.0),Strictness of employment protection,I,A,Annual,NZL,New Zealand,EPL_OV,Individual and collective dismissals (regular contracts),0_TO_6,0-6 scale,VERSION3,Version 3 (2008-2019),2008,,1.232993126,,F,Free (free for publication),2,Two,A,Normal value,0,Units
DATAFLOW,OECD.ELS.JAI:DSD_EPL@DF_EPL(1.0),Strictness of employment protection,I,A,Annual,NOR,Norway,EPL_OV,Individual and collective dismissals (regular contracts),0_TO_6,0-6 scale,VERSION3,Version 3 (2008-2019),2008,,2.309523821,,F,Free (free for publication),2,Two,A,Normal value,0,Units
DATAFLOW,OECD.ELS.JAI:DSD_EPL@DF_EPL(1.0),Strictness of employment protection,I,A,Annual,POL,Poland,EPL_OV,Individual and collective dismissals (regular contracts),0_TO_6,0-6 scale,VERSION3,Version 3 (2008-2019),2008,,2.434807301,,F,Free (free for publication),2,Two,A,Normal value,0,Units
DATAFLOW,OECD.ELS.JAI:DSD_EPL@DF_EPL(1.0),Strictness of employment protection,I,A,Annual,PRT,Portugal,EPL_OV,Individual and collective dismissals (regular contracts),0_TO_6,0-6 scale,VERSION3,Version 3 (2008-2019),2008,,3.559523582,,F,Free (free for publication),2,Two,A,Normal value,0,Units
DATAFLOW,OECD.ELS.JAI:DSD_EPL@DF_EPL(1.0),Strictness of employment protection,I,A,Annual,SVK,Slovak Republic,EPL_OV,Individual and collective dismissals (regular contracts),0_TO_6,0-6 scale,VERSION3,Version 3 (2008-2019),2008,,3.06349206,,F,Free (free for publication),2,Two,A,Normal value,0,Units
DATAFLOW,OECD.ELS.JAI:DSD_EPL@DF_EPL(1.0),Strictness of employment protection,I,A,Annual,SVN,Slovenia,EPL_OV,Individual and collective dismissals (regular contracts),0_TO_6,0-6 scale,VERSION3,Version 3 (2008-2019),2008,,2.774376392,,F,Free (free for publication),2,Two,A,Normal value,0,Units
DATAFLOW,OECD.ELS.JAI:DSD_EPL@DF_EPL(1.0),Strictness of employment protection,I,A,Annual,ESP,Spain,EPL_OV,Individual and collective dismissals (regular contracts),0_TO_6,0-6 scale,VERSION3,Version 3 (2008-2019),2008,,2.552006721,,F,Free (free for publication),2,Two,A,Normal value,0,Units
DATAFLOW,OECD.ELS.JAI:DSD_EPL@DF_EPL(1.0),Strictness of employment protection,I,A,Annual,SWE,Sweden,EPL_OV,Individual and collective dismissals (regular contracts),0_TO_6,0-6 scale,VERSION3,Version 3 (2008-2019),2008,,2.616496563,,F,Free (free for publication),2,Two,A,Normal value,0,Units
DATAFLOW,OECD.ELS.JAI:DSD_EPL@DF_EPL(1.0),Strictness of employment protection,I,A,Annual,CHE,Switzerland,EPL_OV,Individual and collective dismissals (regular contracts),0_TO_6,0-6 scale,VERSION3,Version 3 (2008-2019),2008,,1.984693885,,F,Free (free for publication),2,Two,A,Normal value,0,Units
DATAFLOW,OECD.ELS.JAI:DSD_EPL@DF_EPL(1.0),Strictness of employment protection,I,A,Annual,TUR,Türkiye,EPL_OV,Individual and collective dismissals (regular contracts),0_TO_6,0-6 scale,VERSION3,Version 3 (2008-2019),2008,,2.732993126,,F,Free (free for publication),2,Two,A,Normal value,0,Units
DATAFLOW,OECD.ELS.JAI:DSD_EPL@DF_EPL(1.0),Strictness of employment protection,I,A,Annual,GBR,United Kingdom,EPL_OV,Individual and collective dismissals (regular contracts),0_TO_6,0-6 scale,VERSION3,Version 3 (2008-2019),2008,,1.770408154,,F,Free (free for publication),2,Two,A,Normal value,0,Units
DATAFLOW,OECD.ELS.JAI:DSD_EPL@DF_EPL(1.0),Strictness of employment protection,I,A,Annual,USA,United States,EPL_OV,Individual and collective dismissals (regular contracts),0_TO_6,0-6 scale,VERSION3,Version 3 (2008-2019),2008,,0.958809495,,F,Free (free for publication),2,Two,A,Normal value,0,Units
DATAFLOW,OECD.ELS.JAI:DSD_EPL@DF_EPL(1.0),Strictness of employment protection,I,A,Annual,BRA,Brazil,EPL_OV,Individual and collective dismissals (regular contracts),0_TO_6,0-6 scale,VERSION3,Version 3 (2008-2019),2008,,1.24943316,,F,Free (free for publication),2,Two,A,Normal value,0,Units
DATAFLOW,OECD.ELS.JAI:DSD_EPL@DF_EPL(1.0),Strictness of employment protection,I,A,Annual,CHN,China (People’s Republic of),EPL_OV,Individual and collective dismissals (regular contracts),0_TO_6,0-6 scale,VERSION3,Version 3 (2008-2019),2008,,2.862811804,,F,Free (free for publication),2,Two,A,Normal value,0,Units
DATAFLOW,OECD.ELS.JAI:DSD_EPL@DF_EPL(1.0),Strictness of employment protection,I,A,Annual,IND,India,EPL_OV,Individual and collective dismissals (regular contracts),0_TO_6,0-6 scale,VERSION3,Version 3 (2008-2019),2008,,2.614795923,,F,Free (free for publication),2,Two,A,Normal value,0,Units
DATAFLOW,OECD.ELS.JAI:DSD_EPL@DF_EPL(1.0),Strictness of employment protection,I,A,Annual,IDN,Indonesia,EPL_OV,Individual and collective dismissals (regular contracts),0_TO_6,0-6 scale,VERSION3,Version 3 (2008-2019),2008,,2.946712017,,F,Free (free for publication),2,Two,A,Normal value,0,Units
DATAFLOW,OECD.ELS.JAI:DSD_EPL@DF_EPL(1.0),Strictness of employment protection,I,A,Annual,RUS,Russia,EPL_OV,Individual and collective dismissals (regular contracts),0_TO_6,0-6 scale,VERSION3,Version 3 (2008-2019),2008,,2.473922968,,F,Free (free for publication),2,Two,A,Normal value,0,Units
DATAFLOW,OECD.ELS.JAI:DSD_EPL@DF_EPL(1.0),Strictness of employment protection,I,A,Annual,SAU,Saudi Arabia,EPL_OV,Individual and collective dismissals (regular contracts),0_TO_6,0-6 scale,VERSION3,Version 3 (2008-2019),2008,,1.147392273,,F,Free (free for publication),2,Two,A,Normal value,0,Units
DATAFLOW,OECD.ELS.JAI:DSD_EPL@DF_EPL(1.0),Strictness of employment protection,I,A,Annual,ZAF,South Africa,EPL_OV,Individual and collective dismissals (regular contracts),0_TO_6,0-6 scale,VERSION3,Version 3 (2008-2019),2008,,2.006235838,,F,Free (free for publication),2,Two,A,Normal value,0,Units
DATAFLOW,OECD.ELS.JAI:DSD_EPL@DF_EPL(1.0),Strictness of employment protection,I,A,Annual,AUS,Australia,EPL_OV,Individual and collective dismissals (regular contracts),0_TO_6,0-6 scale,VERSION3,Version 3 (2008-2019),2009,,1.630952358,,F,Free (free for publication),2,Two,A,Normal value,0,Units
DATAFLOW,OECD.ELS.JAI:DSD_EPL@DF_EPL(1.0),Strictness of employment protection,I,A,Annual,AUT,Austria,EPL_OV,Individual and collective dismissals (regular contracts),0_TO_6,0-6 scale,VERSION3,Version 3 (2008-2019),2009,,2.394557953,,F,Free (free for publication),2,Two,A,Normal value,0,Units
DATAFLOW,OECD.ELS.JAI:DSD_EPL@DF_EPL(1.0),Strictness of employment protection,I,A,Annual,BEL,Belgium,EPL_OV,Individual and collective dismissals (regular contracts),0_TO_6,0-6 scale,VERSION3,Version 3 (2008-2019),2009,,2.776077032,,F,Free (free for publication),2,Two,A,Normal value,0,Units
DATAFLOW,OECD.ELS.JAI:DSD_EPL@DF_EPL(1.0),Strictness of employment protection,I,A,Annual,CAN,Canada,EPL_OV,Individual and collective dismissals (regular contracts),0_TO_6,0-6 scale,VERSION3,Version 3 (2008-2019),2009,,1.314858317,,F,Free (free for publication),2,Two,A,Normal value,0,Units
DATAFLOW,OECD.ELS.JAI:DSD_EPL@DF_EPL(1.0),Strictness of employment protection,I,A,Annual,CHL,Chile,EPL_OV,Individual and collective dismissals (regular contracts),0_TO_6,0-6 scale,VERSION3,Version 3 (2008-2019),2009,,1.839002252,,F,Free (free for publication),2,Two,A,Normal value,0,Units
DATAFLOW,OECD.ELS.JAI:DSD_EPL@DF_EPL(1.0),Strictness of employment protection,I,A,Annual,CZE,Czechia,EPL_OV,Individual and collective dismissals (regular contracts),0_TO_6,0-6 scale,VERSION3,Version 3 (2008-2019),2009,,2.989228964,,F,Free (free for publication),2,Two,A,Normal value,0,Units
DATAFLOW,OECD.ELS.JAI:DSD_EPL@DF_EPL(1.0),Strictness of employment protection,I,A,Annual,DNK,Denmark,EPL_OV,Individual and collective dismissals (regular contracts),0_TO_6,0-6 scale,VERSION3,Version 3 (2008-2019),2009,,1.798752785,,F,Free (free for publication),2,Two,A,Normal value,0,Units
DATAFLOW,OECD.ELS.JAI:DSD_EPL@DF_EPL(1.0),Strictness of employment protection,I,A,Annual,EST,Estonia,EPL_OV,Individual and collective dismissals (regular contracts),0_TO_6,0-6 scale,VERSION3,Version 3 (2008-2019),2009,,2.327664375,,F,Free (free for publication),2,Two,A,Normal value,0,Units
DATAFLOW,OECD.ELS.JAI:DSD_EPL@DF_EPL(1.0),Strictness of employment protection,I,A,Annual,FIN,Finland,EPL_OV,Individual and collective dismissals (regular contracts),0_TO_6,0-6 scale,VERSION3,Version 3 (2008-2019),2009,,2.107142925,,F,Free (free for publication),2,Two,A,Normal value,0,Units
DATAFLOW,OECD.ELS.JAI:DSD_EPL@DF_EPL(1.0),Strictness of employment protection,I,A,Annual,FRA,France,EPL_OV,Individual and collective dismissals (regular contracts),0_TO_6,0-6 scale,VERSION3,Version 3 (2008-2019),2009,,2.831213236,,F,Free (free for publication),2,Two,A,Normal value,0,Units
DATAFLOW,OECD.ELS.JAI:DSD_EPL@DF_EPL(1.0),Strictness of employment protection,I,A,Annual,DEU,Germany,EPL_OV,Individual and collective dismissals (regular contracts),0_TO_6,0-6 scale,VERSION3,Version 3 (2008-2019),2009,,2.78231287,,F,Free (free for publication),2,Two,A,Normal value,0,Units
DATAFLOW,OECD.ELS.JAI:DSD_EPL@DF_EPL(1.0),Strictness of employment protection,I,A,Annual,GRC,Greece,EPL_OV,Individual and collective dismissals (regular contracts),0_TO_6,0-6 scale,VERSION3,Version 3 (2008-2019),2009,,2.933673382,,F,Free (free for publication),2,Two,A,Normal value,0,Units
DATAFLOW,OECD.ELS.JAI:DSD_EPL@DF_EPL(1.0),Strictness of employment protection,I,A,Annual,HUN,Hungary,EPL_OV,Individual and collective dismissals (regular contracts),0_TO_6,0-6 scale,VERSION3,Version 3 (2008-2019),2009,,2.264739275,,F,Free (free for publication),2,Two,A,Normal value,0,Units
DATAFLOW,OECD.ELS.JAI:DSD_EPL@DF_EPL(1.0),Strictness of employment protection,I,A,Annual,IRL,Ireland,EPL_OV,Individual and collective dismissals (regular contracts),0_TO_6,0-6 scale,VERSION3,Version 3 (2008-2019),2009,,1.859410405,,F,Free (free for publication),2,Two,A,Normal value,0,Units
DATAFLOW,OECD.ELS.JAI:DSD_EPL@DF_EPL(1.0),Strictness of employment protection,I,A,Annual,ISR,Israel,EPL_OV,Individual and collective dismissals (regular contracts),0_TO_6,0-6 scale,VERSION3,Version 3 (2008-2019),2009,,2.406462669,,F,Free (free for publication),2,Two,A,Normal value,0,Units
DATAFLOW,OECD.ELS.JAI:DSD_EPL@DF_EPL(1.0),Strictness of employment protection,I,A,Annual,ITA,Italy,EPL_OV,Individual and collective dismissals (regular contracts),0_TO_6,0-6 scale,VERSION3,Version 3 (2008-2019),2009,,3.213718891,,F,Free (free for publication),2,Two,A,Normal value,0,Units
DATAFLOW,OECD.ELS.JAI:DSD_EPL@DF_EPL(1.0),Strictness of employment protection,I,A,Annual,JPN,Japan,EPL_OV,Individual and collective dismissals (regular contracts),0_TO_6,0-6 scale,VERSION3,Version 3 (2008-2019),2009,,2.061224461,,F,Free (free for publication),2,Two,A,Normal value,0,Units
DATAFLOW,OECD.ELS.JAI:DSD_EPL@DF_EPL(1.0),Strictness of employment protection,I,A,Annual,KOR,Korea,EPL_OV,Individual and collective dismissals (regular contracts),0_TO_6,0-6 scale,VERSION3,Version 3 (2008-2019),2009,,2.178571463,,F,Free (free for publication),2,Two,A,Normal value,0,Units
DATAFLOW,OECD.ELS.JAI:DSD_EPL@DF_EPL(1.0),Strictness of employment protection,I,A,Annual,LUX,Luxembourg,EPL_OV,Individual and collective dismissals (regular contracts),0_TO_6,0-6 scale,VERSION3,Version 3 (2008-2019),2009,,2.656689405,,F,Free (free for publication),2,Two,A,Normal value,0,Units
DATAFLOW,OECD.ELS.JAI:DSD_EPL@DF_EPL(1.0),Strictness of employment protection,I,A,Annual,MEX,Mexico,EPL_OV,Individual and collective dismissals (regular contracts),0_TO_6,0-6 scale,VERSION3,Version 3 (2008-2019),2009,,2.801020384,,F,Free (free for publication),2,Two,A,Normal value,0,Units
DATAFLOW,OECD.ELS.JAI:DSD_EPL@DF_EPL(1.0),Strictness of employment protection,I,A,Annual,NLD,Netherlands,EPL_OV,Individual and collective dismissals (regular contracts),0_TO_6,0-6 scale,VERSION3,Version 3 (2008-2019),2009,,3.241496563,,F,Free (free for publication),2,Two,A,Normal value,0,Units
DATAFLOW,OECD.ELS.JAI:DSD_EPL@DF_EPL(1.0),Strictness of employment protection,I,A,Annual,NZL,New Zealand,EPL_OV,Individual and collective dismissals (regular contracts),0_TO_6,0-6 scale,VERSION3,Version 3 (2008-2019),2009,,1.232993126,,F,Free (free for publication),2,Two,A,Normal value,0,Units
DATAFLOW,OECD.ELS.JAI:DSD_EPL@DF_EPL(1.0),Strictness of employment protection,I,A,Annual,NOR,Norway,EPL_OV,Individual and collective dismissals (regular contracts),0_TO_6,0-6 scale,VERSION3,Version 3 (2008-2019),2009,,2.309523821,,F,Free (free for publication),2,Two,A,Normal value,0,Units
DATAFLOW,OECD.ELS.JAI:DSD_EPL@DF_EPL(1.0),Strictness of employment protection,I,A,Annual,POL,Poland,EPL_OV,Individual and collective dismissals (regular contracts),0_TO_6,0-6 scale,VERSION3,Version 3 (2008-2019),2009,,2.434807301,,F,Free (free for publication),2,Two,A,Normal value,0,Units
DATAFLOW,OECD.ELS.JAI:DSD_EPL@DF_EPL(1.0),Strictness of employment protection,I,A,Annual,PRT,Portugal,EPL_OV,Individual and collective dismissals (regular contracts),0_TO_6,0-6 scale,VERSION3,Version 3 (2008-2019),2009,,3.559523582,,F,Free (free for publication),2,Two,A,Normal value,0,Units
DATAFLOW,OECD.ELS.JAI:DSD_EPL@DF_EPL(1.0),Strictness of employment protection,I,A,Annual,SVK,Slovak Republic,EPL_OV,Individual and collective dismissals (regular contracts),0_TO_6,0-6 scale,VERSION3,Version 3 (2008-2019),2009,,3.06349206,,F,Free (free for publication),2,Two,A,Normal value,0,Units
DATAFLOW,OECD.ELS.JAI:DSD_EPL@DF_EPL(1.0),Strictness of employment protection,I,A,Annual,SVN,Slovenia,EPL_OV,Individual and collective dismissals (regular contracts),0_TO_6,0-6 scale,VERSION3,Version 3 (2008-2019),2009,,2.774376392,,F,Free (free for publication),2,Two,A,Normal value,0,Units
DATAFLOW,OECD.ELS.JAI:DSD_EPL@DF_EPL(1.0),Strictness of employment protection,I,A,Annual,ESP,Spain,EPL_OV,Individual and collective dismissals (regular contracts),0_TO_6,0-6 scale,VERSION3,Version 3 (2008-2019),2009,,2.552006721,,F,Free (free for publication),2,Two,A,Normal value,0,Units
DATAFLOW,OECD.ELS.JAI:DSD_EPL@DF_EPL(1.0),Strictness of employment protection,I,A,Annual,SWE,Sweden,EPL_OV,Individual and collective dismissals (regular contracts),0_TO_6,0-6 scale,VERSION3,Version 3 (2008-2019),2009,,2.616496563,,F,Free (free for publication),2,Two,A,Normal value,0,Units
DATAFLOW,OECD.ELS.JAI:DSD_EPL@DF_EPL(1.0),Strictness of employment protection,I,A,Annual,CHE,Switzerland,EPL_OV,Individual and collective dismissals (regular contracts),0_TO_6,0-6 scale,VERSION3,Version 3 (2008-2019),2009,,1.984693885,,F,Free (free for publication),2,Two,A,Normal value,0,Units
DATAFLOW,OECD.ELS.JAI:DSD_EPL@DF_EPL(1.0),Strictness of employment protection,I,A,Annual,TUR,Türkiye,EPL_OV,Individual and collective dismissals (regular contracts),0_TO_6,0-6 scale,VERSION3,Version 3 (2008-2019),2009,,2.732993126,,F,Free (free for publication),2,Two,A,Normal value,0,Units
DATAFLOW,OECD.ELS.JAI:DSD_EPL@DF_EPL(1.0),Strictness of employment protection,I,A,Annual,GBR,United Kingdom,EPL_OV,Individual and collective dismissals (regular contracts),0_TO_6,0-6 scale,VERSION3,Version 3 (2008-2019),2009,,1.770408154,,F,Free (free for publication),2,Two,A,Normal value,0,Units
DATAFLOW,OECD.ELS.JAI:DSD_EPL@DF_EPL(1.0),Strictness of employment protection,I,A,Annual,USA,United States,EPL_OV,Individual and collective dismissals (regular contracts),0_TO_6,0-6 scale,VERSION3,Version 3 (2008-2019),2009,,0.958809495,,F,Free (free for publication),2,Two,A,Normal value,0,Units
DATAFLOW,OECD.ELS.JAI:DSD_EPL@DF_EPL(1.0),Strictness of employment protection,I,A,Annual,BRA,Brazil,EPL_OV,Individual and collective dismissals (regular contracts),0_TO_6,0-6 scale,VERSION3,Version 3 (2008-2019),2009,,1.24943316,,F,Free (free for publication),2,Two,A,Normal value,0,Units
DATAFLOW,OECD.ELS.JAI:DSD_EPL@DF_EPL(1.0),Strictness of employment protection,I,A,Annual,CHN,China (People’s Republic of),EPL_OV,Individual and collective dismissals (regular contracts),0_TO_6,0-6 scale,VERSION3,Version 3 (2008-2019),2009,,3.005668879,,F,Free (free for publication),2,Two,A,Normal value,0,Units
DATAFLOW,OECD.ELS.JAI:DSD_EPL@DF_EPL(1.0),Strictness of employment protection,I,A,Annual,IND,India,EPL_OV,Individual and collective dismissals (regular contracts),0_TO_6,0-6 scale,VERSION3,Version 3 (2008-2019),2009,,2.614795923,,F,Free (free for publication),2,Two,A,Normal value,0,Units
DATAFLOW,OECD.ELS.JAI:DSD_EPL@DF_EPL(1.0),Strictness of employment protection,I,A,Annual,IDN,Indonesia,EPL_OV,Individual and collective dismissals (regular contracts),0_TO_6,0-6 scale,VERSION3,Version 3 (2008-2019),2009,,2.946712017,,F,Free (free for publication),2,Two,A,Normal value,0,Units
DATAFLOW,OECD.ELS.JAI:DSD_EPL@DF_EPL(1.0),Strictness of employment protection,I,A,Annual,RUS,Russia,EPL_OV,Individual and collective dismissals (regular contracts),0_TO_6,0-6 scale,VERSION3,Version 3 (2008-2019),2009,,2.473922968,,F,Free (free for publication),2,Two,A,Normal value,0,Units
DATAFLOW,OECD.ELS.JAI:DSD_EPL@DF_EPL(1.0),Strictness of employment protection,I,A,Annual,SAU,Saudi Arabia,EPL_OV,Individual and collective dismissals (regular contracts),0_TO_6,0-6 scale,VERSION3,Version 3 (2008-2019),2009,,1.147392273,,F,Free (free for publication),2,Two,A,Normal value,0,Units
DATAFLOW,OECD.ELS.JAI:DSD_EPL@DF_EPL(1.0),Strictness of employment protection,I,A,Annual,ZAF,South Africa,EPL_OV,Individual and collective dismissals (regular contracts),0_TO_6,0-6 scale,VERSION3,Version 3 (2008-2019),2009,,2.006235838,,F,Free (free for publication),2,Two,A,Normal value,0,Units
DATAFLOW,OECD.ELS.JAI:DSD_EPL@DF_EPL(1.0),Strictness of employment protection,I,A,Annual,AUS,Australia,EPL_OV,Individual and collective dismissals (regular contracts),0_TO_6,0-6 scale,VERSION3,Version 3 (2008-2019),2010,,1.988095284,,F,Free (free for publication),2,Two,A,Normal value,0,Units
DATAFLOW,OECD.ELS.JAI:DSD_EPL@DF_EPL(1.0),Strictness of employment protection,I,A,Annual,AUT,Austria,EPL_OV,Individual and collective dismissals (regular contracts),0_TO_6,0-6 scale,VERSION3,Version 3 (2008-2019),2010,,2.394557953,,F,Free (free for publication),2,Two,A,Normal value,0,Units
DATAFLOW,OECD.ELS.JAI:DSD_EPL@DF_EPL(1.0),Strictness of employment protection,I,A,Annual,BEL,Belgium,EPL_OV,Individual and collective dismissals (regular contracts),0_TO_6,0-6 scale,VERSION3,Version 3 (2008-2019),2010,,2.912131548,,F,Free (free for publication),2,Two,A,Normal value,0,Units
DATAFLOW,OECD.ELS.JAI:DSD_EPL@DF_EPL(1.0),Strictness of employment protection,I,A,Annual,CAN,Canada,EPL_OV,Individual and collective dismissals (regular contracts),0_TO_6,0-6 scale,VERSION3,Version 3 (2008-2019),2010,,1.314858317,,F,Free (free for publication),2,Two,A,Normal value,0,Units
DATAFLOW,OECD.ELS.JAI:DSD_EPL@DF_EPL(1.0),Strictness of employment protection,I,A,Annual,CHL,Chile,EPL_OV,Individual and collective dismissals (regular contracts),0_TO_6,0-6 scale,VERSION3,Version 3 (2008-2019),2010,,1.839002252,,F,Free (free for publication),2,Two,A,Normal value,0,Units
DATAFLOW,OECD.ELS.JAI:DSD_EPL@DF_EPL(1.0),Strictness of employment protection,I,A,Annual,CZE,Czechia,EPL_OV,Individual and collective dismissals (regular contracts),0_TO_6,0-6 scale,VERSION3,Version 3 (2008-2019),2010,,2.989228964,,F,Free (free for publication),2,Two,A,Normal value,0,Units
DATAFLOW,OECD.ELS.JAI:DSD_EPL@DF_EPL(1.0),Strictness of employment protection,I,A,Annual,DNK,Denmark,EPL_OV,Individual and collective dismissals (regular contracts),0_TO_6,0-6 scale,VERSION3,Version 3 (2008-2019),2010,,1.798752785,,F,Free (free for publication),2,Two,A,Normal value,0,Units
DATAFLOW,OECD.ELS.JAI:DSD_EPL@DF_EPL(1.0),Strictness of employment protection,I,A,Annual,EST,Estonia,EPL_OV,Individual and collective dismissals (regular contracts),0_TO_6,0-6 scale,VERSION3,Version 3 (2008-2019),2010,,2.066326618,,F,Free (free for publication),2,Two,A,Normal value,0,Units
DATAFLOW,OECD.ELS.JAI:DSD_EPL@DF_EPL(1.0),Strictness of employment protection,I,A,Annual,FIN,Finland,EPL_OV,Individual and collective dismissals (regular contracts),0_TO_6,0-6 scale,VERSION3,Version 3 (2008-2019),2010,,2.107142925,,F,Free (free for publication),2,Two,A,Normal value,0,Units
DATAFLOW,OECD.ELS.JAI:DSD_EPL@DF_EPL(1.0),Strictness of employment protection,I,A,Annual,FRA,France,EPL_OV,Individual and collective dismissals (regular contracts),0_TO_6,0-6 scale,VERSION3,Version 3 (2008-2019),2010,,2.831213236,,F,Free (free for publication),2,Two,A,Normal value,0,Units
DATAFLOW,OECD.ELS.JAI:DSD_EPL@DF_EPL(1.0),Strictness of employment protection,I,A,Annual,DEU,Germany,EPL_OV,Individual and collective dismissals (regular contracts),0_TO_6,0-6 scale,VERSION3,Version 3 (2008-2019),2010,,2.78231287,,F,Free (free for publication),2,Two,A,Normal value,0,Units
DATAFLOW,OECD.ELS.JAI:DSD_EPL@DF_EPL(1.0),Strictness of employment protection,I,A,Annual,GRC,Greece,EPL_OV,Individual and collective dismissals (regular contracts),0_TO_6,0-6 scale,VERSION3,Version 3 (2008-2019),2010,,2.933673382,,F,Free (free for publication),2,Two,A,Normal value,0,Units
DATAFLOW,OECD.ELS.JAI:DSD_EPL@DF_EPL(1.0),Strictness of employment protection,I,A,Annual,HUN,Hungary,EPL_OV,Individual and collective dismissals (regular contracts),0_TO_6,0-6 scale,VERSION3,Version 3 (2008-2019),2010,,2.264739275,,F,Free (free for publication),2,Two,A,Normal value,0,Units
DATAFLOW,OECD.ELS.JAI:DSD_EPL@DF_EPL(1.0),Strictness of employment protection,I,A,Annual,IRL,Ireland,EPL_OV,Individual and collective dismissals (regular contracts),0_TO_6,0-6 scale,VERSION3,Version 3 (2008-2019),2010,,1.859410405,,F,Free (free for publication),2,Two,A,Normal value,0,Units
DATAFLOW,OECD.ELS.JAI:DSD_EPL@DF_EPL(1.0),Strictness of employment protection,I,A,Annual,ISR,Israel,EPL_OV,Individual and collective dismissals (regular contracts),0_TO_6,0-6 scale,VERSION3,Version 3 (2008-2019),2010,,2.406462669,,F,Free (free for publication),2,Two,A,Normal value,0,Units
DATAFLOW,OECD.ELS.JAI:DSD_EPL@DF_EPL(1.0),Strictness of employment protection,I,A,Annual,ITA,Italy,EPL_OV,Individual and collective dismissals (regular contracts),0_TO_6,0-6 scale,VERSION3,Version 3 (2008-2019),2010,,3.213718891,,F,Free (free for publication),2,Two,A,Normal value,0,Units
DATAFLOW,OECD.ELS.JAI:DSD_EPL@DF_EPL(1.0),Strictness of employment protection,I,A,Annual,JPN,Japan,EPL_OV,Individual and collective dismissals (regular contracts),0_TO_6,0-6 scale,VERSION3,Version 3 (2008-2019),2010,,2.061224461,,F,Free (free for publication),2,Two,A,Normal value,0,Units
DATAFLOW,OECD.ELS.JAI:DSD_EPL@DF_EPL(1.0),Strictness of employment protection,I,A,Annual,KOR,Korea,EPL_OV,Individual and collective dismissals (regular contracts),0_TO_6,0-6 scale,VERSION3,Version 3 (2008-2019),2010,,2.178571463,,F,Free (free for publication),2,Two,A,Normal value,0,Units
DATAFLOW,OECD.ELS.JAI:DSD_EPL@DF_EPL(1.0),Strictness of employment protection,I,A,Annual,LUX,Luxembourg,EPL_OV,Individual and collective dismissals (regular contracts),0_TO_6,0-6 scale,VERSION3,Version 3 (2008-2019),2010,,2.656689405,,F,Free (free for publication),2,Two,A,Normal value,0,Units
DATAFLOW,OECD.ELS.JAI:DSD_EPL@DF_EPL(1.0),Strictness of employment protection,I,A,Annual,MEX,Mexico,EPL_OV,Individual and collective dismissals (regular contracts),0_TO_6,0-6 scale,VERSION3,Version 3 (2008-2019),2010,,2.801020384,,F,Free (free for publication),2,Two,A,Normal value,0,Units
DATAFLOW,OECD.ELS.JAI:DSD_EPL@DF_EPL(1.0),Strictness of employment protection,I,A,Annual,NLD,Netherlands,EPL_OV,Individual and collective dismissals (regular contracts),0_TO_6,0-6 scale,VERSION3,Version 3 (2008-2019),2010,,3.241496563,,F,Free (free for publication),2,Two,A,Normal value,0,Units
DATAFLOW,OECD.ELS.JAI:DSD_EPL@DF_EPL(1.0),Strictness of employment protection,I,A,Annual,NZL,New Zealand,EPL_OV,Individual and collective dismissals (regular contracts),0_TO_6,0-6 scale,VERSION3,Version 3 (2008-2019),2010,,1.232993126,,F,Free (free for publication),2,Two,A,Normal value,0,Units
DATAFLOW,OECD.ELS.JAI:DSD_EPL@DF_EPL(1.0),Strictness of employment protection,I,A,Annual,NOR,Norway,EPL_OV,Individual and collective dismissals (regular contracts),0_TO_6,0-6 scale,VERSION3,Version 3 (2008-2019),2010,,2.309523821,,F,Free (free for publication),2,Two,A,Normal value,0,Units
DATAFLOW,OECD.ELS.JAI:DSD_EPL@DF_EPL(1.0),Strictness of employment protection,I,A,Annual,POL,Poland,EPL_OV,Individual and collective dismissals (regular contracts),0_TO_6,0-6 scale,VERSION3,Version 3 (2008-2019),2010,,2.434807301,,F,Free (free for publication),2,Two,A,Normal value,0,Units
DATAFLOW,OECD.ELS.JAI:DSD_EPL@DF_EPL(1.0),Strictness of employment protection,I,A,Annual,PRT,Portugal,EPL_OV,Individual and collective dismissals (regular contracts),0_TO_6,0-6 scale,VERSION3,Version 3 (2008-2019),2010,,3.355442047,,F,Free (free for publication),2,Two,A,Normal value,0,Units
DATAFLOW,OECD.ELS.JAI:DSD_EPL@DF_EPL(1.0),Strictness of employment protection,I,A,Annual,SVK,Slovak Republic,EPL_OV,Individual and collective dismissals (regular contracts),0_TO_6,0-6 scale,VERSION3,Version 3 (2008-2019),2010,,3.06349206,,F,Free (free for publication),2,Two,A,Normal value,0,Units
DATAFLOW,OECD.ELS.JAI:DSD_EPL@DF_EPL(1.0),Strictness of employment protection,I,A,Annual,SVN,Slovenia,EPL_OV,Individual and collective dismissals (regular contracts),0_TO_6,0-6 scale,VERSION3,Version 3 (2008-2019),2010,,2.774376392,,F,Free (free for publication),2,Two,A,Normal value,0,Units
DATAFLOW,OECD.ELS.JAI:DSD_EPL@DF_EPL(1.0),Strictness of employment protection,I,A,Annual,ESP,Spain,EPL_OV,Individual and collective dismissals (regular contracts),0_TO_6,0-6 scale,VERSION3,Version 3 (2008-2019),2010,,2.552006721,,F,Free (free for publication),2,Two,A,Normal value,0,Units
DATAFLOW,OECD.ELS.JAI:DSD_EPL@DF_EPL(1.0),Strictness of employment protection,I,A,Annual,SWE,Sweden,EPL_OV,Individual and collective dismissals (regular contracts),0_TO_6,0-6 scale,VERSION3,Version 3 (2008-2019),2010,,2.616496563,,F,Free (free for publication),2,Two,A,Normal value,0,Units
DATAFLOW,OECD.ELS.JAI:DSD_EPL@DF_EPL(1.0),Strictness of employment protection,I,A,Annual,CHE,Switzerland,EPL_OV,Individual and collective dismissals (regular contracts),0_TO_6,0-6 scale,VERSION3,Version 3 (2008-2019),2010,,1.984693885,,F,Free (free for publication),2,Two,A,Normal value,0,Units
DATAFLOW,OECD.ELS.JAI:DSD_EPL@DF_EPL(1.0),Strictness of employment protection,I,A,Annual,TUR,Türkiye,EPL_OV,Individual and collective dismissals (regular contracts),0_TO_6,0-6 scale,VERSION3,Version 3 (2008-2019),2010,,2.732993126,,F,Free (free for publication),2,Two,A,Normal value,0,Units
DATAFLOW,OECD.ELS.JAI:DSD_EPL@DF_EPL(1.0),Strictness of employment protection,I,A,Annual,GBR,United Kingdom,EPL_OV,Individual and collective dismissals (regular contracts),0_TO_6,0-6 scale,VERSION3,Version 3 (2008-2019),2010,,1.770408154,,F,Free (free for publication),2,Two,A,Normal value,0,Units
DATAFLOW,OECD.ELS.JAI:DSD_EPL@DF_EPL(1.0),Strictness of employment protection,I,A,Annual,USA,United States,EPL_OV,Individual and collective dismissals (regular contracts),0_TO_6,0-6 scale,VERSION3,Version 3 (2008-2019),2010,,0.958809495,,F,Free (free for publication),2,Two,A,Normal value,0,Units
DATAFLOW,OECD.ELS.JAI:DSD_EPL@DF_EPL(1.0),Strictness of employment protection,I,A,Annual,BRA,Brazil,EPL_OV,Individual and collective dismissals (regular contracts),0_TO_6,0-6 scale,VERSION3,Version 3 (2008-2019),2010,,1.678004622,,F,Free (free for publication),2,Two,A,Normal value,0,Units
DATAFLOW,OECD.ELS.JAI:DSD_EPL@DF_EPL(1.0),Strictness of employment protection,I,A,Annual,CHN,China (People’s Republic of),EPL_OV,Individual and collective dismissals (regular contracts),0_TO_6,0-6 scale,VERSION3,Version 3 (2008-2019),2010,,3.005668879,,F,Free (free for publication),2,Two,A,Normal value,0,Units
DATAFLOW,OECD.ELS.JAI:DSD_EPL@DF_EPL(1.0),Strictness of employment protection,I,A,Annual,IND,India,EPL_OV,Individual and collective dismissals (regular contracts),0_TO_6,0-6 scale,VERSION3,Version 3 (2008-2019),2010,,2.614795923,,F,Free (free for publication),2,Two,A,Normal value,0,Units
DATAFLOW,OECD.ELS.JAI:DSD_EPL@DF_EPL(1.0),Strictness of employment protection,I,A,Annual,IDN,Indonesia,EPL_OV,Individual and collective dismissals (regular contracts),0_TO_6,0-6 scale,VERSION3,Version 3 (2008-2019),2010,,2.946712017,,F,Free (free for publication),2,Two,A,Normal value,0,Units
DATAFLOW,OECD.ELS.JAI:DSD_EPL@DF_EPL(1.0),Strictness of employment protection,I,A,Annual,RUS,Russia,EPL_OV,Individual and collective dismissals (regular contracts),0_TO_6,0-6 scale,VERSION3,Version 3 (2008-2019),2010,,2.473922968,,F,Free (free for publication),2,Two,A,Normal value,0,Units
DATAFLOW,OECD.ELS.JAI:DSD_EPL@DF_EPL(1.0),Strictness of employment protection,I,A,Annual,SAU,Saudi Arabia,EPL_OV,Individual and collective dismissals (regular contracts),0_TO_6,0-6 scale,VERSION3,Version 3 (2008-2019),2010,,1.147392273,,F,Free (free for publication),2,Two,A,Normal value,0,Units
DATAFLOW,OECD.ELS.JAI:DSD_EPL@DF_EPL(1.0),Strictness of employment protection,I,A,Annual,ZAF,South Africa,EPL_OV,Individual and collective dismissals (regular contracts),0_TO_6,0-6 scale,VERSION3,Version 3 (2008-2019),2010,,2.006235838,,F,Free (free for publication),2,Two,A,Normal value,0,Units
DATAFLOW,OECD.ELS.JAI:DSD_EPL@DF_EPL(1.0),Strictness of employment protection,I,A,Annual,AUS,Australia,EPL_OV,Individual and collective dismissals (regular contracts),0_TO_6,0-6 scale,VERSION3,Version 3 (2008-2019),2011,,1.988095284,,F,Free (free for publication),2,Two,A,Normal value,0,Units
DATAFLOW,OECD.ELS.JAI:DSD_EPL@DF_EPL(1.0),Strictness of employment protection,I,A,Annual,AUT,Austria,EPL_OV,Individual and collective dismissals (regular contracts),0_TO_6,0-6 scale,VERSION3,Version 3 (2008-2019),2011,,2.394557953,,F,Free (free for publication),2,Two,A,Normal value,0,Units
DATAFLOW,OECD.ELS.JAI:DSD_EPL@DF_EPL(1.0),Strictness of employment protection,I,A,Annual,BEL,Belgium,EPL_OV,Individual and collective dismissals (regular contracts),0_TO_6,0-6 scale,VERSION3,Version 3 (2008-2019),2011,,2.912131548,,F,Free (free for publication),2,Two,A,Normal value,0,Units
DATAFLOW,OECD.ELS.JAI:DSD_EPL@DF_EPL(1.0),Strictness of employment protection,I,A,Annual,CAN,Canada,EPL_OV,Individual and collective dismissals (regular contracts),0_TO_6,0-6 scale,VERSION3,Version 3 (2008-2019),2011,,1.314858317,,F,Free (free for publication),2,Two,A,Normal value,0,Units
DATAFLOW,OECD.ELS.JAI:DSD_EPL@DF_EPL(1.0),Strictness of employment protection,I,A,Annual,CHL,Chile,EPL_OV,Individual and collective dismissals (regular contracts),0_TO_6,0-6 scale,VERSION3,Version 3 (2008-2019),2011,,1.839002252,,F,Free (free for publication),2,Two,A,Normal value,0,Units
DATAFLOW,OECD.ELS.JAI:DSD_EPL@DF_EPL(1.0),Strictness of employment protection,I,A,Annual,CZE,Czechia,EPL_OV,Individual and collective dismissals (regular contracts),0_TO_6,0-6 scale,VERSION3,Version 3 (2008-2019),2011,,2.989228964,,F,Free (free for publication),2,Two,A,Normal value,0,Units
DATAFLOW,OECD.ELS.JAI:DSD_EPL@DF_EPL(1.0),Strictness of employment protection,I,A,Annual,DNK,Denmark,EPL_OV,Individual and collective dismissals (regular contracts),0_TO_6,0-6 scale,VERSION3,Version 3 (2008-2019),2011,,1.844104409,,F,Free (free for publication),2,Two,A,Normal value,0,Units
DATAFLOW,OECD.ELS.JAI:DSD_EPL@DF_EPL(1.0),Strictness of employment protection,I,A,Annual,EST,Estonia,EPL_OV,Individual and collective dismissals (regular contracts),0_TO_6,0-6 scale,VERSION3,Version 3 (2008-2019),2011,,2.066326618,,F,Free (free for publication),2,Two,A,Normal value,0,Units
DATAFLOW,OECD.ELS.JAI:DSD_EPL@DF_EPL(1.0),Strictness of employment protection,I,A,Annual,FIN,Finland,EPL_OV,Individual and collective dismissals (regular contracts),0_TO_6,0-6 scale,VERSION3,Version 3 (2008-2019),2011,,2.107142925,,F,Free (free for publication),2,Two,A,Normal value,0,Units
DATAFLOW,OECD.ELS.JAI:DSD_EPL@DF_EPL(1.0),Strictness of employment protection,I,A,Annual,FRA,France,EPL_OV,Individual and collective dismissals (regular contracts),0_TO_6,0-6 scale,VERSION3,Version 3 (2008-2019),2011,,2.831213236,,F,Free (free for publication),2,Two,A,Normal value,0,Units
DATAFLOW,OECD.ELS.JAI:DSD_EPL@DF_EPL(1.0),Strictness of employment protection,I,A,Annual,DEU,Germany,EPL_OV,Individual and collective dismissals (regular contracts),0_TO_6,0-6 scale,VERSION3,Version 3 (2008-2019),2011,,2.78231287,,F,Free (free for publication),2,Two,A,Normal value,0,Units
DATAFLOW,OECD.ELS.JAI:DSD_EPL@DF_EPL(1.0),Strictness of employment protection,I,A,Annual,GRC,Greece,EPL_OV,Individual and collective dismissals (regular contracts),0_TO_6,0-6 scale,VERSION3,Version 3 (2008-2019),2011,,2.527777672,,F,Free (free for publication),2,Two,A,Normal value,0,Units
DATAFLOW,OECD.ELS.JAI:DSD_EPL@DF_EPL(1.0),Strictness of employment protection,I,A,Annual,HUN,Hungary,EPL_OV,Individual and collective dismissals (regular contracts),0_TO_6,0-6 scale,VERSION3,Version 3 (2008-2019),2011,,2.264739275,,F,Free (free for publication),2,Two,A,Normal value,0,Units
DATAFLOW,OECD.ELS.JAI:DSD_EPL@DF_EPL(1.0),Strictness of employment protection,I,A,Annual,IRL,Ireland,EPL_OV,Individual and collective dismissals (regular contracts),0_TO_6,0-6 scale,VERSION3,Version 3 (2008-2019),2011,,1.859410405,,F,Free (free for publication),2,Two,A,Normal value,0,Units
DATAFLOW,OECD.ELS.JAI:DSD_EPL@DF_EPL(1.0),Strictness of employment protection,I,A,Annual,ISR,Israel,EPL_OV,Individual and collective dismissals (regular contracts),0_TO_6,0-6 scale,VERSION3,Version 3 (2008-2019),2011,,2.406462669,,F,Free (free for publication),2,Two,A,Normal value,0,Units
DATAFLOW,OECD.ELS.JAI:DSD_EPL@DF_EPL(1.0),Strictness of employment protection,I,A,Annual,ITA,Italy,EPL_OV,Individual and collective dismissals (regular contracts),0_TO_6,0-6 scale,VERSION3,Version 3 (2008-2019),2011,,3.213718891,,F,Free (free for publication),2,Two,A,Normal value,0,Units
DATAFLOW,OECD.ELS.JAI:DSD_EPL@DF_EPL(1.0),Strictness of employment protection,I,A,Annual,JPN,Japan,EPL_OV,Individual and collective dismissals (regular contracts),0_TO_6,0-6 scale,VERSION3,Version 3 (2008-2019),2011,,2.061224461,,F,Free (free for publication),2,Two,A,Normal value,0,Units
DATAFLOW,OECD.ELS.JAI:DSD_EPL@DF_EPL(1.0),Strictness of employment protection,I,A,Annual,KOR,Korea,EPL_OV,Individual and collective dismissals (regular contracts),0_TO_6,0-6 scale,VERSION3,Version 3 (2008-2019),2011,,2.178571463,,F,Free (free for publication),2,Two,A,Normal value,0,Units
DATAFLOW,OECD.ELS.JAI:DSD_EPL@DF_EPL(1.0),Strictness of employment protection,I,A,Annual,LUX,Luxembourg,EPL_OV,Individual and collective dismissals (regular contracts),0_TO_6,0-6 scale,VERSION3,Version 3 (2008-2019),2011,,2.656689405,,F,Free (free for publication),2,Two,A,Normal value,0,Units
DATAFLOW,OECD.ELS.JAI:DSD_EPL@DF_EPL(1.0),Strictness of employment protection,I,A,Annual,MEX,Mexico,EPL_OV,Individual and collective dismissals (regular contracts),0_TO_6,0-6 scale,VERSION3,Version 3 (2008-2019),2011,,2.801020384,,F,Free (free for publication),2,Two,A,Normal value,0,Units
DATAFLOW,OECD.ELS.JAI:DSD_EPL@DF_EPL(1.0),Strictness of employment protection,I,A,Annual,NLD,Netherlands,EPL_OV,Individual and collective dismissals (regular contracts),0_TO_6,0-6 scale,VERSION3,Version 3 (2008-2019),2011,,3.241496563,,F,Free (free for publication),2,Two,A,Normal value,0,Units
DATAFLOW,OECD.ELS.JAI:DSD_EPL@DF_EPL(1.0),Strictness of employment protection,I,A,Annual,NZL,New Zealand,EPL_OV,Individual and collective dismissals (regular contracts),0_TO_6,0-6 scale,VERSION3,Version 3 (2008-2019),2011,,1.232993126,,F,Free (free for publication),2,Two,A,Normal value,0,Units
DATAFLOW,OECD.ELS.JAI:DSD_EPL@DF_EPL(1.0),Strictness of employment protection,I,A,Annual,NOR,Norway,EPL_OV,Individual and collective dismissals (regular contracts),0_TO_6,0-6 scale,VERSION3,Version 3 (2008-2019),2011,,2.309523821,,F,Free (free for publication),2,Two,A,Normal value,0,Units
DATAFLOW,OECD.ELS.JAI:DSD_EPL@DF_EPL(1.0),Strictness of employment protection,I,A,Annual,POL,Poland,EPL_OV,Individual and collective dismissals (regular contracts),0_TO_6,0-6 scale,VERSION3,Version 3 (2008-2019),2011,,2.434807301,,F,Free (free for publication),2,Two,A,Normal value,0,Units
DATAFLOW,OECD.ELS.JAI:DSD_EPL@DF_EPL(1.0),Strictness of employment protection,I,A,Annual,PRT,Portugal,EPL_OV,Individual and collective dismissals (regular contracts),0_TO_6,0-6 scale,VERSION3,Version 3 (2008-2019),2011,,3.355442047,,F,Free (free for publication),2,Two,A,Normal value,0,Units
DATAFLOW,OECD.ELS.JAI:DSD_EPL@DF_EPL(1.0),Strictness of employment protection,I,A,Annual,SVK,Slovak Republic,EPL_OV,Individual and collective dismissals (regular contracts),0_TO_6,0-6 scale,VERSION3,Version 3 (2008-2019),2011,,3.06349206,,F,Free (free for publication),2,Two,A,Normal value,0,Units
DATAFLOW,OECD.ELS.JAI:DSD_EPL@DF_EPL(1.0),Strictness of employment protection,I,A,Annual,SVN,Slovenia,EPL_OV,Individual and collective dismissals (regular contracts),0_TO_6,0-6 scale,VERSION3,Version 3 (2008-2019),2011,,2.740362883,,F,Free (free for publication),2,Two,A,Normal value,0,Units
DATAFLOW,OECD.ELS.JAI:DSD_EPL@DF_EPL(1.0),Strictness of employment protection,I,A,Annual,ESP,Spain,EPL_OV,Individual and collective dismissals (regular contracts),0_TO_6,0-6 scale,VERSION3,Version 3 (2008-2019),2011,,2.449965954,,F,Free (free for publication),2,Two,A,Normal value,0,Units
DATAFLOW,OECD.ELS.JAI:DSD_EPL@DF_EPL(1.0),Strictness of employment protection,I,A,Annual,SWE,Sweden,EPL_OV,Individual and collective dismissals (regular contracts),0_TO_6,0-6 scale,VERSION3,Version 3 (2008-2019),2011,,2.616496563,,F,Free (free for publication),2,Two,A,Normal value,0,Units
DATAFLOW,OECD.ELS.JAI:DSD_EPL@DF_EPL(1.0),Strictness of employment protection,I,A,Annual,CHE,Switzerland,EPL_OV,Individual and collective dismissals (regular contracts),0_TO_6,0-6 scale,VERSION3,Version 3 (2008-2019),2011,,1.984693885,,F,Free (free for publication),2,Two,A,Normal value,0,Units
DATAFLOW,OECD.ELS.JAI:DSD_EPL@DF_EPL(1.0),Strictness of employment protection,I,A,Annual,TUR,Türkiye,EPL_OV,Individual and collective dismissals (regular contracts),0_TO_6,0-6 scale,VERSION3,Version 3 (2008-2019),2011,,2.732993126,,F,Free (free for publication),2,Two,A,Normal value,0,Units
DATAFLOW,OECD.ELS.JAI:DSD_EPL@DF_EPL(1.0),Strictness of employment protection,I,A,Annual,GBR,United Kingdom,EPL_OV,Individual and collective dismissals (regular contracts),0_TO_6,0-6 scale,VERSION3,Version 3 (2008-2019),2011,,1.770408154,,F,Free (free for publication),2,Two,A,Normal value,0,Units
DATAFLOW,OECD.ELS.JAI:DSD_EPL@DF_EPL(1.0),Strictness of employment protection,I,A,Annual,USA,United States,EPL_OV,Individual and collective dismissals (regular contracts),0_TO_6,0-6 scale,VERSION3,Version 3 (2008-2019),2011,,0.958809495,,F,Free (free for publication),2,Two,A,Normal value,0,Units
DATAFLOW,OECD.ELS.JAI:DSD_EPL@DF_EPL(1.0),Strictness of employment protection,I,A,Annual,BRA,Brazil,EPL_OV,Individual and collective dismissals (regular contracts),0_TO_6,0-6 scale,VERSION3,Version 3 (2008-2019),2011,,1.678004622,,F,Free (free for publication),2,Two,A,Normal value,0,Units
DATAFLOW,OECD.ELS.JAI:DSD_EPL@DF_EPL(1.0),Strictness of employment protection,I,A,Annual,CHN,China (People’s Republic of),EPL_OV,Individual and collective dismissals (regular contracts),0_TO_6,0-6 scale,VERSION3,Version 3 (2008-2019),2011,,3.005668879,,F,Free (free for publication),2,Two,A,Normal value,0,Units
DATAFLOW,OECD.ELS.JAI:DSD_EPL@DF_EPL(1.0),Strictness of employment protection,I,A,Annual,IND,India,EPL_OV,Individual and collective dismissals (regular contracts),0_TO_6,0-6 scale,VERSION3,Version 3 (2008-2019),2011,,2.614795923,,F,Free (free for publication),2,Two,A,Normal value,0,Units
DATAFLOW,OECD.ELS.JAI:DSD_EPL@DF_EPL(1.0),Strictness of employment protection,I,A,Annual,IDN,Indonesia,EPL_OV,Individual and collective dismissals (regular contracts),0_TO_6,0-6 scale,VERSION3,Version 3 (2008-2019),2011,,2.946712017,,F,Free (free for publication),2,Two,A,Normal value,0,Units
DATAFLOW,OECD.ELS.JAI:DSD_EPL@DF_EPL(1.0),Strictness of employment protection,I,A,Annual,XKV,Kosovo,EPL_OV,Individual and collective dismissals (regular contracts),0_TO_6,0-6 scale,VERSION3,Version 3 (2008-2019),2011,,2.083333254,,F,Free (free for publication),2,Two,A,Normal value,0,Units
DATAFLOW,OECD.ELS.JAI:DSD_EPL@DF_EPL(1.0),Strictness of employment protection,I,A,Annual,RUS,Russia,EPL_OV,Individual and collective dismissals (regular contracts),0_TO_6,0-6 scale,VERSION3,Version 3 (2008-2019),2011,,2.473922968,,F,Free (free for publication),2,Two,A,Normal value,0,Units
DATAFLOW,OECD.ELS.JAI:DSD_EPL@DF_EPL(1.0),Strictness of employment protection,I,A,Annual,SAU,Saudi Arabia,EPL_OV,Individual and collective dismissals (regular contracts),0_TO_6,0-6 scale,VERSION3,Version 3 (2008-2019),2011,,1.147392273,,F,Free (free for publication),2,Two,A,Normal value,0,Units
DATAFLOW,OECD.ELS.JAI:DSD_EPL@DF_EPL(1.0),Strictness of employment protection,I,A,Annual,ZAF,South Africa,EPL_OV,Individual and collective dismissals (regular contracts),0_TO_6,0-6 scale,VERSION3,Version 3 (2008-2019),2011,,2.006235838,,F,Free (free for publication),2,Two,A,Normal value,0,Units
DATAFLOW,OECD.ELS.JAI:DSD_EPL@DF_EPL(1.0),Strictness of employment protection,I,A,Annual,THA,Thailand,EPL_OV,Individual and collective dismissals (regular contracts),0_TO_6,0-6 scale,VERSION3,Version 3 (2008-2019),2011,,2.165532827,,F,Free (free for publication),2,Two,A,Normal value,0,Units
DATAFLOW,OECD.ELS.JAI:DSD_EPL@DF_EPL(1.0),Strictness of employment protection,I,A,Annual,AUS,Australia,EPL_OV,Individual and collective dismissals (regular contracts),0_TO_6,0-6 scale,VERSION3,Version 3 (2008-2019),2012,,1.988095284,,F,Free (free for publication),2,Two,A,Normal value,0,Units
DATAFLOW,OECD.ELS.JAI:DSD_EPL@DF_EPL(1.0),Strictness of employment protection,I,A,Annual,AUT,Austria,EPL_OV,Individual and collective dismissals (regular contracts),0_TO_6,0-6 scale,VERSION3,Version 3 (2008-2019),2012,,2.394557953,,F,Free (free for publication),2,Two,A,Normal value,0,Units
DATAFLOW,OECD.ELS.JAI:DSD_EPL@DF_EPL(1.0),Strictness of employment protection,I,A,Annual,BEL,Belgium,EPL_OV,Individual and collective dismissals (regular contracts),0_TO_6,0-6 scale,VERSION3,Version 3 (2008-2019),2012,,2.776077032,,F,Free (free for publication),2,Two,A,Normal value,0,Units
DATAFLOW,OECD.ELS.JAI:DSD_EPL@DF_EPL(1.0),Strictness of employment protection,I,A,Annual,CAN,Canada,EPL_OV,Individual and collective dismissals (regular contracts),0_TO_6,0-6 scale,VERSION3,Version 3 (2008-2019),2012,,1.314858317,,F,Free (free for publication),2,Two,A,Normal value,0,Units
DATAFLOW,OECD.ELS.JAI:DSD_EPL@DF_EPL(1.0),Strictness of employment protection,I,A,Annual,CHL,Chile,EPL_OV,Individual and collective dismissals (regular contracts),0_TO_6,0-6 scale,VERSION3,Version 3 (2008-2019),2012,,1.839002252,,F,Free (free for publication),2,Two,A,Normal value,0,Units
DATAFLOW,OECD.ELS.JAI:DSD_EPL@DF_EPL(1.0),Strictness of employment protection,I,A,Annual,CZE,Czechia,EPL_OV,Individual and collective dismissals (regular contracts),0_TO_6,0-6 scale,VERSION3,Version 3 (2008-2019),2012,,2.898526192,,F,Free (free for publication),2,Two,A,Normal value,0,Units
DATAFLOW,OECD.ELS.JAI:DSD_EPL@DF_EPL(1.0),Strictness of employment protection,I,A,Annual,DNK,Denmark,EPL_OV,Individual and collective dismissals (regular contracts),0_TO_6,0-6 scale,VERSION3,Version 3 (2008-2019),2012,,1.844104409,,F,Free (free for publication),2,Two,A,Normal value,0,Units
DATAFLOW,OECD.ELS.JAI:DSD_EPL@DF_EPL(1.0),Strictness of employment protection,I,A,Annual,EST,Estonia,EPL_OV,Individual and collective dismissals (regular contracts),0_TO_6,0-6 scale,VERSION3,Version 3 (2008-2019),2012,,2.066326618,,F,Free (free for publication),2,Two,A,Normal value,0,Units
DATAFLOW,OECD.ELS.JAI:DSD_EPL@DF_EPL(1.0),Strictness of employment protection,I,A,Annual,FIN,Finland,EPL_OV,Individual and collective dismissals (regular contracts),0_TO_6,0-6 scale,VERSION3,Version 3 (2008-2019),2012,,2.107142925,,F,Free (free for publication),2,Two,A,Normal value,0,Units
DATAFLOW,OECD.ELS.JAI:DSD_EPL@DF_EPL(1.0),Strictness of employment protection,I,A,Annual,FRA,France,EPL_OV,Individual and collective dismissals (regular contracts),0_TO_6,0-6 scale,VERSION3,Version 3 (2008-2019),2012,,2.831213236,,F,Free (free for publication),2,Two,A,Normal value,0,Units
DATAFLOW,OECD.ELS.JAI:DSD_EPL@DF_EPL(1.0),Strictness of employment protection,I,A,Annual,DEU,Germany,EPL_OV,Individual and collective dismissals (regular contracts),0_TO_6,0-6 scale,VERSION3,Version 3 (2008-2019),2012,,2.78231287,,F,Free (free for publication),2,Two,A,Normal value,0,Units
DATAFLOW,OECD.ELS.JAI:DSD_EPL@DF_EPL(1.0),Strictness of employment protection,I,A,Annual,GRC,Greece,EPL_OV,Individual and collective dismissals (regular contracts),0_TO_6,0-6 scale,VERSION3,Version 3 (2008-2019),2012,,2.527777672,,F,Free (free for publication),2,Two,A,Normal value,0,Units
DATAFLOW,OECD.ELS.JAI:DSD_EPL@DF_EPL(1.0),Strictness of employment protection,I,A,Annual,HUN,Hungary,EPL_OV,Individual and collective dismissals (regular contracts),0_TO_6,0-6 scale,VERSION3,Version 3 (2008-2019),2012,,2.264739275,,F,Free (free for publication),2,Two,A,Normal value,0,Units
DATAFLOW,OECD.ELS.JAI:DSD_EPL@DF_EPL(1.0),Strictness of employment protection,I,A,Annual,IRL,Ireland,EPL_OV,Individual and collective dismissals (regular contracts),0_TO_6,0-6 scale,VERSION3,Version 3 (2008-2019),2012,,1.950113416,,F,Free (free for publication),2,Two,A,Normal value,0,Units
DATAFLOW,OECD.ELS.JAI:DSD_EPL@DF_EPL(1.0),Strictness of employment protection,I,A,Annual,ISR,Israel,EPL_OV,Individual and collective dismissals (regular contracts),0_TO_6,0-6 scale,VERSION3,Version 3 (2008-2019),2012,,2.406462669,,F,Free (free for publication),2,Two,A,Normal value,0,Units
DATAFLOW,OECD.ELS.JAI:DSD_EPL@DF_EPL(1.0),Strictness of employment protection,I,A,Annual,ITA,Italy,EPL_OV,Individual and collective dismissals (regular contracts),0_TO_6,0-6 scale,VERSION3,Version 3 (2008-2019),2012,,3.213718891,,F,Free (free for publication),2,Two,A,Normal value,0,Units
DATAFLOW,OECD.ELS.JAI:DSD_EPL@DF_EPL(1.0),Strictness of employment protection,I,A,Annual,JPN,Japan,EPL_OV,Individual and collective dismissals (regular contracts),0_TO_6,0-6 scale,VERSION3,Version 3 (2008-2019),2012,,2.061224461,,F,Free (free for publication),2,Two,A,Normal value,0,Units
DATAFLOW,OECD.ELS.JAI:DSD_EPL@DF_EPL(1.0),Strictness of employment protection,I,A,Annual,KOR,Korea,EPL_OV,Individual and collective dismissals (regular contracts),0_TO_6,0-6 scale,VERSION3,Version 3 (2008-2019),2012,,2.178571463,,F,Free (free for publication),2,Two,A,Normal value,0,Units
DATAFLOW,OECD.ELS.JAI:DSD_EPL@DF_EPL(1.0),Strictness of employment protection,I,A,Annual,LVA,Latvia,EPL_OV,Individual and collective dismissals (regular contracts),0_TO_6,0-6 scale,VERSION3,Version 3 (2008-2019),2012,,3.097505808,,F,Free (free for publication),2,Two,A,Normal value,0,Units
DATAFLOW,OECD.ELS.JAI:DSD_EPL@DF_EPL(1.0),Strictness of employment protection,I,A,Annual,LUX,Luxembourg,EPL_OV,Individual and collective dismissals (regular contracts),0_TO_6,0-6 scale,VERSION3,Version 3 (2008-2019),2012,,2.656689405,,F,Free (free for publication),2,Two,A,Normal value,0,Units
DATAFLOW,OECD.ELS.JAI:DSD_EPL@DF_EPL(1.0),Strictness of employment protection,I,A,Annual,MEX,Mexico,EPL_OV,Individual and collective dismissals (regular contracts),0_TO_6,0-6 scale,VERSION3,Version 3 (2008-2019),2012,,2.801020384,,F,Free (free for publication),2,Two,A,Normal value,0,Units
DATAFLOW,OECD.ELS.JAI:DSD_EPL@DF_EPL(1.0),Strictness of employment protection,I,A,Annual,NLD,Netherlands,EPL_OV,Individual and collective dismissals (regular contracts),0_TO_6,0-6 scale,VERSION3,Version 3 (2008-2019),2012,,3.241496563,,F,Free (free for publication),2,Two,A,Normal value,0,Units
DATAFLOW,OECD.ELS.JAI:DSD_EPL@DF_EPL(1.0),Strictness of employment protection,I,A,Annual,NZL,New Zealand,EPL_OV,Individual and collective dismissals (regular contracts),0_TO_6,0-6 scale,VERSION3,Version 3 (2008-2019),2012,,1.137755036,,F,Free (free for publication),2,Two,A,Normal value,0,Units
DATAFLOW,OECD.ELS.JAI:DSD_EPL@DF_EPL(1.0),Strictness of employment protection,I,A,Annual,NOR,Norway,EPL_OV,Individual and collective dismissals (regular contracts),0_TO_6,0-6 scale,VERSION3,Version 3 (2008-2019),2012,,2.309523821,,F,Free (free for publication),2,Two,A,Normal value,0,Units
DATAFLOW,OECD.ELS.JAI:DSD_EPL@DF_EPL(1.0),Strictness of employment protection,I,A,Annual,POL,Poland,EPL_OV,Individual and collective dismissals (regular contracts),0_TO_6,0-6 scale,VERSION3,Version 3 (2008-2019),2012,,2.434807301,,F,Free (free for publication),2,Two,A,Normal value,0,Units
DATAFLOW,OECD.ELS.JAI:DSD_EPL@DF_EPL(1.0),Strictness of employment protection,I,A,Annual,PRT,Portugal,EPL_OV,Individual and collective dismissals (regular contracts),0_TO_6,0-6 scale,VERSION3,Version 3 (2008-2019),2012,,2.947278976,,F,Free (free for publication),2,Two,A,Normal value,0,Units
DATAFLOW,OECD.ELS.JAI:DSD_EPL@DF_EPL(1.0),Strictness of employment protection,I,A,Annual,SVK,Slovak Republic,EPL_OV,Individual and collective dismissals (regular contracts),0_TO_6,0-6 scale,VERSION3,Version 3 (2008-2019),2012,,2.593537569,,F,Free (free for publication),2,Two,A,Normal value,0,Units
DATAFLOW,OECD.ELS.JAI:DSD_EPL@DF_EPL(1.0),Strictness of employment protection,I,A,Annual,SVN,Slovenia,EPL_OV,Individual and collective dismissals (regular contracts),0_TO_6,0-6 scale,VERSION3,Version 3 (2008-2019),2012,,2.740362883,,F,Free (free for publication),2,Two,A,Normal value,0,Units
DATAFLOW,OECD.ELS.JAI:DSD_EPL@DF_EPL(1.0),Strictness of employment protection,I,A,Annual,ESP,Spain,EPL_OV,Individual and collective dismissals (regular contracts),0_TO_6,0-6 scale,VERSION3,Version 3 (2008-2019),2012,,2.449965954,,F,Free (free for publication),2,Two,A,Normal value,0,Units
DATAFLOW,OECD.ELS.JAI:DSD_EPL@DF_EPL(1.0),Strictness of employment protection,I,A,Annual,SWE,Sweden,EPL_OV,Individual and collective dismissals (regular contracts),0_TO_6,0-6 scale,VERSION3,Version 3 (2008-2019),2012,,2.616496563,,F,Free (free for publication),2,Two,A,Normal value,0,Units
DATAFLOW,OECD.ELS.JAI:DSD_EPL@DF_EPL(1.0),Strictness of employment protection,I,A,Annual,CHE,Switzerland,EPL_OV,Individual and collective dismissals (regular contracts),0_TO_6,0-6 scale,VERSION3,Version 3 (2008-2019),2012,,1.984693885,,F,Free (free for publication),2,Two,A,Normal value,0,Units
DATAFLOW,OECD.ELS.JAI:DSD_EPL@DF_EPL(1.0),Strictness of employment protection,I,A,Annual,TUR,Türkiye,EPL_OV,Individual and collective dismissals (regular contracts),0_TO_6,0-6 scale,VERSION3,Version 3 (2008-2019),2012,,2.732993126,,F,Free (free for publication),2,Two,A,Normal value,0,Units
DATAFLOW,OECD.ELS.JAI:DSD_EPL@DF_EPL(1.0),Strictness of employment protection,I,A,Annual,GBR,United Kingdom,EPL_OV,Individual and collective dismissals (regular contracts),0_TO_6,0-6 scale,VERSION3,Version 3 (2008-2019),2012,,1.770408154,,F,Free (free for publication),2,Two,A,Normal value,0,Units
DATAFLOW,OECD.ELS.JAI:DSD_EPL@DF_EPL(1.0),Strictness of employment protection,I,A,Annual,USA,United States,EPL_OV,Individual and collective dismissals (regular contracts),0_TO_6,0-6 scale,VERSION3,Version 3 (2008-2019),2012,,0.958809495,,F,Free (free for publication),2,Two,A,Normal value,0,Units
DATAFLOW,OECD.ELS.JAI:DSD_EPL@DF_EPL(1.0),Strictness of employment protection,I,A,Annual,ARG,Argentina,EPL_OV,Individual and collective dismissals (regular contracts),0_TO_6,0-6 scale,VERSION3,Version 3 (2008-2019),2012,,2.559671402,,F,Free (free for publication),2,Two,A,Normal value,0,Units
DATAFLOW,OECD.ELS.JAI:DSD_EPL@DF_EPL(1.0),Strictness of employment protection,I,A,Annual,BRA,Brazil,EPL_OV,Individual and collective dismissals (regular contracts),0_TO_6,0-6 scale,VERSION3,Version 3 (2008-2019),2012,,1.746031761,,F,Free (free for publication),2,Two,A,Normal value,0,Units
DATAFLOW,OECD.ELS.JAI:DSD_EPL@DF_EPL(1.0),Strictness of employment protection,I,A,Annual,CHN,China (People’s Republic of),EPL_OV,Individual and collective dismissals (regular contracts),0_TO_6,0-6 scale,VERSION3,Version 3 (2008-2019),2012,,3.005668879,,F,Free (free for publication),2,Two,A,Normal value,0,Units
DATAFLOW,OECD.ELS.JAI:DSD_EPL@DF_EPL(1.0),Strictness of employment protection,I,A,Annual,IND,India,EPL_OV,Individual and collective dismissals (regular contracts),0_TO_6,0-6 scale,VERSION3,Version 3 (2008-2019),2012,,2.614795923,,F,Free (free for publication),2,Two,A,Normal value,0,Units
DATAFLOW,OECD.ELS.JAI:DSD_EPL@DF_EPL(1.0),Strictness of employment protection,I,A,Annual,IDN,Indonesia,EPL_OV,Individual and collective dismissals (regular contracts),0_TO_6,0-6 scale,VERSION3,Version 3 (2008-2019),2012,,2.946712017,,F,Free (free for publication),2,Two,A,Normal value,0,Units
DATAFLOW,OECD.ELS.JAI:DSD_EPL@DF_EPL(1.0),Strictness of employment protection,I,A,Annual,XKV,Kosovo,EPL_OV,Individual and collective dismissals (regular contracts),0_TO_6,0-6 scale,VERSION3,Version 3 (2008-2019),2012,,2.083333254,,F,Free (free for publication),2,Two,A,Normal value,0,Units
DATAFLOW,OECD.ELS.JAI:DSD_EPL@DF_EPL(1.0),Strictness of employment protection,I,A,Annual,RUS,Russia,EPL_OV,Individual and collective dismissals (regular contracts),0_TO_6,0-6 scale,VERSION3,Version 3 (2008-2019),2012,,2.473922968,,F,Free (free for publication),2,Two,A,Normal value,0,Units
DATAFLOW,OECD.ELS.JAI:DSD_EPL@DF_EPL(1.0),Strictness of employment protection,I,A,Annual,SAU,Saudi Arabia,EPL_OV,Individual and collective dismissals (regular contracts),0_TO_6,0-6 scale,VERSION3,Version 3 (2008-2019),2012,,1.147392273,,F,Free (free for publication),2,Two,A,Normal value,0,Units
DATAFLOW,OECD.ELS.JAI:DSD_EPL@DF_EPL(1.0),Strictness of employment protection,I,A,Annual,ZAF,South Africa,EPL_OV,Individual and collective dismissals (regular contracts),0_TO_6,0-6 scale,VERSION3,Version 3 (2008-2019),2012,,2.006235838,,F,Free (free for publication),2,Two,A,Normal value,0,Units
DATAFLOW,OECD.ELS.JAI:DSD_EPL@DF_EPL(1.0),Strictness of employment protection,I,A,Annual,THA,Thailand,EPL_OV,Individual and collective dismissals (regular contracts),0_TO_6,0-6 scale,VERSION3,Version 3 (2008-2019),2012,,2.165532827,,F,Free (free for publication),2,Two,A,Normal value,0,Units
DATAFLOW,OECD.ELS.JAI:DSD_EPL@DF_EPL(1.0),Strictness of employment protection,I,A,Annual,AUS,Australia,EPL_OV,Individual and collective dismissals (regular contracts),0_TO_6,0-6 scale,VERSION3,Version 3 (2008-2019),2013,,1.940476179,,F,Free (free for publication),2,Two,A,Normal value,0,Units
DATAFLOW,OECD.ELS.JAI:DSD_EPL@DF_EPL(1.0),Strictness of employment protection,I,A,Annual,AUT,Austria,EPL_OV,Individual and collective dismissals (regular contracts),0_TO_6,0-6 scale,VERSION3,Version 3 (2008-2019),2013,,2.394557953,,F,Free (free for publication),2,Two,A,Normal value,0,Units
DATAFLOW,OECD.ELS.JAI:DSD_EPL@DF_EPL(1.0),Strictness of employment protection,I,A,Annual,BEL,Belgium,EPL_OV,Individual and collective dismissals (regular contracts),0_TO_6,0-6 scale,VERSION3,Version 3 (2008-2019),2013,,2.776077032,,F,Free (free for publication),2,Two,A,Normal value,0,Units
DATAFLOW,OECD.ELS.JAI:DSD_EPL@DF_EPL(1.0),Strictness of employment protection,I,A,Annual,CAN,Canada,EPL_OV,Individual and collective dismissals (regular contracts),0_TO_6,0-6 scale,VERSION3,Version 3 (2008-2019),2013,,1.314858317,,F,Free (free for publication),2,Two,A,Normal value,0,Units
DATAFLOW,OECD.ELS.JAI:DSD_EPL@DF_EPL(1.0),Strictness of employment protection,I,A,Annual,CHL,Chile,EPL_OV,Individual and collective dismissals (regular contracts),0_TO_6,0-6 scale,VERSION3,Version 3 (2008-2019),2013,,1.839002252,,F,Free (free for publication),2,Two,A,Normal value,0,Units
DATAFLOW,OECD.ELS.JAI:DSD_EPL@DF_EPL(1.0),Strictness of employment protection,I,A,Annual,CZE,Czechia,EPL_OV,Individual and collective dismissals (regular contracts),0_TO_6,0-6 scale,VERSION3,Version 3 (2008-2019),2013,,2.898526192,,F,Free (free for publication),2,Two,A,Normal value,0,Units
DATAFLOW,OECD.ELS.JAI:DSD_EPL@DF_EPL(1.0),Strictness of employment protection,I,A,Annual,DNK,Denmark,EPL_OV,Individual and collective dismissals (regular contracts),0_TO_6,0-6 scale,VERSION3,Version 3 (2008-2019),2013,,1.844104409,,F,Free (free for publication),2,Two,A,Normal value,0,Units
DATAFLOW,OECD.ELS.JAI:DSD_EPL@DF_EPL(1.0),Strictness of employment protection,I,A,Annual,EST,Estonia,EPL_OV,Individual and collective dismissals (regular contracts),0_TO_6,0-6 scale,VERSION3,Version 3 (2008-2019),2013,,2.066326618,,F,Free (free for publication),2,Two,A,Normal value,0,Units
DATAFLOW,OECD.ELS.JAI:DSD_EPL@DF_EPL(1.0),Strictness of employment protection,I,A,Annual,FIN,Finland,EPL_OV,Individual and collective dismissals (regular contracts),0_TO_6,0-6 scale,VERSION3,Version 3 (2008-2019),2013,,2.107142925,,F,Free (free for publication),2,Two,A,Normal value,0,Units
DATAFLOW,OECD.ELS.JAI:DSD_EPL@DF_EPL(1.0),Strictness of employment protection,I,A,Annual,FRA,France,EPL_OV,Individual and collective dismissals (regular contracts),0_TO_6,0-6 scale,VERSION3,Version 3 (2008-2019),2013,,2.831213236,,F,Free (free for publication),2,Two,A,Normal value,0,Units
DATAFLOW,OECD.ELS.JAI:DSD_EPL@DF_EPL(1.0),Strictness of employment protection,I,A,Annual,DEU,Germany,EPL_OV,Individual and collective dismissals (regular contracts),0_TO_6,0-6 scale,VERSION3,Version 3 (2008-2019),2013,,2.78231287,,F,Free (free for publication),2,Two,A,Normal value,0,Units
DATAFLOW,OECD.ELS.JAI:DSD_EPL@DF_EPL(1.0),Strictness of employment protection,I,A,Annual,GRC,Greece,EPL_OV,Individual and collective dismissals (regular contracts),0_TO_6,0-6 scale,VERSION3,Version 3 (2008-2019),2013,,2.493764162,,F,Free (free for publication),2,Two,A,Normal value,0,Units
DATAFLOW,OECD.ELS.JAI:DSD_EPL@DF_EPL(1.0),Strictness of employment protection,I,A,Annual,HUN,Hungary,EPL_OV,Individual and collective dismissals (regular contracts),0_TO_6,0-6 scale,VERSION3,Version 3 (2008-2019),2013,,2.074263096,,F,Free (free for publication),2,Two,A,Normal value,0,Units
DATAFLOW,OECD.ELS.JAI:DSD_EPL@DF_EPL(1.0),Strictness of employment protection,I,A,Annual,ISL,Iceland,EPL_OV,Individual and collective dismissals (regular contracts),0_TO_6,0-6 scale,VERSION3,Version 3 (2008-2019),2013,,2.160430908,,F,Free (free for publication),2,Two,A,Normal value,0,Units
DATAFLOW,OECD.ELS.JAI:DSD_EPL@DF_EPL(1.0),Strictness of employment protection,I,A,Annual,IRL,Ireland,EPL_OV,Individual and collective dismissals (regular contracts),0_TO_6,0-6 scale,VERSION3,Version 3 (2008-2019),2013,,1.950113416,,F,Free (free for publication),2,Two,A,Normal value,0,Units
DATAFLOW,OECD.ELS.JAI:DSD_EPL@DF_EPL(1.0),Strictness of employment protection,I,A,Annual,ISR,Israel,EPL_OV,Individual and collective dismissals (regular contracts),0_TO_6,0-6 scale,VERSION3,Version 3 (2008-2019),2013,,2.406462669,,F,Free (free for publication),2,Two,A,Normal value,0,Units
DATAFLOW,OECD.ELS.JAI:DSD_EPL@DF_EPL(1.0),Strictness of employment protection,I,A,Annual,ITA,Italy,EPL_OV,Individual and collective dismissals (regular contracts),0_TO_6,0-6 scale,VERSION3,Version 3 (2008-2019),2013,,3.070861578,,F,Free (free for publication),2,Two,A,Normal value,0,Units
DATAFLOW,OECD.ELS.JAI:DSD_EPL@DF_EPL(1.0),Strictness of employment protection,I,A,Annual,JPN,Japan,EPL_OV,Individual and collective dismissals (regular contracts),0_TO_6,0-6 scale,VERSION3,Version 3 (2008-2019),2013,,2.061224461,,F,Free (free for publication),2,Two,A,Normal value,0,Units
DATAFLOW,OECD.ELS.JAI:DSD_EPL@DF_EPL(1.0),Strictness of employment protection,I,A,Annual,KOR,Korea,EPL_OV,Individual and collective dismissals (regular contracts),0_TO_6,0-6 scale,VERSION3,Version 3 (2008-2019),2013,,2.178571463,,F,Free (free for publication),2,Two,A,Normal value,0,Units
DATAFLOW,OECD.ELS.JAI:DSD_EPL@DF_EPL(1.0),Strictness of employment protection,I,A,Annual,LVA,Latvia,EPL_OV,Individual and collective dismissals (regular contracts),0_TO_6,0-6 scale,VERSION3,Version 3 (2008-2019),2013,,3.097505808,,F,Free (free for publication),2,Two,A,Normal value,0,Units
DATAFLOW,OECD.ELS.JAI:DSD_EPL@DF_EPL(1.0),Strictness of employment protection,I,A,Annual,LUX,Luxembourg,EPL_OV,Individual and collective dismissals (regular contracts),0_TO_6,0-6 scale,VERSION3,Version 3 (2008-2019),2013,,2.656689405,,F,Free (free for publication),2,Two,A,Normal value,0,Units
DATAFLOW,OECD.ELS.JAI:DSD_EPL@DF_EPL(1.0),Strictness of employment protection,I,A,Annual,MEX,Mexico,EPL_OV,Individual and collective dismissals (regular contracts),0_TO_6,0-6 scale,VERSION3,Version 3 (2008-2019),2013,,2.705782413,,F,Free (free for publication),2,Two,A,Normal value,0,Units
DATAFLOW,OECD.ELS.JAI:DSD_EPL@DF_EPL(1.0),Strictness of employment protection,I,A,Annual,NLD,Netherlands,EPL_OV,Individual and collective dismissals (regular contracts),0_TO_6,0-6 scale,VERSION3,Version 3 (2008-2019),2013,,3.295068026,,F,Free (free for publication),2,Two,A,Normal value,0,Units
DATAFLOW,OECD.ELS.JAI:DSD_EPL@DF_EPL(1.0),Strictness of employment protection,I,A,Annual,NZL,New Zealand,EPL_OV,Individual and collective dismissals (regular contracts),0_TO_6,0-6 scale,VERSION3,Version 3 (2008-2019),2013,,1.137755036,,F,Free (free for publication),2,Two,A,Normal value,0,Units
DATAFLOW,OECD.ELS.JAI:DSD_EPL@DF_EPL(1.0),Strictness of employment protection,I,A,Annual,NOR,Norway,EPL_OV,Individual and collective dismissals (regular contracts),0_TO_6,0-6 scale,VERSION3,Version 3 (2008-2019),2013,,2.309523821,,F,Free (free for publication),2,Two,A,Normal value,0,Units
DATAFLOW,OECD.ELS.JAI:DSD_EPL@DF_EPL(1.0),Strictness of employment protection,I,A,Annual,POL,Poland,EPL_OV,Individual and collective dismissals (regular contracts),0_TO_6,0-6 scale,VERSION3,Version 3 (2008-2019),2013,,2.434807301,,F,Free (free for publication),2,Two,A,Normal value,0,Units
DATAFLOW,OECD.ELS.JAI:DSD_EPL@DF_EPL(1.0),Strictness of employment protection,I,A,Annual,PRT,Portugal,EPL_OV,Individual and collective dismissals (regular contracts),0_TO_6,0-6 scale,VERSION3,Version 3 (2008-2019),2013,,2.852040768,,F,Free (free for publication),2,Two,A,Normal value,0,Units
DATAFLOW,OECD.ELS.JAI:DSD_EPL@DF_EPL(1.0),Strictness of employment protection,I,A,Annual,SVK,Slovak Republic,EPL_OV,Individual and collective dismissals (regular contracts),0_TO_6,0-6 scale,VERSION3,Version 3 (2008-2019),2013,,2.684240341,,F,Free (free for publication),2,Two,A,Normal value,0,Units
DATAFLOW,OECD.ELS.JAI:DSD_EPL@DF_EPL(1.0),Strictness of employment protection,I,A,Annual,SVN,Slovenia,EPL_OV,Individual and collective dismissals (regular contracts),0_TO_6,0-6 scale,VERSION3,Version 3 (2008-2019),2013,,2.740362883,,F,Free (free for publication),2,Two,A,Normal value,0,Units
DATAFLOW,OECD.ELS.JAI:DSD_EPL@DF_EPL(1.0),Strictness of employment protection,I,A,Annual,ESP,Spain,EPL_OV,Individual and collective dismissals (regular contracts),0_TO_6,0-6 scale,VERSION3,Version 3 (2008-2019),2013,,2.199965954,,F,Free (free for publication),2,Two,A,Normal value,0,Units
DATAFLOW,OECD.ELS.JAI:DSD_EPL@DF_EPL(1.0),Strictness of employment protection,I,A,Annual,SWE,Sweden,EPL_OV,Individual and collective dismissals (regular contracts),0_TO_6,0-6 scale,VERSION3,Version 3 (2008-2019),2013,,2.616496563,,F,Free (free for publication),2,Two,A,Normal value,0,Units
DATAFLOW,OECD.ELS.JAI:DSD_EPL@DF_EPL(1.0),Strictness of employment protection,I,A,Annual,CHE,Switzerland,EPL_OV,Individual and collective dismissals (regular contracts),0_TO_6,0-6 scale,VERSION3,Version 3 (2008-2019),2013,,1.984693885,,F,Free (free for publication),2,Two,A,Normal value,0,Units
DATAFLOW,OECD.ELS.JAI:DSD_EPL@DF_EPL(1.0),Strictness of employment protection,I,A,Annual,TUR,Türkiye,EPL_OV,Individual and collective dismissals (regular contracts),0_TO_6,0-6 scale,VERSION3,Version 3 (2008-2019),2013,,2.732993126,,F,Free (free for publication),2,Two,A,Normal value,0,Units
DATAFLOW,OECD.ELS.JAI:DSD_EPL@DF_EPL(1.0),Strictness of employment protection,I,A,Annual,GBR,United Kingdom,EPL_OV,Individual and collective dismissals (regular contracts),0_TO_6,0-6 scale,VERSION3,Version 3 (2008-2019),2013,,1.675170064,,F,Free (free for publication),2,Two,A,Normal value,0,Units
DATAFLOW,OECD.ELS.JAI:DSD_EPL@DF_EPL(1.0),Strictness of employment protection,I,A,Annual,USA,United States,EPL_OV,Individual and collective dismissals (regular contracts),0_TO_6,0-6 scale,VERSION3,Version 3 (2008-2019),2013,,0.958809495,,F,Free (free for publication),2,Two,A,Normal value,0,Units
DATAFLOW,OECD.ELS.JAI:DSD_EPL@DF_EPL(1.0),Strictness of employment protection,I,A,Annual,ARG,Argentina,EPL_OV,Individual and collective dismissals (regular contracts),0_TO_6,0-6 scale,VERSION3,Version 3 (2008-2019),2013,,2.559671402,,F,Free (free for publication),2,Two,A,Normal value,0,Units
DATAFLOW,OECD.ELS.JAI:DSD_EPL@DF_EPL(1.0),Strictness of employment protection,I,A,Annual,XKV,Kosovo,EPL_OV,Individual and collective dismissals (regular contracts),0_TO_6,0-6 scale,VERSION3,Version 3 (2008-2019),2013,,2.083333254,,F,Free (free for publication),2,Two,A,Normal value,0,Units
DATAFLOW,OECD.ELS.JAI:DSD_EPL@DF_EPL(1.0),Strictness of employment protection,I,A,Annual,MYS,Malaysia,EPL_OV,Individual and collective dismissals (regular contracts),0_TO_6,0-6 scale,VERSION3,Version 3 (2008-2019),2013,,1.934240341,,F,Free (free for publication),2,Two,A,Normal value,0,Units
DATAFLOW,OECD.ELS.JAI:DSD_EPL@DF_EPL(1.0),Strictness of employment protection,I,A,Annual,MNE,Montenegro,EPL_OV,Individual and collective dismissals (regular contracts),0_TO_6,0-6 scale,VERSION3,Version 3 (2008-2019),2013,,2.876984119,,F,Free (free for publication),2,Two,A,Normal value,0,Units
DATAFLOW,OECD.ELS.JAI:DSD_EPL@DF_EPL(1.0),Strictness of employment protection,I,A,Annual,THA,Thailand,EPL_OV,Individual and collective dismissals (regular contracts),0_TO_6,0-6 scale,VERSION3,Version 3 (2008-2019),2013,,2.165532827,,F,Free (free for publication),2,Two,A,Normal value,0,Units
DATAFLOW,OECD.ELS.JAI:DSD_EPL@DF_EPL(1.0),Strictness of employment protection,I,A,Annual,TUN,Tunisia,EPL_OV,Individual and collective dismissals (regular contracts),0_TO_6,0-6 scale,VERSION3,Version 3 (2008-2019),2013,,1.947845697,,F,Free (free for publication),2,Two,A,Normal value,0,Units
DATAFLOW,OECD.ELS.JAI:DSD_EPL@DF_EPL(1.0),Strictness of employment protection,I,A,Annual,AUS,Australia,EPL_OV,Individual and collective dismissals (regular contracts),0_TO_6,0-6 scale,VERSION3,Version 3 (2008-2019),2014,,1.940476179,,F,Free (free for publication),2,Two,A,Normal value,0,Units
DATAFLOW,OECD.ELS.JAI:DSD_EPL@DF_EPL(1.0),Strictness of employment protection,I,A,Annual,AUT,Austria,EPL_OV,Individual and collective dismissals (regular contracts),0_TO_6,0-6 scale,VERSION3,Version 3 (2008-2019),2014,,2.394557953,,F,Free (free for publication),2,Two,A,Normal value,0,Units
DATAFLOW,OECD.ELS.JAI:DSD_EPL@DF_EPL(1.0),Strictness of employment protection,I,A,Annual,BEL,Belgium,EPL_OV,Individual and collective dismissals (regular contracts),0_TO_6,0-6 scale,VERSION3,Version 3 (2008-2019),2014,,2.786281109,,F,Free (free for publication),2,Two,A,Normal value,0,Units
DATAFLOW,OECD.ELS.JAI:DSD_EPL@DF_EPL(1.0),Strictness of employment protection,I,A,Annual,CAN,Canada,EPL_OV,Individual and collective dismissals (regular contracts),0_TO_6,0-6 scale,VERSION3,Version 3 (2008-2019),2014,,1.314858317,,F,Free (free for publication),2,Two,A,Normal value,0,Units
DATAFLOW,OECD.ELS.JAI:DSD_EPL@DF_EPL(1.0),Strictness of employment protection,I,A,Annual,CHL,Chile,EPL_OV,Individual and collective dismissals (regular contracts),0_TO_6,0-6 scale,VERSION3,Version 3 (2008-2019),2014,,1.839002252,,F,Free (free for publication),2,Two,A,Normal value,0,Units
DATAFLOW,OECD.ELS.JAI:DSD_EPL@DF_EPL(1.0),Strictness of employment protection,I,A,Annual,COL,Colombia,EPL_OV,Individual and collective dismissals (regular contracts),0_TO_6,0-6 scale,VERSION3,Version 3 (2008-2019),2014,,2.433106422,,F,Free (free for publication),2,Two,A,Normal value,0,Units
DATAFLOW,OECD.ELS.JAI:DSD_EPL@DF_EPL(1.0),Strictness of employment protection,I,A,Annual,CRI,Costa Rica,EPL_OV,Individual and collective dismissals (regular contracts),0_TO_6,0-6 scale,VERSION3,Version 3 (2008-2019),2014,,0.487528354,,F,Free (free for publication),2,Two,A,Normal value,0,Units
DATAFLOW,OECD.ELS.JAI:DSD_EPL@DF_EPL(1.0),Strictness of employment protection,I,A,Annual,CZE,Czechia,EPL_OV,Individual and collective dismissals (regular contracts),0_TO_6,0-6 scale,VERSION3,Version 3 (2008-2019),2014,,2.898526192,,F,Free (free for publication),2,Two,A,Normal value,0,Units
DATAFLOW,OECD.ELS.JAI:DSD_EPL@DF_EPL(1.0),Strictness of employment protection,I,A,Annual,DNK,Denmark,EPL_OV,Individual and collective dismissals (regular contracts),0_TO_6,0-6 scale,VERSION3,Version 3 (2008-2019),2014,,1.844104409,,F,Free (free for publication),2,Two,A,Normal value,0,Units
DATAFLOW,OECD.ELS.JAI:DSD_EPL@DF_EPL(1.0),Strictness of employment protection,I,A,Annual,EST,Estonia,EPL_OV,Individual and collective dismissals (regular contracts),0_TO_6,0-6 scale,VERSION3,Version 3 (2008-2019),2014,,2.066326618,,F,Free (free for publication),2,Two,A,Normal value,0,Units
DATAFLOW,OECD.ELS.JAI:DSD_EPL@DF_EPL(1.0),Strictness of employment protection,I,A,Annual,FIN,Finland,EPL_OV,Individual and collective dismissals (regular contracts),0_TO_6,0-6 scale,VERSION3,Version 3 (2008-2019),2014,,2.107142925,,F,Free (free for publication),2,Two,A,Normal value,0,Units
DATAFLOW,OECD.ELS.JAI:DSD_EPL@DF_EPL(1.0),Strictness of employment protection,I,A,Annual,FRA,France,EPL_OV,Individual and collective dismissals (regular contracts),0_TO_6,0-6 scale,VERSION3,Version 3 (2008-2019),2014,,2.831213236,,F,Free (free for publication),2,Two,A,Normal value,0,Units
DATAFLOW,OECD.ELS.JAI:DSD_EPL@DF_EPL(1.0),Strictness of employment protection,I,A,Annual,DEU,Germany,EPL_OV,Individual and collective dismissals (regular contracts),0_TO_6,0-6 scale,VERSION3,Version 3 (2008-2019),2014,,2.78231287,,F,Free (free for publication),2,Two,A,Normal value,0,Units
DATAFLOW,OECD.ELS.JAI:DSD_EPL@DF_EPL(1.0),Strictness of employment protection,I,A,Annual,GRC,Greece,EPL_OV,Individual and collective dismissals (regular contracts),0_TO_6,0-6 scale,VERSION3,Version 3 (2008-2019),2014,,2.493764162,,F,Free (free for publication),2,Two,A,Normal value,0,Units
DATAFLOW,OECD.ELS.JAI:DSD_EPL@DF_EPL(1.0),Strictness of employment protection,I,A,Annual,HUN,Hungary,EPL_OV,Individual and collective dismissals (regular contracts),0_TO_6,0-6 scale,VERSION3,Version 3 (2008-2019),2014,,2.074263096,,F,Free (free for publication),2,Two,A,Normal value,0,Units
DATAFLOW,OECD.ELS.JAI:DSD_EPL@DF_EPL(1.0),Strictness of employment protection,I,A,Annual,ISL,Iceland,EPL_OV,Individual and collective dismissals (regular contracts),0_TO_6,0-6 scale,VERSION3,Version 3 (2008-2019),2014,,2.160430908,,F,Free (free for publication),2,Two,A,Normal value,0,Units
DATAFLOW,OECD.ELS.JAI:DSD_EPL@DF_EPL(1.0),Strictness of employment protection,I,A,Annual,IRL,Ireland,EPL_OV,Individual and collective dismissals (regular contracts),0_TO_6,0-6 scale,VERSION3,Version 3 (2008-2019),2014,,1.950113416,,F,Free (free for publication),2,Two,A,Normal value,0,Units
DATAFLOW,OECD.ELS.JAI:DSD_EPL@DF_EPL(1.0),Strictness of employment protection,I,A,Annual,ISR,Israel,EPL_OV,Individual and collective dismissals (regular contracts),0_TO_6,0-6 scale,VERSION3,Version 3 (2008-2019),2014,,2.406462669,,F,Free (free for publication),2,Two,A,Normal value,0,Units
DATAFLOW,OECD.ELS.JAI:DSD_EPL@DF_EPL(1.0),Strictness of employment protection,I,A,Annual,ITA,Italy,EPL_OV,Individual and collective dismissals (regular contracts),0_TO_6,0-6 scale,VERSION3,Version 3 (2008-2019),2014,,3.070861578,,F,Free (free for publication),2,Two,A,Normal value,0,Units
DATAFLOW,OECD.ELS.JAI:DSD_EPL@DF_EPL(1.0),Strictness of employment protection,I,A,Annual,JPN,Japan,EPL_OV,Individual and collective dismissals (regular contracts),0_TO_6,0-6 scale,VERSION3,Version 3 (2008-2019),2014,,2.061224461,,F,Free (free for publication),2,Two,A,Normal value,0,Units
DATAFLOW,OECD.ELS.JAI:DSD_EPL@DF_EPL(1.0),Strictness of employment protection,I,A,Annual,KOR,Korea,EPL_OV,Individual and collective dismissals (regular contracts),0_TO_6,0-6 scale,VERSION3,Version 3 (2008-2019),2014,,2.178571463,,F,Free (free for publication),2,Two,A,Normal value,0,Units
DATAFLOW,OECD.ELS.JAI:DSD_EPL@DF_EPL(1.0),Strictness of employment protection,I,A,Annual,LVA,Latvia,EPL_OV,Individual and collective dismissals (regular contracts),0_TO_6,0-6 scale,VERSION3,Version 3 (2008-2019),2014,,3.097505808,,F,Free (free for publication),2,Two,A,Normal value,0,Units
DATAFLOW,OECD.ELS.JAI:DSD_EPL@DF_EPL(1.0),Strictness of employment protection,I,A,Annual,LTU,Lithuania,EPL_OV,Individual and collective dismissals (regular contracts),0_TO_6,0-6 scale,VERSION3,Version 3 (2008-2019),2014,,2.53117919,,F,Free (free for publication),2,Two,A,Normal value,0,Units
DATAFLOW,OECD.ELS.JAI:DSD_EPL@DF_EPL(1.0),Strictness of employment protection,I,A,Annual,LUX,Luxembourg,EPL_OV,Individual and collective dismissals (regular contracts),0_TO_6,0-6 scale,VERSION3,Version 3 (2008-2019),2014,,2.656689405,,F,Free (free for publication),2,Two,A,Normal value,0,Units
DATAFLOW,OECD.ELS.JAI:DSD_EPL@DF_EPL(1.0),Strictness of employment protection,I,A,Annual,MEX,Mexico,EPL_OV,Individual and collective dismissals (regular contracts),0_TO_6,0-6 scale,VERSION3,Version 3 (2008-2019),2014,,2.705782413,,F,Free (free for publication),2,Two,A,Normal value,0,Units
DATAFLOW,OECD.ELS.JAI:DSD_EPL@DF_EPL(1.0),Strictness of employment protection,I,A,Annual,NLD,Netherlands,EPL_OV,Individual and collective dismissals (regular contracts),0_TO_6,0-6 scale,VERSION3,Version 3 (2008-2019),2014,,3.295068026,,F,Free (free for publication),2,Two,A,Normal value,0,Units
DATAFLOW,OECD.ELS.JAI:DSD_EPL@DF_EPL(1.0),Strictness of employment protection,I,A,Annual,NZL,New Zealand,EPL_OV,Individual and collective dismissals (regular contracts),0_TO_6,0-6 scale,VERSION3,Version 3 (2008-2019),2014,,1.137755036,,F,Free (free for publication),2,Two,A,Normal value,0,Units
DATAFLOW,OECD.ELS.JAI:DSD_EPL@DF_EPL(1.0),Strictness of employment protection,I,A,Annual,NOR,Norway,EPL_OV,Individual and collective dismissals (regular contracts),0_TO_6,0-6 scale,VERSION3,Version 3 (2008-2019),2014,,2.309523821,,F,Free (free for publication),2,Two,A,Normal value,0,Units
DATAFLOW,OECD.ELS.JAI:DSD_EPL@DF_EPL(1.0),Strictness of employment protection,I,A,Annual,POL,Poland,EPL_OV,Individual and collective dismissals (regular contracts),0_TO_6,0-6 scale,VERSION3,Version 3 (2008-2019),2014,,2.434807301,,F,Free (free for publication),2,Two,A,Normal value,0,Units
DATAFLOW,OECD.ELS.JAI:DSD_EPL@DF_EPL(1.0),Strictness of employment protection,I,A,Annual,PRT,Portugal,EPL_OV,Individual and collective dismissals (regular contracts),0_TO_6,0-6 scale,VERSION3,Version 3 (2008-2019),2014,,2.670634747,,F,Free (free for publication),2,Two,A,Normal value,0,Units
DATAFLOW,OECD.ELS.JAI:DSD_EPL@DF_EPL(1.0),Strictness of employment protection,I,A,Annual,SVK,Slovak Republic,EPL_OV,Individual and collective dismissals (regular contracts),0_TO_6,0-6 scale,VERSION3,Version 3 (2008-2019),2014,,2.684240341,,F,Free (free for publication),2,Two,A,Normal value,0,Units
DATAFLOW,OECD.ELS.JAI:DSD_EPL@DF_EPL(1.0),Strictness of employment protection,I,A,Annual,SVN,Slovenia,EPL_OV,Individual and collective dismissals (regular contracts),0_TO_6,0-6 scale,VERSION3,Version 3 (2008-2019),2014,,2.410997629,,F,Free (free for publication),2,Two,A,Normal value,0,Units
DATAFLOW,OECD.ELS.JAI:DSD_EPL@DF_EPL(1.0),Strictness of employment protection,I,A,Annual,ESP,Spain,EPL_OV,Individual and collective dismissals (regular contracts),0_TO_6,0-6 scale,VERSION3,Version 3 (2008-2019),2014,,2.199965954,,F,Free (free for publication),2,Two,A,Normal value,0,Units
DATAFLOW,OECD.ELS.JAI:DSD_EPL@DF_EPL(1.0),Strictness of employment protection,I,A,Annual,SWE,Sweden,EPL_OV,Individual and collective dismissals (regular contracts),0_TO_6,0-6 scale,VERSION3,Version 3 (2008-2019),2014,,2.616496563,,F,Free (free for publication),2,Two,A,Normal value,0,Units
DATAFLOW,OECD.ELS.JAI:DSD_EPL@DF_EPL(1.0),Strictness of employment protection,I,A,Annual,CHE,Switzerland,EPL_OV,Individual and collective dismissals (regular contracts),0_TO_6,0-6 scale,VERSION3,Version 3 (2008-2019),2014,,1.984693885,,F,Free (free for publication),2,Two,A,Normal value,0,Units
DATAFLOW,OECD.ELS.JAI:DSD_EPL@DF_EPL(1.0),Strictness of employment protection,I,A,Annual,TUR,Türkiye,EPL_OV,Individual and collective dismissals (regular contracts),0_TO_6,0-6 scale,VERSION3,Version 3 (2008-2019),2014,,2.732993126,,F,Free (free for publication),2,Two,A,Normal value,0,Units
DATAFLOW,OECD.ELS.JAI:DSD_EPL@DF_EPL(1.0),Strictness of employment protection,I,A,Annual,GBR,United Kingdom,EPL_OV,Individual and collective dismissals (regular contracts),0_TO_6,0-6 scale,VERSION3,Version 3 (2008-2019),2014,,1.603741407,,F,Free (free for publication),2,Two,A,Normal value,0,Units
DATAFLOW,OECD.ELS.JAI:DSD_EPL@DF_EPL(1.0),Strictness of employment protection,I,A,Annual,USA,United States,EPL_OV,Individual and collective dismissals (regular contracts),0_TO_6,0-6 scale,VERSION3,Version 3 (2008-2019),2014,,0.958809495,,F,Free (free for publication),2,Two,A,Normal value,0,Units
DATAFLOW,OECD.ELS.JAI:DSD_EPL@DF_EPL(1.0),Strictness of employment protection,I,A,Annual,OECD,OECD,EPL_OV,Individual and collective dismissals (regular contracts),0_TO_6,0-6 scale,VERSION3,Version 3 (2008-2019),2014,,2.26715827,,F,Free (free for publication),2,Two,A,Normal value,0,Units
DATAFLOW,OECD.ELS.JAI:DSD_EPL@DF_EPL(1.0),Strictness of employment protection,I,A,Annual,ARG,Argentina,EPL_OV,Individual and collective dismissals (regular contracts),0_TO_6,0-6 scale,VERSION3,Version 3 (2008-2019),2014,,2.559671402,,F,Free (free for publication),2,Two,A,Normal value,0,Units
DATAFLOW,OECD.ELS.JAI:DSD_EPL@DF_EPL(1.0),Strictness of employment protection,I,A,Annual,BHS,Bahamas,EPL_OV,Individual and collective dismissals (regular contracts),0_TO_6,0-6 scale,VERSION3,Version 3 (2008-2019),2014,,1.502267599,,F,Free (free for publication),2,Two,A,Normal value,0,Units
DATAFLOW,OECD.ELS.JAI:DSD_EPL@DF_EPL(1.0),Strictness of employment protection,I,A,Annual,BRB,Barbados,EPL_OV,Individual and collective dismissals (regular contracts),0_TO_6,0-6 scale,VERSION3,Version 3 (2008-2019),2014,,1.721088409,,F,Free (free for publication),2,Two,A,Normal value,0,Units
DATAFLOW,OECD.ELS.JAI:DSD_EPL@DF_EPL(1.0),Strictness of employment protection,I,A,Annual,BOL,Bolivia,EPL_OV,Individual and collective dismissals (regular contracts),0_TO_6,0-6 scale,VERSION3,Version 3 (2008-2019),2014,,1.935374022,,F,Free (free for publication),2,Two,A,Normal value,0,Units
DATAFLOW,OECD.ELS.JAI:DSD_EPL@DF_EPL(1.0),Strictness of employment protection,I,A,Annual,DOM,Dominican Republic,EPL_OV,Individual and collective dismissals (regular contracts),0_TO_6,0-6 scale,VERSION3,Version 3 (2008-2019),2014,,1.399093032,,F,Free (free for publication),2,Two,A,Normal value,0,Units
DATAFLOW,OECD.ELS.JAI:DSD_EPL@DF_EPL(1.0),Strictness of employment protection,I,A,Annual,ECU,Ecuador,EPL_OV,Individual and collective dismissals (regular contracts),0_TO_6,0-6 scale,VERSION3,Version 3 (2008-2019),2014,,1.78231287,,F,Free (free for publication),2,Two,A,Normal value,0,Units
DATAFLOW,OECD.ELS.JAI:DSD_EPL@DF_EPL(1.0),Strictness of employment protection,I,A,Annual,SLV,El Salvador,EPL_OV,Individual and collective dismissals (regular contracts),0_TO_6,0-6 scale,VERSION3,Version 3 (2008-2019),2014,,1.210884333,,F,Free (free for publication),2,Two,A,Normal value,0,Units
DATAFLOW,OECD.ELS.JAI:DSD_EPL@DF_EPL(1.0),Strictness of employment protection,I,A,Annual,GTM,Guatemala,EPL_OV,Individual and collective dismissals (regular contracts),0_TO_6,0-6 scale,VERSION3,Version 3 (2008-2019),2014,,1.015873075,,F,Free (free for publication),2,Two,A,Normal value,0,Units
DATAFLOW,OECD.ELS.JAI:DSD_EPL@DF_EPL(1.0),Strictness of employment protection,I,A,Annual,HND,Honduras,EPL_OV,Individual and collective dismissals (regular contracts),0_TO_6,0-6 scale,VERSION3,Version 3 (2008-2019),2014,,2.440476179,,F,Free (free for publication),2,Two,A,Normal value,0,Units
DATAFLOW,OECD.ELS.JAI:DSD_EPL@DF_EPL(1.0),Strictness of employment protection,I,A,Annual,JAM,Jamaica,EPL_OV,Individual and collective dismissals (regular contracts),0_TO_6,0-6 scale,VERSION3,Version 3 (2008-2019),2014,,1.553854942,,F,Free (free for publication),2,Two,A,Normal value,0,Units
DATAFLOW,OECD.ELS.JAI:DSD_EPL@DF_EPL(1.0),Strictness of employment protection,I,A,Annual,KAZ,Kazakhstan,EPL_OV,Individual and collective dismissals (regular contracts),0_TO_6,0-6 scale,VERSION3,Version 3 (2008-2019),2014,,2.289115667,,F,Free (free for publication),2,Two,A,Normal value,0,Units
DATAFLOW,OECD.ELS.JAI:DSD_EPL@DF_EPL(1.0),Strictness of employment protection,I,A,Annual,XKV,Kosovo,EPL_OV,Individual and collective dismissals (regular contracts),0_TO_6,0-6 scale,VERSION3,Version 3 (2008-2019),2014,,2.083333254,,F,Free (free for publication),2,Two,A,Normal value,0,Units
DATAFLOW,OECD.ELS.JAI:DSD_EPL@DF_EPL(1.0),Strictness of employment protection,I,A,Annual,NIC,Nicaragua,EPL_OV,Individual and collective dismissals (regular contracts),0_TO_6,0-6 scale,VERSION3,Version 3 (2008-2019),2014,,1.479591846,,F,Free (free for publication),2,Two,A,Normal value,0,Units
DATAFLOW,OECD.ELS.JAI:DSD_EPL@DF_EPL(1.0),Strictness of employment protection,I,A,Annual,PAN,Panama,EPL_OV,Individual and collective dismissals (regular contracts),0_TO_6,0-6 scale,VERSION3,Version 3 (2008-2019),2014,,1.734693885,,F,Free (free for publication),2,Two,A,Normal value,0,Units
DATAFLOW,OECD.ELS.JAI:DSD_EPL@DF_EPL(1.0),Strictness of employment protection,I,A,Annual,PRY,Paraguay,EPL_OV,Individual and collective dismissals (regular contracts),0_TO_6,0-6 scale,VERSION3,Version 3 (2008-2019),2014,,1.515306115,,F,Free (free for publication),2,Two,A,Normal value,0,Units
DATAFLOW,OECD.ELS.JAI:DSD_EPL@DF_EPL(1.0),Strictness of employment protection,I,A,Annual,PER,Peru,EPL_OV,Individual and collective dismissals (regular contracts),0_TO_6,0-6 scale,VERSION3,Version 3 (2008-2019),2014,,2.380952358,,F,Free (free for publication),2,Two,A,Normal value,0,Units
DATAFLOW,OECD.ELS.JAI:DSD_EPL@DF_EPL(1.0),Strictness of employment protection,I,A,Annual,THA,Thailand,EPL_OV,Individual and collective dismissals (regular contracts),0_TO_6,0-6 scale,VERSION3,Version 3 (2008-2019),2014,,2.165532827,,F,Free (free for publication),2,Two,A,Normal value,0,Units
DATAFLOW,OECD.ELS.JAI:DSD_EPL@DF_EPL(1.0),Strictness of employment protection,I,A,Annual,URY,Uruguay,EPL_OV,Individual and collective dismissals (regular contracts),0_TO_6,0-6 scale,VERSION3,Version 3 (2008-2019),2014,,1.417800426,,F,Free (free for publication),2,Two,A,Normal value,0,Units
DATAFLOW,OECD.ELS.JAI:DSD_EPL@DF_EPL(1.0),Strictness of employment protection,I,A,Annual,VEN,Venezuela,EPL_OV,Individual and collective dismissals (regular contracts),0_TO_6,0-6 scale,VERSION3,Version 3 (2008-2019),2014,,3.5,,F,Free (free for publication),2,Two,A,Normal value,0,Units
DATAFLOW,OECD.ELS.JAI:DSD_EPL@DF_EPL(1.0),Strictness of employment protection,I,A,Annual,AUS,Australia,EPL_OV,Individual and collective dismissals (regular contracts),0_TO_6,0-6 scale,VERSION3,Version 3 (2008-2019),2015,,1.940476179,,F,Free (free for publication),2,Two,A,Normal value,0,Units
DATAFLOW,OECD.ELS.JAI:DSD_EPL@DF_EPL(1.0),Strictness of employment protection,I,A,Annual,AUT,Austria,EPL_OV,Individual and collective dismissals (regular contracts),0_TO_6,0-6 scale,VERSION3,Version 3 (2008-2019),2015,,2.394557953,,F,Free (free for publication),2,Two,A,Normal value,0,Units
DATAFLOW,OECD.ELS.JAI:DSD_EPL@DF_EPL(1.0),Strictness of employment protection,I,A,Annual,BEL,Belgium,EPL_OV,Individual and collective dismissals (regular contracts),0_TO_6,0-6 scale,VERSION3,Version 3 (2008-2019),2015,,3.024376392,,F,Free (free for publication),2,Two,A,Normal value,0,Units
DATAFLOW,OECD.ELS.JAI:DSD_EPL@DF_EPL(1.0),Strictness of employment protection,I,A,Annual,CAN,Canada,EPL_OV,Individual and collective dismissals (regular contracts),0_TO_6,0-6 scale,VERSION3,Version 3 (2008-2019),2015,,1.314858317,,F,Free (free for publication),2,Two,A,Normal value,0,Units
DATAFLOW,OECD.ELS.JAI:DSD_EPL@DF_EPL(1.0),Strictness of employment protection,I,A,Annual,CHL,Chile,EPL_OV,Individual and collective dismissals (regular contracts),0_TO_6,0-6 scale,VERSION3,Version 3 (2008-2019),2015,,1.839002252,,F,Free (free for publication),2,Two,A,Normal value,0,Units
DATAFLOW,OECD.ELS.JAI:DSD_EPL@DF_EPL(1.0),Strictness of employment protection,I,A,Annual,COL,Colombia,EPL_OV,Individual and collective dismissals (regular contracts),0_TO_6,0-6 scale,VERSION3,Version 3 (2008-2019),2015,,2.433106422,,F,Free (free for publication),2,Two,A,Normal value,0,Units
DATAFLOW,OECD.ELS.JAI:DSD_EPL@DF_EPL(1.0),Strictness of employment protection,I,A,Annual,CRI,Costa Rica,EPL_OV,Individual and collective dismissals (regular contracts),0_TO_6,0-6 scale,VERSION3,Version 3 (2008-2019),2015,,0.487528354,,F,Free (free for publication),2,Two,A,Normal value,0,Units
DATAFLOW,OECD.ELS.JAI:DSD_EPL@DF_EPL(1.0),Strictness of employment protection,I,A,Annual,CZE,Czechia,EPL_OV,Individual and collective dismissals (regular contracts),0_TO_6,0-6 scale,VERSION3,Version 3 (2008-2019),2015,,2.898526192,,F,Free (free for publication),2,Two,A,Normal value,0,Units
DATAFLOW,OECD.ELS.JAI:DSD_EPL@DF_EPL(1.0),Strictness of employment protection,I,A,Annual,DNK,Denmark,EPL_OV,Individual and collective dismissals (regular contracts),0_TO_6,0-6 scale,VERSION3,Version 3 (2008-2019),2015,,1.844104409,,F,Free (free for publication),2,Two,A,Normal value,0,Units
DATAFLOW,OECD.ELS.JAI:DSD_EPL@DF_EPL(1.0),Strictness of employment protection,I,A,Annual,EST,Estonia,EPL_OV,Individual and collective dismissals (regular contracts),0_TO_6,0-6 scale,VERSION3,Version 3 (2008-2019),2015,,2.066326618,,F,Free (free for publication),2,Two,A,Normal value,0,Units
DATAFLOW,OECD.ELS.JAI:DSD_EPL@DF_EPL(1.0),Strictness of employment protection,I,A,Annual,FIN,Finland,EPL_OV,Individual and collective dismissals (regular contracts),0_TO_6,0-6 scale,VERSION3,Version 3 (2008-2019),2015,,2.107142925,,F,Free (free for publication),2,Two,A,Normal value,0,Units
DATAFLOW,OECD.ELS.JAI:DSD_EPL@DF_EPL(1.0),Strictness of employment protection,I,A,Annual,FRA,France,EPL_OV,Individual and collective dismissals (regular contracts),0_TO_6,0-6 scale,VERSION3,Version 3 (2008-2019),2015,,2.831213236,,F,Free (free for publication),2,Two,A,Normal value,0,Units
DATAFLOW,OECD.ELS.JAI:DSD_EPL@DF_EPL(1.0),Strictness of employment protection,I,A,Annual,DEU,Germany,EPL_OV,Individual and collective dismissals (regular contracts),0_TO_6,0-6 scale,VERSION3,Version 3 (2008-2019),2015,,2.78231287,,F,Free (free for publication),2,Two,A,Normal value,0,Units
DATAFLOW,OECD.ELS.JAI:DSD_EPL@DF_EPL(1.0),Strictness of employment protection,I,A,Annual,GRC,Greece,EPL_OV,Individual and collective dismissals (regular contracts),0_TO_6,0-6 scale,VERSION3,Version 3 (2008-2019),2015,,2.493764162,,F,Free (free for publication),2,Two,A,Normal value,0,Units
DATAFLOW,OECD.ELS.JAI:DSD_EPL@DF_EPL(1.0),Strictness of employment protection,I,A,Annual,HUN,Hungary,EPL_OV,Individual and collective dismissals (regular contracts),0_TO_6,0-6 scale,VERSION3,Version 3 (2008-2019),2015,,2.074263096,,F,Free (free for publication),2,Two,A,Normal value,0,Units
DATAFLOW,OECD.ELS.JAI:DSD_EPL@DF_EPL(1.0),Strictness of employment protection,I,A,Annual,ISL,Iceland,EPL_OV,Individual and collective dismissals (regular contracts),0_TO_6,0-6 scale,VERSION3,Version 3 (2008-2019),2015,,2.160430908,,F,Free (free for publication),2,Two,A,Normal value,0,Units
DATAFLOW,OECD.ELS.JAI:DSD_EPL@DF_EPL(1.0),Strictness of employment protection,I,A,Annual,IRL,Ireland,EPL_OV,Individual and collective dismissals (regular contracts),0_TO_6,0-6 scale,VERSION3,Version 3 (2008-2019),2015,,1.950113416,,F,Free (free for publication),2,Two,A,Normal value,0,Units
DATAFLOW,OECD.ELS.JAI:DSD_EPL@DF_EPL(1.0),Strictness of employment protection,I,A,Annual,ISR,Israel,EPL_OV,Individual and collective dismissals (regular contracts),0_TO_6,0-6 scale,VERSION3,Version 3 (2008-2019),2015,,2.406462669,,F,Free (free for publication),2,Two,A,Normal value,0,Units
DATAFLOW,OECD.ELS.JAI:DSD_EPL@DF_EPL(1.0),Strictness of employment protection,I,A,Annual,ITA,Italy,EPL_OV,Individual and collective dismissals (regular contracts),0_TO_6,0-6 scale,VERSION3,Version 3 (2008-2019),2015,,3.070861578,,F,Free (free for publication),2,Two,A,Normal value,0,Units
DATAFLOW,OECD.ELS.JAI:DSD_EPL@DF_EPL(1.0),Strictness of employment protection,I,A,Annual,JPN,Japan,EPL_OV,Individual and collective dismissals (regular contracts),0_TO_6,0-6 scale,VERSION3,Version 3 (2008-2019),2015,,2.061224461,,F,Free (free for publication),2,Two,A,Normal value,0,Units
DATAFLOW,OECD.ELS.JAI:DSD_EPL@DF_EPL(1.0),Strictness of employment protection,I,A,Annual,KOR,Korea,EPL_OV,Individual and collective dismissals (regular contracts),0_TO_6,0-6 scale,VERSION3,Version 3 (2008-2019),2015,,2.178571463,,F,Free (free for publication),2,Two,A,Normal value,0,Units
DATAFLOW,OECD.ELS.JAI:DSD_EPL@DF_EPL(1.0),Strictness of employment protection,I,A,Annual,LVA,Latvia,EPL_OV,Individual and collective dismissals (regular contracts),0_TO_6,0-6 scale,VERSION3,Version 3 (2008-2019),2015,,3.097505808,,F,Free (free for publication),2,Two,A,Normal value,0,Units
DATAFLOW,OECD.ELS.JAI:DSD_EPL@DF_EPL(1.0),Strictness of employment protection,I,A,Annual,LTU,Lithuania,EPL_OV,Individual and collective dismissals (regular contracts),0_TO_6,0-6 scale,VERSION3,Version 3 (2008-2019),2015,,2.53117919,,F,Free (free for publication),2,Two,A,Normal value,0,Units
DATAFLOW,OECD.ELS.JAI:DSD_EPL@DF_EPL(1.0),Strictness of employment protection,I,A,Annual,LUX,Luxembourg,EPL_OV,Individual and collective dismissals (regular contracts),0_TO_6,0-6 scale,VERSION3,Version 3 (2008-2019),2015,,2.656689405,,F,Free (free for publication),2,Two,A,Normal value,0,Units
DATAFLOW,OECD.ELS.JAI:DSD_EPL@DF_EPL(1.0),Strictness of employment protection,I,A,Annual,MEX,Mexico,EPL_OV,Individual and collective dismissals (regular contracts),0_TO_6,0-6 scale,VERSION3,Version 3 (2008-2019),2015,,2.705782413,,F,Free (free for publication),2,Two,A,Normal value,0,Units
DATAFLOW,OECD.ELS.JAI:DSD_EPL@DF_EPL(1.0),Strictness of employment protection,I,A,Annual,NLD,Netherlands,EPL_OV,Individual and collective dismissals (regular contracts),0_TO_6,0-6 scale,VERSION3,Version 3 (2008-2019),2015,,3.295068026,,F,Free (free for publication),2,Two,A,Normal value,0,Units
DATAFLOW,OECD.ELS.JAI:DSD_EPL@DF_EPL(1.0),Strictness of employment protection,I,A,Annual,NZL,New Zealand,EPL_OV,Individual and collective dismissals (regular contracts),0_TO_6,0-6 scale,VERSION3,Version 3 (2008-2019),2015,,1.137755036,,F,Free (free for publication),2,Two,A,Normal value,0,Units
DATAFLOW,OECD.ELS.JAI:DSD_EPL@DF_EPL(1.0),Strictness of employment protection,I,A,Annual,NOR,Norway,EPL_OV,Individual and collective dismissals (regular contracts),0_TO_6,0-6 scale,VERSION3,Version 3 (2008-2019),2015,,2.309523821,,F,Free (free for publication),2,Two,A,Normal value,0,Units
DATAFLOW,OECD.ELS.JAI:DSD_EPL@DF_EPL(1.0),Strictness of employment protection,I,A,Annual,POL,Poland,EPL_OV,Individual and collective dismissals (regular contracts),0_TO_6,0-6 scale,VERSION3,Version 3 (2008-2019),2015,,2.434807301,,F,Free (free for publication),2,Two,A,Normal value,0,Units
DATAFLOW,OECD.ELS.JAI:DSD_EPL@DF_EPL(1.0),Strictness of employment protection,I,A,Annual,PRT,Portugal,EPL_OV,Individual and collective dismissals (regular contracts),0_TO_6,0-6 scale,VERSION3,Version 3 (2008-2019),2015,,2.670634747,,F,Free (free for publication),2,Two,A,Normal value,0,Units
DATAFLOW,OECD.ELS.JAI:DSD_EPL@DF_EPL(1.0),Strictness of employment protection,I,A,Annual,SVK,Slovak Republic,EPL_OV,Individual and collective dismissals (regular contracts),0_TO_6,0-6 scale,VERSION3,Version 3 (2008-2019),2015,,2.684240341,,F,Free (free for publication),2,Two,A,Normal value,0,Units
DATAFLOW,OECD.ELS.JAI:DSD_EPL@DF_EPL(1.0),Strictness of employment protection,I,A,Annual,SVN,Slovenia,EPL_OV,Individual and collective dismissals (regular contracts),0_TO_6,0-6 scale,VERSION3,Version 3 (2008-2019),2015,,2.410997629,,F,Free (free for publication),2,Two,A,Normal value,0,Units
DATAFLOW,OECD.ELS.JAI:DSD_EPL@DF_EPL(1.0),Strictness of employment protection,I,A,Annual,ESP,Spain,EPL_OV,Individual and collective dismissals (regular contracts),0_TO_6,0-6 scale,VERSION3,Version 3 (2008-2019),2015,,2.199965954,,F,Free (free for publication),2,Two,A,Normal value,0,Units
DATAFLOW,OECD.ELS.JAI:DSD_EPL@DF_EPL(1.0),Strictness of employment protection,I,A,Annual,SWE,Sweden,EPL_OV,Individual and collective dismissals (regular contracts),0_TO_6,0-6 scale,VERSION3,Version 3 (2008-2019),2015,,2.616496563,,F,Free (free for publication),2,Two,A,Normal value,0,Units
DATAFLOW,OECD.ELS.JAI:DSD_EPL@DF_EPL(1.0),Strictness of employment protection,I,A,Annual,CHE,Switzerland,EPL_OV,Individual and collective dismissals (regular contracts),0_TO_6,0-6 scale,VERSION3,Version 3 (2008-2019),2015,,1.984693885,,F,Free (free for publication),2,Two,A,Normal value,0,Units
DATAFLOW,OECD.ELS.JAI:DSD_EPL@DF_EPL(1.0),Strictness of employment protection,I,A,Annual,TUR,Türkiye,EPL_OV,Individual and collective dismissals (regular contracts),0_TO_6,0-6 scale,VERSION3,Version 3 (2008-2019),2015,,2.732993126,,F,Free (free for publication),2,Two,A,Normal value,0,Units
DATAFLOW,OECD.ELS.JAI:DSD_EPL@DF_EPL(1.0),Strictness of employment protection,I,A,Annual,GBR,United Kingdom,EPL_OV,Individual and collective dismissals (regular contracts),0_TO_6,0-6 scale,VERSION3,Version 3 (2008-2019),2015,,1.603741407,,F,Free (free for publication),2,Two,A,Normal value,0,Units
DATAFLOW,OECD.ELS.JAI:DSD_EPL@DF_EPL(1.0),Strictness of employment protection,I,A,Annual,USA,United States,EPL_OV,Individual and collective dismissals (regular contracts),0_TO_6,0-6 scale,VERSION3,Version 3 (2008-2019),2015,,0.958809495,,F,Free (free for publication),2,Two,A,Normal value,0,Units
DATAFLOW,OECD.ELS.JAI:DSD_EPL@DF_EPL(1.0),Strictness of employment protection,I,A,Annual,OECD,OECD,EPL_OV,Individual and collective dismissals (regular contracts),0_TO_6,0-6 scale,VERSION3,Version 3 (2008-2019),2015,,2.27342391,,F,Free (free for publication),2,Two,A,Normal value,0,Units
DATAFLOW,OECD.ELS.JAI:DSD_EPL@DF_EPL(1.0),Strictness of employment protection,I,A,Annual,ALB,Albania,EPL_OV,Individual and collective dismissals (regular contracts),0_TO_6,0-6 scale,VERSION3,Version 3 (2008-2019),2015,,2.494898081,,F,Free (free for publication),2,Two,A,Normal value,0,Units
DATAFLOW,OECD.ELS.JAI:DSD_EPL@DF_EPL(1.0),Strictness of employment protection,I,A,Annual,ARG,Argentina,EPL_OV,Individual and collective dismissals (regular contracts),0_TO_6,0-6 scale,VERSION3,Version 3 (2008-2019),2015,,2.559671402,,F,Free (free for publication),2,Two,A,Normal value,0,Units
DATAFLOW,OECD.ELS.JAI:DSD_EPL@DF_EPL(1.0),Strictness of employment protection,I,A,Annual,BIH,Bosnia and Herzegovina,EPL_OV,Individual and collective dismissals (regular contracts),0_TO_6,0-6 scale,VERSION3,Version 3 (2008-2019),2015,,2.582482815,,F,Free (free for publication),2,Two,A,Normal value,0,Units
DATAFLOW,OECD.ELS.JAI:DSD_EPL@DF_EPL(1.0),Strictness of employment protection,I,A,Annual,HRV,Croatia,EPL_OV,Individual and collective dismissals (regular contracts),0_TO_6,0-6 scale,VERSION3,Version 3 (2008-2019),2015,,2.298185825,,F,Free (free for publication),2,Two,A,Normal value,0,Units
DATAFLOW,OECD.ELS.JAI:DSD_EPL@DF_EPL(1.0),Strictness of employment protection,I,A,Annual,KAZ,Kazakhstan,EPL_OV,Individual and collective dismissals (regular contracts),0_TO_6,0-6 scale,VERSION3,Version 3 (2008-2019),2015,,2.289115667,,F,Free (free for publication),2,Two,A,Normal value,0,Units
DATAFLOW,OECD.ELS.JAI:DSD_EPL@DF_EPL(1.0),Strictness of employment protection,I,A,Annual,MKD,North Macedonia,EPL_OV,Individual and collective dismissals (regular contracts),0_TO_6,0-6 scale,VERSION3,Version 3 (2008-2019),2015,,2.292516947,,F,Free (free for publication),2,Two,A,Normal value,0,Units
DATAFLOW,OECD.ELS.JAI:DSD_EPL@DF_EPL(1.0),Strictness of employment protection,I,A,Annual,PRY,Paraguay,EPL_OV,Individual and collective dismissals (regular contracts),0_TO_6,0-6 scale,VERSION3,Version 3 (2008-2019),2015,,1.515306115,,F,Free (free for publication),2,Two,A,Normal value,0,Units
DATAFLOW,OECD.ELS.JAI:DSD_EPL@DF_EPL(1.0),Strictness of employment protection,I,A,Annual,PER,Peru,EPL_OV,Individual and collective dismissals (regular contracts),0_TO_6,0-6 scale,VERSION3,Version 3 (2008-2019),2015,,2.380952358,,F,Free (free for publication),2,Two,A,Normal value,0,Units
DATAFLOW,OECD.ELS.JAI:DSD_EPL@DF_EPL(1.0),Strictness of employment protection,I,A,Annual,SRB,Serbia,EPL_OV,Individual and collective dismissals (regular contracts),0_TO_6,0-6 scale,VERSION3,Version 3 (2008-2019),2015,,2.227891207,,F,Free (free for publication),2,Two,A,Normal value,0,Units
DATAFLOW,OECD.ELS.JAI:DSD_EPL@DF_EPL(1.0),Strictness of employment protection,I,A,Annual,URY,Uruguay,EPL_OV,Individual and collective dismissals (regular contracts),0_TO_6,0-6 scale,VERSION3,Version 3 (2008-2019),2015,,1.417800426,,F,Free (free for publication),2,Two,A,Normal value,0,Units
DATAFLOW,OECD.ELS.JAI:DSD_EPL@DF_EPL(1.0),Strictness of employment protection,I,A,Annual,AUS,Australia,EPL_OV,Individual and collective dismissals (regular contracts),0_TO_6,0-6 scale,VERSION3,Version 3 (2008-2019),2016,,1.940476179,,F,Free (free for publication),2,Two,A,Normal value,0,Units
DATAFLOW,OECD.ELS.JAI:DSD_EPL@DF_EPL(1.0),Strictness of employment protection,I,A,Annual,AUT,Austria,EPL_OV,Individual and collective dismissals (regular contracts),0_TO_6,0-6 scale,VERSION3,Version 3 (2008-2019),2016,,2.394557953,,F,Free (free for publication),2,Two,A,Normal value,0,Units
DATAFLOW,OECD.ELS.JAI:DSD_EPL@DF_EPL(1.0),Strictness of employment protection,I,A,Annual,BEL,Belgium,EPL_OV,Individual and collective dismissals (regular contracts),0_TO_6,0-6 scale,VERSION3,Version 3 (2008-2019),2016,,3.024376392,,F,Free (free for publication),2,Two,A,Normal value,0,Units
DATAFLOW,OECD.ELS.JAI:DSD_EPL@DF_EPL(1.0),Strictness of employment protection,I,A,Annual,CAN,Canada,EPL_OV,Individual and collective dismissals (regular contracts),0_TO_6,0-6 scale,VERSION3,Version 3 (2008-2019),2016,,1.314858317,,F,Free (free for publication),2,Two,A,Normal value,0,Units
DATAFLOW,OECD.ELS.JAI:DSD_EPL@DF_EPL(1.0),Strictness of employment protection,I,A,Annual,CHL,Chile,EPL_OV,Individual and collective dismissals (regular contracts),0_TO_6,0-6 scale,VERSION3,Version 3 (2008-2019),2016,,1.839002252,,F,Free (free for publication),2,Two,A,Normal value,0,Units
DATAFLOW,OECD.ELS.JAI:DSD_EPL@DF_EPL(1.0),Strictness of employment protection,I,A,Annual,COL,Colombia,EPL_OV,Individual and collective dismissals (regular contracts),0_TO_6,0-6 scale,VERSION3,Version 3 (2008-2019),2016,,2.433106422,,F,Free (free for publication),2,Two,A,Normal value,0,Units
DATAFLOW,OECD.ELS.JAI:DSD_EPL@DF_EPL(1.0),Strictness of employment protection,I,A,Annual,CRI,Costa Rica,EPL_OV,Individual and collective dismissals (regular contracts),0_TO_6,0-6 scale,VERSION3,Version 3 (2008-2019),2016,,0.487528354,,F,Free (free for publication),2,Two,A,Normal value,0,Units
DATAFLOW,OECD.ELS.JAI:DSD_EPL@DF_EPL(1.0),Strictness of employment protection,I,A,Annual,CZE,Czechia,EPL_OV,Individual and collective dismissals (regular contracts),0_TO_6,0-6 scale,VERSION3,Version 3 (2008-2019),2016,,2.898526192,,F,Free (free for publication),2,Two,A,Normal value,0,Units
DATAFLOW,OECD.ELS.JAI:DSD_EPL@DF_EPL(1.0),Strictness of employment protection,I,A,Annual,DNK,Denmark,EPL_OV,Individual and collective dismissals (regular contracts),0_TO_6,0-6 scale,VERSION3,Version 3 (2008-2019),2016,,1.844104409,,F,Free (free for publication),2,Two,A,Normal value,0,Units
DATAFLOW,OECD.ELS.JAI:DSD_EPL@DF_EPL(1.0),Strictness of employment protection,I,A,Annual,EST,Estonia,EPL_OV,Individual and collective dismissals (regular contracts),0_TO_6,0-6 scale,VERSION3,Version 3 (2008-2019),2016,,2.066326618,,F,Free (free for publication),2,Two,A,Normal value,0,Units
DATAFLOW,OECD.ELS.JAI:DSD_EPL@DF_EPL(1.0),Strictness of employment protection,I,A,Annual,FIN,Finland,EPL_OV,Individual and collective dismissals (regular contracts),0_TO_6,0-6 scale,VERSION3,Version 3 (2008-2019),2016,,2.107142925,,F,Free (free for publication),2,Two,A,Normal value,0,Units
DATAFLOW,OECD.ELS.JAI:DSD_EPL@DF_EPL(1.0),Strictness of employment protection,I,A,Annual,FRA,France,EPL_OV,Individual and collective dismissals (regular contracts),0_TO_6,0-6 scale,VERSION3,Version 3 (2008-2019),2016,,2.831213236,,F,Free (free for publication),2,Two,A,Normal value,0,Units
DATAFLOW,OECD.ELS.JAI:DSD_EPL@DF_EPL(1.0),Strictness of employment protection,I,A,Annual,DEU,Germany,EPL_OV,Individual and collective dismissals (regular contracts),0_TO_6,0-6 scale,VERSION3,Version 3 (2008-2019),2016,,2.78231287,,F,Free (free for publication),2,Two,A,Normal value,0,Units
DATAFLOW,OECD.ELS.JAI:DSD_EPL@DF_EPL(1.0),Strictness of employment protection,I,A,Annual,GRC,Greece,EPL_OV,Individual and collective dismissals (regular contracts),0_TO_6,0-6 scale,VERSION3,Version 3 (2008-2019),2016,,2.493764162,,F,Free (free for publication),2,Two,A,Normal value,0,Units
DATAFLOW,OECD.ELS.JAI:DSD_EPL@DF_EPL(1.0),Strictness of employment protection,I,A,Annual,HUN,Hungary,EPL_OV,Individual and collective dismissals (regular contracts),0_TO_6,0-6 scale,VERSION3,Version 3 (2008-2019),2016,,2.074263096,,F,Free (free for publication),2,Two,A,Normal value,0,Units
DATAFLOW,OECD.ELS.JAI:DSD_EPL@DF_EPL(1.0),Strictness of employment protection,I,A,Annual,ISL,Iceland,EPL_OV,Individual and collective dismissals (regular contracts),0_TO_6,0-6 scale,VERSION3,Version 3 (2008-2019),2016,,2.160430908,,F,Free (free for publication),2,Two,A,Normal value,0,Units
DATAFLOW,OECD.ELS.JAI:DSD_EPL@DF_EPL(1.0),Strictness of employment protection,I,A,Annual,IRL,Ireland,EPL_OV,Individual and collective dismissals (regular contracts),0_TO_6,0-6 scale,VERSION3,Version 3 (2008-2019),2016,,1.950113416,,F,Free (free for publication),2,Two,A,Normal value,0,Units
DATAFLOW,OECD.ELS.JAI:DSD_EPL@DF_EPL(1.0),Strictness of employment protection,I,A,Annual,ISR,Israel,EPL_OV,Individual and collective dismissals (regular contracts),0_TO_6,0-6 scale,VERSION3,Version 3 (2008-2019),2016,,2.406462669,,F,Free (free for publication),2,Two,A,Normal value,0,Units
DATAFLOW,OECD.ELS.JAI:DSD_EPL@DF_EPL(1.0),Strictness of employment protection,I,A,Annual,ITA,Italy,EPL_OV,Individual and collective dismissals (regular contracts),0_TO_6,0-6 scale,VERSION3,Version 3 (2008-2019),2016,,2.773242712,,F,Free (free for publication),2,Two,A,Normal value,0,Units
DATAFLOW,OECD.ELS.JAI:DSD_EPL@DF_EPL(1.0),Strictness of employment protection,I,A,Annual,JPN,Japan,EPL_OV,Individual and collective dismissals (regular contracts),0_TO_6,0-6 scale,VERSION3,Version 3 (2008-2019),2016,,2.061224461,,F,Free (free for publication),2,Two,A,Normal value,0,Units
DATAFLOW,OECD.ELS.JAI:DSD_EPL@DF_EPL(1.0),Strictness of employment protection,I,A,Annual,KOR,Korea,EPL_OV,Individual and collective dismissals (regular contracts),0_TO_6,0-6 scale,VERSION3,Version 3 (2008-2019),2016,,2.178571463,,F,Free (free for publication),2,Two,A,Normal value,0,Units
DATAFLOW,OECD.ELS.JAI:DSD_EPL@DF_EPL(1.0),Strictness of employment protection,I,A,Annual,LVA,Latvia,EPL_OV,Individual and collective dismissals (regular contracts),0_TO_6,0-6 scale,VERSION3,Version 3 (2008-2019),2016,,3.097505808,,F,Free (free for publication),2,Two,A,Normal value,0,Units
DATAFLOW,OECD.ELS.JAI:DSD_EPL@DF_EPL(1.0),Strictness of employment protection,I,A,Annual,LTU,Lithuania,EPL_OV,Individual and collective dismissals (regular contracts),0_TO_6,0-6 scale,VERSION3,Version 3 (2008-2019),2016,,2.53117919,,F,Free (free for publication),2,Two,A,Normal value,0,Units
DATAFLOW,OECD.ELS.JAI:DSD_EPL@DF_EPL(1.0),Strictness of employment protection,I,A,Annual,LUX,Luxembourg,EPL_OV,Individual and collective dismissals (regular contracts),0_TO_6,0-6 scale,VERSION3,Version 3 (2008-2019),2016,,2.656689405,,F,Free (free for publication),2,Two,A,Normal value,0,Units
DATAFLOW,OECD.ELS.JAI:DSD_EPL@DF_EPL(1.0),Strictness of employment protection,I,A,Annual,MEX,Mexico,EPL_OV,Individual and collective dismissals (regular contracts),0_TO_6,0-6 scale,VERSION3,Version 3 (2008-2019),2016,,2.705782413,,F,Free (free for publication),2,Two,A,Normal value,0,Units
DATAFLOW,OECD.ELS.JAI:DSD_EPL@DF_EPL(1.0),Strictness of employment protection,I,A,Annual,NLD,Netherlands,EPL_OV,Individual and collective dismissals (regular contracts),0_TO_6,0-6 scale,VERSION3,Version 3 (2008-2019),2016,,3.394841194,,F,Free (free for publication),2,Two,A,Normal value,0,Units
DATAFLOW,OECD.ELS.JAI:DSD_EPL@DF_EPL(1.0),Strictness of employment protection,I,A,Annual,NZL,New Zealand,EPL_OV,Individual and collective dismissals (regular contracts),0_TO_6,0-6 scale,VERSION3,Version 3 (2008-2019),2016,,1.137755036,,F,Free (free for publication),2,Two,A,Normal value,0,Units
DATAFLOW,OECD.ELS.JAI:DSD_EPL@DF_EPL(1.0),Strictness of employment protection,I,A,Annual,NOR,Norway,EPL_OV,Individual and collective dismissals (regular contracts),0_TO_6,0-6 scale,VERSION3,Version 3 (2008-2019),2016,,2.309523821,,F,Free (free for publication),2,Two,A,Normal value,0,Units
DATAFLOW,OECD.ELS.JAI:DSD_EPL@DF_EPL(1.0),Strictness of employment protection,I,A,Annual,POL,Poland,EPL_OV,Individual and collective dismissals (regular contracts),0_TO_6,0-6 scale,VERSION3,Version 3 (2008-2019),2016,,2.434807301,,F,Free (free for publication),2,Two,A,Normal value,0,Units
DATAFLOW,OECD.ELS.JAI:DSD_EPL@DF_EPL(1.0),Strictness of employment protection,I,A,Annual,PRT,Portugal,EPL_OV,Individual and collective dismissals (regular contracts),0_TO_6,0-6 scale,VERSION3,Version 3 (2008-2019),2016,,2.670634747,,F,Free (free for publication),2,Two,A,Normal value,0,Units
DATAFLOW,OECD.ELS.JAI:DSD_EPL@DF_EPL(1.0),Strictness of employment protection,I,A,Annual,SVK,Slovak Republic,EPL_OV,Individual and collective dismissals (regular contracts),0_TO_6,0-6 scale,VERSION3,Version 3 (2008-2019),2016,,2.684240341,,F,Free (free for publication),2,Two,A,Normal value,0,Units
DATAFLOW,OECD.ELS.JAI:DSD_EPL@DF_EPL(1.0),Strictness of employment protection,I,A,Annual,SVN,Slovenia,EPL_OV,Individual and collective dismissals (regular contracts),0_TO_6,0-6 scale,VERSION3,Version 3 (2008-2019),2016,,2.410997629,,F,Free (free for publication),2,Two,A,Normal value,0,Units
DATAFLOW,OECD.ELS.JAI:DSD_EPL@DF_EPL(1.0),Strictness of employment protection,I,A,Annual,ESP,Spain,EPL_OV,Individual and collective dismissals (regular contracts),0_TO_6,0-6 scale,VERSION3,Version 3 (2008-2019),2016,,2.199965954,,F,Free (free for publication),2,Two,A,Normal value,0,Units
DATAFLOW,OECD.ELS.JAI:DSD_EPL@DF_EPL(1.0),Strictness of employment protection,I,A,Annual,SWE,Sweden,EPL_OV,Individual and collective dismissals (regular contracts),0_TO_6,0-6 scale,VERSION3,Version 3 (2008-2019),2016,,2.616496563,,F,Free (free for publication),2,Two,A,Normal value,0,Units
DATAFLOW,OECD.ELS.JAI:DSD_EPL@DF_EPL(1.0),Strictness of employment protection,I,A,Annual,CHE,Switzerland,EPL_OV,Individual and collective dismissals (regular contracts),0_TO_6,0-6 scale,VERSION3,Version 3 (2008-2019),2016,,1.984693885,,F,Free (free for publication),2,Two,A,Normal value,0,Units
DATAFLOW,OECD.ELS.JAI:DSD_EPL@DF_EPL(1.0),Strictness of employment protection,I,A,Annual,TUR,Türkiye,EPL_OV,Individual and collective dismissals (regular contracts),0_TO_6,0-6 scale,VERSION3,Version 3 (2008-2019),2016,,2.732993126,,F,Free (free for publication),2,Two,A,Normal value,0,Units
DATAFLOW,OECD.ELS.JAI:DSD_EPL@DF_EPL(1.0),Strictness of employment protection,I,A,Annual,GBR,United Kingdom,EPL_OV,Individual and collective dismissals (regular contracts),0_TO_6,0-6 scale,VERSION3,Version 3 (2008-2019),2016,,1.603741407,,F,Free (free for publication),2,Two,A,Normal value,0,Units
DATAFLOW,OECD.ELS.JAI:DSD_EPL@DF_EPL(1.0),Strictness of employment protection,I,A,Annual,USA,United States,EPL_OV,Individual and collective dismissals (regular contracts),0_TO_6,0-6 scale,VERSION3,Version 3 (2008-2019),2016,,0.958809495,,F,Free (free for publication),2,Two,A,Normal value,0,Units
DATAFLOW,OECD.ELS.JAI:DSD_EPL@DF_EPL(1.0),Strictness of employment protection,I,A,Annual,OECD,OECD,EPL_OV,Individual and collective dismissals (regular contracts),0_TO_6,0-6 scale,VERSION3,Version 3 (2008-2019),2016,,2.268217325,,F,Free (free for publication),2,Two,A,Normal value,0,Units
DATAFLOW,OECD.ELS.JAI:DSD_EPL@DF_EPL(1.0),Strictness of employment protection,I,A,Annual,ARG,Argentina,EPL_OV,Individual and collective dismissals (regular contracts),0_TO_6,0-6 scale,VERSION3,Version 3 (2008-2019),2016,,2.559671402,,F,Free (free for publication),2,Two,A,Normal value,0,Units
DATAFLOW,OECD.ELS.JAI:DSD_EPL@DF_EPL(1.0),Strictness of employment protection,I,A,Annual,PRY,Paraguay,EPL_OV,Individual and collective dismissals (regular contracts),0_TO_6,0-6 scale,VERSION3,Version 3 (2008-2019),2016,,1.515306115,,F,Free (free for publication),2,Two,A,Normal value,0,Units
DATAFLOW,OECD.ELS.JAI:DSD_EPL@DF_EPL(1.0),Strictness of employment protection,I,A,Annual,PER,Peru,EPL_OV,Individual and collective dismissals (regular contracts),0_TO_6,0-6 scale,VERSION3,Version 3 (2008-2019),2016,,2.380952358,,F,Free (free for publication),2,Two,A,Normal value,0,Units
DATAFLOW,OECD.ELS.JAI:DSD_EPL@DF_EPL(1.0),Strictness of employment protection,I,A,Annual,URY,Uruguay,EPL_OV,Individual and collective dismissals (regular contracts),0_TO_6,0-6 scale,VERSION3,Version 3 (2008-2019),2016,,1.417800426,,F,Free (free for publication),2,Two,A,Normal value,0,Units
DATAFLOW,OECD.ELS.JAI:DSD_EPL@DF_EPL(1.0),Strictness of employment protection,I,A,Annual,AUS,Australia,EPL_OV,Individual and collective dismissals (regular contracts),0_TO_6,0-6 scale,VERSION3,Version 3 (2008-2019),2017,,1.940476179,,F,Free (free for publication),2,Two,A,Normal value,0,Units
DATAFLOW,OECD.ELS.JAI:DSD_EPL@DF_EPL(1.0),Strictness of employment protection,I,A,Annual,AUT,Austria,EPL_OV,Individual and collective dismissals (regular contracts),0_TO_6,0-6 scale,VERSION3,Version 3 (2008-2019),2017,,2.394557953,,F,Free (free for publication),2,Two,A,Normal value,0,Units
DATAFLOW,OECD.ELS.JAI:DSD_EPL@DF_EPL(1.0),Strictness of employment protection,I,A,Annual,BEL,Belgium,EPL_OV,Individual and collective dismissals (regular contracts),0_TO_6,0-6 scale,VERSION3,Version 3 (2008-2019),2017,,3.024376392,,F,Free (free for publication),2,Two,A,Normal value,0,Units
DATAFLOW,OECD.ELS.JAI:DSD_EPL@DF_EPL(1.0),Strictness of employment protection,I,A,Annual,CAN,Canada,EPL_OV,Individual and collective dismissals (regular contracts),0_TO_6,0-6 scale,VERSION3,Version 3 (2008-2019),2017,,1.314858317,,F,Free (free for publication),2,Two,A,Normal value,0,Units
DATAFLOW,OECD.ELS.JAI:DSD_EPL@DF_EPL(1.0),Strictness of employment protection,I,A,Annual,CHL,Chile,EPL_OV,Individual and collective dismissals (regular contracts),0_TO_6,0-6 scale,VERSION3,Version 3 (2008-2019),2017,,1.839002252,,F,Free (free for publication),2,Two,A,Normal value,0,Units
DATAFLOW,OECD.ELS.JAI:DSD_EPL@DF_EPL(1.0),Strictness of employment protection,I,A,Annual,COL,Colombia,EPL_OV,Individual and collective dismissals (regular contracts),0_TO_6,0-6 scale,VERSION3,Version 3 (2008-2019),2017,,2.433106422,,F,Free (free for publication),2,Two,A,Normal value,0,Units
DATAFLOW,OECD.ELS.JAI:DSD_EPL@DF_EPL(1.0),Strictness of employment protection,I,A,Annual,CRI,Costa Rica,EPL_OV,Individual and collective dismissals (regular contracts),0_TO_6,0-6 scale,VERSION3,Version 3 (2008-2019),2017,,0.487528354,,F,Free (free for publication),2,Two,A,Normal value,0,Units
DATAFLOW,OECD.ELS.JAI:DSD_EPL@DF_EPL(1.0),Strictness of employment protection,I,A,Annual,CZE,Czechia,EPL_OV,Individual and collective dismissals (regular contracts),0_TO_6,0-6 scale,VERSION3,Version 3 (2008-2019),2017,,2.898526192,,F,Free (free for publication),2,Two,A,Normal value,0,Units
DATAFLOW,OECD.ELS.JAI:DSD_EPL@DF_EPL(1.0),Strictness of employment protection,I,A,Annual,DNK,Denmark,EPL_OV,Individual and collective dismissals (regular contracts),0_TO_6,0-6 scale,VERSION3,Version 3 (2008-2019),2017,,1.844104409,,F,Free (free for publication),2,Two,A,Normal value,0,Units
DATAFLOW,OECD.ELS.JAI:DSD_EPL@DF_EPL(1.0),Strictness of employment protection,I,A,Annual,EST,Estonia,EPL_OV,Individual and collective dismissals (regular contracts),0_TO_6,0-6 scale,VERSION3,Version 3 (2008-2019),2017,,2.066326618,,F,Free (free for publication),2,Two,A,Normal value,0,Units
DATAFLOW,OECD.ELS.JAI:DSD_EPL@DF_EPL(1.0),Strictness of employment protection,I,A,Annual,FIN,Finland,EPL_OV,Individual and collective dismissals (regular contracts),0_TO_6,0-6 scale,VERSION3,Version 3 (2008-2019),2017,,2.059523821,,F,Free (free for publication),2,Two,A,Normal value,0,Units
DATAFLOW,OECD.ELS.JAI:DSD_EPL@DF_EPL(1.0),Strictness of employment protection,I,A,Annual,FRA,France,EPL_OV,Individual and collective dismissals (regular contracts),0_TO_6,0-6 scale,VERSION3,Version 3 (2008-2019),2017,,2.831213236,,F,Free (free for publication),2,Two,A,Normal value,0,Units
DATAFLOW,OECD.ELS.JAI:DSD_EPL@DF_EPL(1.0),Strictness of employment protection,I,A,Annual,DEU,Germany,EPL_OV,Individual and collective dismissals (regular contracts),0_TO_6,0-6 scale,VERSION3,Version 3 (2008-2019),2017,,2.78231287,,F,Free (free for publication),2,Two,A,Normal value,0,Units
DATAFLOW,OECD.ELS.JAI:DSD_EPL@DF_EPL(1.0),Strictness of employment protection,I,A,Annual,GRC,Greece,EPL_OV,Individual and collective dismissals (regular contracts),0_TO_6,0-6 scale,VERSION3,Version 3 (2008-2019),2017,,2.493764162,,F,Free (free for publication),2,Two,A,Normal value,0,Units
DATAFLOW,OECD.ELS.JAI:DSD_EPL@DF_EPL(1.0),Strictness of employment protection,I,A,Annual,HUN,Hungary,EPL_OV,Individual and collective dismissals (regular contracts),0_TO_6,0-6 scale,VERSION3,Version 3 (2008-2019),2017,,2.074263096,,F,Free (free for publication),2,Two,A,Normal value,0,Units
DATAFLOW,OECD.ELS.JAI:DSD_EPL@DF_EPL(1.0),Strictness of employment protection,I,A,Annual,ISL,Iceland,EPL_OV,Individual and collective dismissals (regular contracts),0_TO_6,0-6 scale,VERSION3,Version 3 (2008-2019),2017,,2.160430908,,F,Free (free for publication),2,Two,A,Normal value,0,Units
DATAFLOW,OECD.ELS.JAI:DSD_EPL@DF_EPL(1.0),Strictness of employment protection,I,A,Annual,IRL,Ireland,EPL_OV,Individual and collective dismissals (regular contracts),0_TO_6,0-6 scale,VERSION3,Version 3 (2008-2019),2017,,1.950113416,,F,Free (free for publication),2,Two,A,Normal value,0,Units
DATAFLOW,OECD.ELS.JAI:DSD_EPL@DF_EPL(1.0),Strictness of employment protection,I,A,Annual,ISR,Israel,EPL_OV,Individual and collective dismissals (regular contracts),0_TO_6,0-6 scale,VERSION3,Version 3 (2008-2019),2017,,2.406462669,,F,Free (free for publication),2,Two,A,Normal value,0,Units
DATAFLOW,OECD.ELS.JAI:DSD_EPL@DF_EPL(1.0),Strictness of employment protection,I,A,Annual,ITA,Italy,EPL_OV,Individual and collective dismissals (regular contracts),0_TO_6,0-6 scale,VERSION3,Version 3 (2008-2019),2017,,2.558956861,,F,Free (free for publication),2,Two,A,Normal value,0,Units
DATAFLOW,OECD.ELS.JAI:DSD_EPL@DF_EPL(1.0),Strictness of employment protection,I,A,Annual,JPN,Japan,EPL_OV,Individual and collective dismissals (regular contracts),0_TO_6,0-6 scale,VERSION3,Version 3 (2008-2019),2017,,2.061224461,,F,Free (free for publication),2,Two,A,Normal value,0,Units
DATAFLOW,OECD.ELS.JAI:DSD_EPL@DF_EPL(1.0),Strictness of employment protection,I,A,Annual,KOR,Korea,EPL_OV,Individual and collective dismissals (regular contracts),0_TO_6,0-6 scale,VERSION3,Version 3 (2008-2019),2017,,2.178571463,,F,Free (free for publication),2,Two,A,Normal value,0,Units
DATAFLOW,OECD.ELS.JAI:DSD_EPL@DF_EPL(1.0),Strictness of employment protection,I,A,Annual,LVA,Latvia,EPL_OV,Individual and collective dismissals (regular contracts),0_TO_6,0-6 scale,VERSION3,Version 3 (2008-2019),2017,,3.097505808,,F,Free (free for publication),2,Two,A,Normal value,0,Units
DATAFLOW,OECD.ELS.JAI:DSD_EPL@DF_EPL(1.0),Strictness of employment protection,I,A,Annual,LTU,Lithuania,EPL_OV,Individual and collective dismissals (regular contracts),0_TO_6,0-6 scale,VERSION3,Version 3 (2008-2019),2017,,2.53117919,,F,Free (free for publication),2,Two,A,Normal value,0,Units
DATAFLOW,OECD.ELS.JAI:DSD_EPL@DF_EPL(1.0),Strictness of employment protection,I,A,Annual,LUX,Luxembourg,EPL_OV,Individual and collective dismissals (regular contracts),0_TO_6,0-6 scale,VERSION3,Version 3 (2008-2019),2017,,2.656689405,,F,Free (free for publication),2,Two,A,Normal value,0,Units
DATAFLOW,OECD.ELS.JAI:DSD_EPL@DF_EPL(1.0),Strictness of employment protection,I,A,Annual,MEX,Mexico,EPL_OV,Individual and collective dismissals (regular contracts),0_TO_6,0-6 scale,VERSION3,Version 3 (2008-2019),2017,,2.705782413,,F,Free (free for publication),2,Two,A,Normal value,0,Units
DATAFLOW,OECD.ELS.JAI:DSD_EPL@DF_EPL(1.0),Strictness of employment protection,I,A,Annual,NLD,Netherlands,EPL_OV,Individual and collective dismissals (regular contracts),0_TO_6,0-6 scale,VERSION3,Version 3 (2008-2019),2017,,3.394841194,,F,Free (free for publication),2,Two,A,Normal value,0,Units
DATAFLOW,OECD.ELS.JAI:DSD_EPL@DF_EPL(1.0),Strictness of employment protection,I,A,Annual,NZL,New Zealand,EPL_OV,Individual and collective dismissals (regular contracts),0_TO_6,0-6 scale,VERSION3,Version 3 (2008-2019),2017,,1.137755036,,F,Free (free for publication),2,Two,A,Normal value,0,Units
DATAFLOW,OECD.ELS.JAI:DSD_EPL@DF_EPL(1.0),Strictness of employment protection,I,A,Annual,NOR,Norway,EPL_OV,Individual and collective dismissals (regular contracts),0_TO_6,0-6 scale,VERSION3,Version 3 (2008-2019),2017,,2.309523821,,F,Free (free for publication),2,Two,A,Normal value,0,Units
DATAFLOW,OECD.ELS.JAI:DSD_EPL@DF_EPL(1.0),Strictness of employment protection,I,A,Annual,POL,Poland,EPL_OV,Individual and collective dismissals (regular contracts),0_TO_6,0-6 scale,VERSION3,Version 3 (2008-2019),2017,,2.434807301,,F,Free (free for publication),2,Two,A,Normal value,0,Units
DATAFLOW,OECD.ELS.JAI:DSD_EPL@DF_EPL(1.0),Strictness of employment protection,I,A,Annual,PRT,Portugal,EPL_OV,Individual and collective dismissals (regular contracts),0_TO_6,0-6 scale,VERSION3,Version 3 (2008-2019),2017,,2.670634747,,F,Free (free for publication),2,Two,A,Normal value,0,Units
DATAFLOW,OECD.ELS.JAI:DSD_EPL@DF_EPL(1.0),Strictness of employment protection,I,A,Annual,SVK,Slovak Republic,EPL_OV,Individual and collective dismissals (regular contracts),0_TO_6,0-6 scale,VERSION3,Version 3 (2008-2019),2017,,2.684240341,,F,Free (free for publication),2,Two,A,Normal value,0,Units
DATAFLOW,OECD.ELS.JAI:DSD_EPL@DF_EPL(1.0),Strictness of employment protection,I,A,Annual,SVN,Slovenia,EPL_OV,Individual and collective dismissals (regular contracts),0_TO_6,0-6 scale,VERSION3,Version 3 (2008-2019),2017,,2.410997629,,F,Free (free for publication),2,Two,A,Normal value,0,Units
DATAFLOW,OECD.ELS.JAI:DSD_EPL@DF_EPL(1.0),Strictness of employment protection,I,A,Annual,ESP,Spain,EPL_OV,Individual and collective dismissals (regular contracts),0_TO_6,0-6 scale,VERSION3,Version 3 (2008-2019),2017,,2.199965954,,F,Free (free for publication),2,Two,A,Normal value,0,Units
DATAFLOW,OECD.ELS.JAI:DSD_EPL@DF_EPL(1.0),Strictness of employment protection,I,A,Annual,SWE,Sweden,EPL_OV,Individual and collective dismissals (regular contracts),0_TO_6,0-6 scale,VERSION3,Version 3 (2008-2019),2017,,2.616496563,,F,Free (free for publication),2,Two,A,Normal value,0,Units
DATAFLOW,OECD.ELS.JAI:DSD_EPL@DF_EPL(1.0),Strictness of employment protection,I,A,Annual,CHE,Switzerland,EPL_OV,Individual and collective dismissals (regular contracts),0_TO_6,0-6 scale,VERSION3,Version 3 (2008-2019),2017,,1.984693885,,F,Free (free for publication),2,Two,A,Normal value,0,Units
DATAFLOW,OECD.ELS.JAI:DSD_EPL@DF_EPL(1.0),Strictness of employment protection,I,A,Annual,TUR,Türkiye,EPL_OV,Individual and collective dismissals (regular contracts),0_TO_6,0-6 scale,VERSION3,Version 3 (2008-2019),2017,,2.732993126,,F,Free (free for publication),2,Two,A,Normal value,0,Units
DATAFLOW,OECD.ELS.JAI:DSD_EPL@DF_EPL(1.0),Strictness of employment protection,I,A,Annual,GBR,United Kingdom,EPL_OV,Individual and collective dismissals (regular contracts),0_TO_6,0-6 scale,VERSION3,Version 3 (2008-2019),2017,,1.603741407,,F,Free (free for publication),2,Two,A,Normal value,0,Units
DATAFLOW,OECD.ELS.JAI:DSD_EPL@DF_EPL(1.0),Strictness of employment protection,I,A,Annual,USA,United States,EPL_OV,Individual and collective dismissals (regular contracts),0_TO_6,0-6 scale,VERSION3,Version 3 (2008-2019),2017,,0.958809495,,F,Free (free for publication),2,Two,A,Normal value,0,Units
DATAFLOW,OECD.ELS.JAI:DSD_EPL@DF_EPL(1.0),Strictness of employment protection,I,A,Annual,OECD,OECD,EPL_OV,Individual and collective dismissals (regular contracts),0_TO_6,0-6 scale,VERSION3,Version 3 (2008-2019),2017,,2.261325121,,F,Free (free for publication),2,Two,A,Normal value,0,Units
DATAFLOW,OECD.ELS.JAI:DSD_EPL@DF_EPL(1.0),Strictness of employment protection,I,A,Annual,ARG,Argentina,EPL_OV,Individual and collective dismissals (regular contracts),0_TO_6,0-6 scale,VERSION3,Version 3 (2008-2019),2017,,2.559671402,,F,Free (free for publication),2,Two,A,Normal value,0,Units
DATAFLOW,OECD.ELS.JAI:DSD_EPL@DF_EPL(1.0),Strictness of employment protection,I,A,Annual,PRY,Paraguay,EPL_OV,Individual and collective dismissals (regular contracts),0_TO_6,0-6 scale,VERSION3,Version 3 (2008-2019),2017,,1.515306115,,F,Free (free for publication),2,Two,A,Normal value,0,Units
DATAFLOW,OECD.ELS.JAI:DSD_EPL@DF_EPL(1.0),Strictness of employment protection,I,A,Annual,PER,Peru,EPL_OV,Individual and collective dismissals (regular contracts),0_TO_6,0-6 scale,VERSION3,Version 3 (2008-2019),2017,,2.380952358,,F,Free (free for publication),2,Two,A,Normal value,0,Units
DATAFLOW,OECD.ELS.JAI:DSD_EPL@DF_EPL(1.0),Strictness of employment protection,I,A,Annual,URY,Uruguay,EPL_OV,Individual and collective dismissals (regular contracts),0_TO_6,0-6 scale,VERSION3,Version 3 (2008-2019),2017,,1.417800426,,F,Free (free for publication),2,Two,A,Normal value,0,Units
DATAFLOW,OECD.ELS.JAI:DSD_EPL@DF_EPL(1.0),Strictness of employment protection,I,A,Annual,AUS,Australia,EPL_OV,Individual and collective dismissals (regular contracts),0_TO_6,0-6 scale,VERSION3,Version 3 (2008-2019),2018,,1.940476179,,F,Free (free for publication),2,Two,A,Normal value,0,Units
DATAFLOW,OECD.ELS.JAI:DSD_EPL@DF_EPL(1.0),Strictness of employment protection,I,A,Annual,AUT,Austria,EPL_OV,Individual and collective dismissals (regular contracts),0_TO_6,0-6 scale,VERSION3,Version 3 (2008-2019),2018,,2.394557953,,F,Free (free for publication),2,Two,A,Normal value,0,Units
DATAFLOW,OECD.ELS.JAI:DSD_EPL@DF_EPL(1.0),Strictness of employment protection,I,A,Annual,BEL,Belgium,EPL_OV,Individual and collective dismissals (regular contracts),0_TO_6,0-6 scale,VERSION3,Version 3 (2008-2019),2018,,3.024376392,,F,Free (free for publication),2,Two,A,Normal value,0,Units
DATAFLOW,OECD.ELS.JAI:DSD_EPL@DF_EPL(1.0),Strictness of employment protection,I,A,Annual,CAN,Canada,EPL_OV,Individual and collective dismissals (regular contracts),0_TO_6,0-6 scale,VERSION3,Version 3 (2008-2019),2018,,1.314858317,,F,Free (free for publication),2,Two,A,Normal value,0,Units
DATAFLOW,OECD.ELS.JAI:DSD_EPL@DF_EPL(1.0),Strictness of employment protection,I,A,Annual,CHL,Chile,EPL_OV,Individual and collective dismissals (regular contracts),0_TO_6,0-6 scale,VERSION3,Version 3 (2008-2019),2018,,1.839002252,,F,Free (free for publication),2,Two,A,Normal value,0,Units
DATAFLOW,OECD.ELS.JAI:DSD_EPL@DF_EPL(1.0),Strictness of employment protection,I,A,Annual,COL,Colombia,EPL_OV,Individual and collective dismissals (regular contracts),0_TO_6,0-6 scale,VERSION3,Version 3 (2008-2019),2018,,2.433106422,,F,Free (free for publication),2,Two,A,Normal value,0,Units
DATAFLOW,OECD.ELS.JAI:DSD_EPL@DF_EPL(1.0),Strictness of employment protection,I,A,Annual,CRI,Costa Rica,EPL_OV,Individual and collective dismissals (regular contracts),0_TO_6,0-6 scale,VERSION3,Version 3 (2008-2019),2018,,0.487528354,,F,Free (free for publication),2,Two,A,Normal value,0,Units
DATAFLOW,OECD.ELS.JAI:DSD_EPL@DF_EPL(1.0),Strictness of employment protection,I,A,Annual,CZE,Czechia,EPL_OV,Individual and collective dismissals (regular contracts),0_TO_6,0-6 scale,VERSION3,Version 3 (2008-2019),2018,,2.898526192,,F,Free (free for publication),2,Two,A,Normal value,0,Units
DATAFLOW,OECD.ELS.JAI:DSD_EPL@DF_EPL(1.0),Strictness of employment protection,I,A,Annual,DNK,Denmark,EPL_OV,Individual and collective dismissals (regular contracts),0_TO_6,0-6 scale,VERSION3,Version 3 (2008-2019),2018,,1.844104409,,F,Free (free for publication),2,Two,A,Normal value,0,Units
DATAFLOW,OECD.ELS.JAI:DSD_EPL@DF_EPL(1.0),Strictness of employment protection,I,A,Annual,EST,Estonia,EPL_OV,Individual and collective dismissals (regular contracts),0_TO_6,0-6 scale,VERSION3,Version 3 (2008-2019),2018,,2.066326618,,F,Free (free for publication),2,Two,A,Normal value,0,Units
DATAFLOW,OECD.ELS.JAI:DSD_EPL@DF_EPL(1.0),Strictness of employment protection,I,A,Annual,FIN,Finland,EPL_OV,Individual and collective dismissals (regular contracts),0_TO_6,0-6 scale,VERSION3,Version 3 (2008-2019),2018,,2.059523821,,F,Free (free for publication),2,Two,A,Normal value,0,Units
DATAFLOW,OECD.ELS.JAI:DSD_EPL@DF_EPL(1.0),Strictness of employment protection,I,A,Annual,FRA,France,EPL_OV,Individual and collective dismissals (regular contracts),0_TO_6,0-6 scale,VERSION3,Version 3 (2008-2019),2018,,2.828945637,,F,Free (free for publication),2,Two,A,Normal value,0,Units
DATAFLOW,OECD.ELS.JAI:DSD_EPL@DF_EPL(1.0),Strictness of employment protection,I,A,Annual,DEU,Germany,EPL_OV,Individual and collective dismissals (regular contracts),0_TO_6,0-6 scale,VERSION3,Version 3 (2008-2019),2018,,2.78231287,,F,Free (free for publication),2,Two,A,Normal value,0,Units
DATAFLOW,OECD.ELS.JAI:DSD_EPL@DF_EPL(1.0),Strictness of employment protection,I,A,Annual,GRC,Greece,EPL_OV,Individual and collective dismissals (regular contracts),0_TO_6,0-6 scale,VERSION3,Version 3 (2008-2019),2018,,2.493764162,,F,Free (free for publication),2,Two,A,Normal value,0,Units
DATAFLOW,OECD.ELS.JAI:DSD_EPL@DF_EPL(1.0),Strictness of employment protection,I,A,Annual,HUN,Hungary,EPL_OV,Individual and collective dismissals (regular contracts),0_TO_6,0-6 scale,VERSION3,Version 3 (2008-2019),2018,,2.074263096,,F,Free (free for publication),2,Two,A,Normal value,0,Units
DATAFLOW,OECD.ELS.JAI:DSD_EPL@DF_EPL(1.0),Strictness of employment protection,I,A,Annual,ISL,Iceland,EPL_OV,Individual and collective dismissals (regular contracts),0_TO_6,0-6 scale,VERSION3,Version 3 (2008-2019),2018,,2.160430908,,F,Free (free for publication),2,Two,A,Normal value,0,Units
DATAFLOW,OECD.ELS.JAI:DSD_EPL@DF_EPL(1.0),Strictness of employment protection,I,A,Annual,IRL,Ireland,EPL_OV,Individual and collective dismissals (regular contracts),0_TO_6,0-6 scale,VERSION3,Version 3 (2008-2019),2018,,1.950113416,,F,Free (free for publication),2,Two,A,Normal value,0,Units
DATAFLOW,OECD.ELS.JAI:DSD_EPL@DF_EPL(1.0),Strictness of employment protection,I,A,Annual,ISR,Israel,EPL_OV,Individual and collective dismissals (regular contracts),0_TO_6,0-6 scale,VERSION3,Version 3 (2008-2019),2018,,2.406462669,,F,Free (free for publication),2,Two,A,Normal value,0,Units
DATAFLOW,OECD.ELS.JAI:DSD_EPL@DF_EPL(1.0),Strictness of employment protection,I,A,Annual,ITA,Italy,EPL_OV,Individual and collective dismissals (regular contracts),0_TO_6,0-6 scale,VERSION3,Version 3 (2008-2019),2018,,2.558956861,,F,Free (free for publication),2,Two,A,Normal value,0,Units
DATAFLOW,OECD.ELS.JAI:DSD_EPL@DF_EPL(1.0),Strictness of employment protection,I,A,Annual,JPN,Japan,EPL_OV,Individual and collective dismissals (regular contracts),0_TO_6,0-6 scale,VERSION3,Version 3 (2008-2019),2018,,2.061224461,,F,Free (free for publication),2,Two,A,Normal value,0,Units
DATAFLOW,OECD.ELS.JAI:DSD_EPL@DF_EPL(1.0),Strictness of employment protection,I,A,Annual,KOR,Korea,EPL_OV,Individual and collective dismissals (regular contracts),0_TO_6,0-6 scale,VERSION3,Version 3 (2008-2019),2018,,2.178571463,,F,Free (free for publication),2,Two,A,Normal value,0,Units
DATAFLOW,OECD.ELS.JAI:DSD_EPL@DF_EPL(1.0),Strictness of employment protection,I,A,Annual,LVA,Latvia,EPL_OV,Individual and collective dismissals (regular contracts),0_TO_6,0-6 scale,VERSION3,Version 3 (2008-2019),2018,,3.097505808,,F,Free (free for publication),2,Two,A,Normal value,0,Units
DATAFLOW,OECD.ELS.JAI:DSD_EPL@DF_EPL(1.0),Strictness of employment protection,I,A,Annual,LTU,Lithuania,EPL_OV,Individual and collective dismissals (regular contracts),0_TO_6,0-6 scale,VERSION3,Version 3 (2008-2019),2018,,2.245464802,,F,Free (free for publication),2,Two,A,Normal value,0,Units
DATAFLOW,OECD.ELS.JAI:DSD_EPL@DF_EPL(1.0),Strictness of employment protection,I,A,Annual,LUX,Luxembourg,EPL_OV,Individual and collective dismissals (regular contracts),0_TO_6,0-6 scale,VERSION3,Version 3 (2008-2019),2018,,2.656689405,,F,Free (free for publication),2,Two,A,Normal value,0,Units
DATAFLOW,OECD.ELS.JAI:DSD_EPL@DF_EPL(1.0),Strictness of employment protection,I,A,Annual,MEX,Mexico,EPL_OV,Individual and collective dismissals (regular contracts),0_TO_6,0-6 scale,VERSION3,Version 3 (2008-2019),2018,,2.705782413,,F,Free (free for publication),2,Two,A,Normal value,0,Units
DATAFLOW,OECD.ELS.JAI:DSD_EPL@DF_EPL(1.0),Strictness of employment protection,I,A,Annual,NLD,Netherlands,EPL_OV,Individual and collective dismissals (regular contracts),0_TO_6,0-6 scale,VERSION3,Version 3 (2008-2019),2018,,3.394841194,,F,Free (free for publication),2,Two,A,Normal value,0,Units
DATAFLOW,OECD.ELS.JAI:DSD_EPL@DF_EPL(1.0),Strictness of employment protection,I,A,Annual,NZL,New Zealand,EPL_OV,Individual and collective dismissals (regular contracts),0_TO_6,0-6 scale,VERSION3,Version 3 (2008-2019),2018,,1.137755036,,F,Free (free for publication),2,Two,A,Normal value,0,Units
DATAFLOW,OECD.ELS.JAI:DSD_EPL@DF_EPL(1.0),Strictness of employment protection,I,A,Annual,NOR,Norway,EPL_OV,Individual and collective dismissals (regular contracts),0_TO_6,0-6 scale,VERSION3,Version 3 (2008-2019),2018,,2.309523821,,F,Free (free for publication),2,Two,A,Normal value,0,Units
DATAFLOW,OECD.ELS.JAI:DSD_EPL@DF_EPL(1.0),Strictness of employment protection,I,A,Annual,POL,Poland,EPL_OV,Individual and collective dismissals (regular contracts),0_TO_6,0-6 scale,VERSION3,Version 3 (2008-2019),2018,,2.434807301,,F,Free (free for publication),2,Two,A,Normal value,0,Units
DATAFLOW,OECD.ELS.JAI:DSD_EPL@DF_EPL(1.0),Strictness of employment protection,I,A,Annual,PRT,Portugal,EPL_OV,Individual and collective dismissals (regular contracts),0_TO_6,0-6 scale,VERSION3,Version 3 (2008-2019),2018,,2.670634747,,F,Free (free for publication),2,Two,A,Normal value,0,Units
DATAFLOW,OECD.ELS.JAI:DSD_EPL@DF_EPL(1.0),Strictness of employment protection,I,A,Annual,SVK,Slovak Republic,EPL_OV,Individual and collective dismissals (regular contracts),0_TO_6,0-6 scale,VERSION3,Version 3 (2008-2019),2018,,2.684240341,,F,Free (free for publication),2,Two,A,Normal value,0,Units
DATAFLOW,OECD.ELS.JAI:DSD_EPL@DF_EPL(1.0),Strictness of employment protection,I,A,Annual,SVN,Slovenia,EPL_OV,Individual and collective dismissals (regular contracts),0_TO_6,0-6 scale,VERSION3,Version 3 (2008-2019),2018,,2.410997629,,F,Free (free for publication),2,Two,A,Normal value,0,Units
DATAFLOW,OECD.ELS.JAI:DSD_EPL@DF_EPL(1.0),Strictness of employment protection,I,A,Annual,ESP,Spain,EPL_OV,Individual and collective dismissals (regular contracts),0_TO_6,0-6 scale,VERSION3,Version 3 (2008-2019),2018,,2.199965954,,F,Free (free for publication),2,Two,A,Normal value,0,Units
DATAFLOW,OECD.ELS.JAI:DSD_EPL@DF_EPL(1.0),Strictness of employment protection,I,A,Annual,SWE,Sweden,EPL_OV,Individual and collective dismissals (regular contracts),0_TO_6,0-6 scale,VERSION3,Version 3 (2008-2019),2018,,2.616496563,,F,Free (free for publication),2,Two,A,Normal value,0,Units
DATAFLOW,OECD.ELS.JAI:DSD_EPL@DF_EPL(1.0),Strictness of employment protection,I,A,Annual,CHE,Switzerland,EPL_OV,Individual and collective dismissals (regular contracts),0_TO_6,0-6 scale,VERSION3,Version 3 (2008-2019),2018,,1.984693885,,F,Free (free for publication),2,Two,A,Normal value,0,Units
DATAFLOW,OECD.ELS.JAI:DSD_EPL@DF_EPL(1.0),Strictness of employment protection,I,A,Annual,TUR,Türkiye,EPL_OV,Individual and collective dismissals (regular contracts),0_TO_6,0-6 scale,VERSION3,Version 3 (2008-2019),2018,,2.732993126,,F,Free (free for publication),2,Two,A,Normal value,0,Units
DATAFLOW,OECD.ELS.JAI:DSD_EPL@DF_EPL(1.0),Strictness of employment protection,I,A,Annual,GBR,United Kingdom,EPL_OV,Individual and collective dismissals (regular contracts),0_TO_6,0-6 scale,VERSION3,Version 3 (2008-2019),2018,,1.603741407,,F,Free (free for publication),2,Two,A,Normal value,0,Units
DATAFLOW,OECD.ELS.JAI:DSD_EPL@DF_EPL(1.0),Strictness of employment protection,I,A,Annual,USA,United States,EPL_OV,Individual and collective dismissals (regular contracts),0_TO_6,0-6 scale,VERSION3,Version 3 (2008-2019),2018,,0.958809495,,F,Free (free for publication),2,Two,A,Normal value,0,Units
DATAFLOW,OECD.ELS.JAI:DSD_EPL@DF_EPL(1.0),Strictness of employment protection,I,A,Annual,OECD,OECD,EPL_OV,Individual and collective dismissals (regular contracts),0_TO_6,0-6 scale,VERSION3,Version 3 (2008-2019),2018,,2.253746748,,F,Free (free for publication),2,Two,A,Normal value,0,Units
DATAFLOW,OECD.ELS.JAI:DSD_EPL@DF_EPL(1.0),Strictness of employment protection,I,A,Annual,ARG,Argentina,EPL_OV,Individual and collective dismissals (regular contracts),0_TO_6,0-6 scale,VERSION3,Version 3 (2008-2019),2018,,2.559671402,,F,Free (free for publication),2,Two,A,Normal value,0,Units
DATAFLOW,OECD.ELS.JAI:DSD_EPL@DF_EPL(1.0),Strictness of employment protection,I,A,Annual,PRY,Paraguay,EPL_OV,Individual and collective dismissals (regular contracts),0_TO_6,0-6 scale,VERSION3,Version 3 (2008-2019),2018,,1.515306115,,F,Free (free for publication),2,Two,A,Normal value,0,Units
DATAFLOW,OECD.ELS.JAI:DSD_EPL@DF_EPL(1.0),Strictness of employment protection,I,A,Annual,PER,Peru,EPL_OV,Individual and collective dismissals (regular contracts),0_TO_6,0-6 scale,VERSION3,Version 3 (2008-2019),2018,,2.380952358,,F,Free (free for publication),2,Two,A,Normal value,0,Units
DATAFLOW,OECD.ELS.JAI:DSD_EPL@DF_EPL(1.0),Strictness of employment protection,I,A,Annual,URY,Uruguay,EPL_OV,Individual and collective dismissals (regular contracts),0_TO_6,0-6 scale,VERSION3,Version 3 (2008-2019),2018,,1.417800426,,F,Free (free for publication),2,Two,A,Normal value,0,Units
DATAFLOW,OECD.ELS.JAI:DSD_EPL@DF_EPL(1.0),Strictness of employment protection,I,A,Annual,AUS,Australia,EPL_OV,Individual and collective dismissals (regular contracts),0_TO_6,0-6 scale,VERSION3,Version 3 (2008-2019),2019,,1.940476179,,F,Free (free for publication),2,Two,A,Normal value,0,Units
DATAFLOW,OECD.ELS.JAI:DSD_EPL@DF_EPL(1.0),Strictness of employment protection,I,A,Annual,AUT,Austria,EPL_OV,Individual and collective dismissals (regular contracts),0_TO_6,0-6 scale,VERSION3,Version 3 (2008-2019),2019,,2.394557953,,F,Free (free for publication),2,Two,A,Normal value,0,Units
DATAFLOW,OECD.ELS.JAI:DSD_EPL@DF_EPL(1.0),Strictness of employment protection,I,A,Annual,BEL,Belgium,EPL_OV,Individual and collective dismissals (regular contracts),0_TO_6,0-6 scale,VERSION3,Version 3 (2008-2019),2019,,3.024376392,,F,Free (free for publication),2,Two,A,Normal value,0,Units
DATAFLOW,OECD.ELS.JAI:DSD_EPL@DF_EPL(1.0),Strictness of employment protection,I,A,Annual,CAN,Canada,EPL_OV,Individual and collective dismissals (regular contracts),0_TO_6,0-6 scale,VERSION3,Version 3 (2008-2019),2019,,1.314858317,,F,Free (free for publication),2,Two,A,Normal value,0,Units
DATAFLOW,OECD.ELS.JAI:DSD_EPL@DF_EPL(1.0),Strictness of employment protection,I,A,Annual,CHL,Chile,EPL_OV,Individual and collective dismissals (regular contracts),0_TO_6,0-6 scale,VERSION3,Version 3 (2008-2019),2019,,1.839002252,,F,Free (free for publication),2,Two,A,Normal value,0,Units
DATAFLOW,OECD.ELS.JAI:DSD_EPL@DF_EPL(1.0),Strictness of employment protection,I,A,Annual,COL,Colombia,EPL_OV,Individual and collective dismissals (regular contracts),0_TO_6,0-6 scale,VERSION3,Version 3 (2008-2019),2019,,2.433106422,,F,Free (free for publication),2,Two,A,Normal value,0,Units
DATAFLOW,OECD.ELS.JAI:DSD_EPL@DF_EPL(1.0),Strictness of employment protection,I,A,Annual,CRI,Costa Rica,EPL_OV,Individual and collective dismissals (regular contracts),0_TO_6,0-6 scale,VERSION3,Version 3 (2008-2019),2019,,0.487528354,,F,Free (free for publication),2,Two,A,Normal value,0,Units
DATAFLOW,OECD.ELS.JAI:DSD_EPL@DF_EPL(1.0),Strictness of employment protection,I,A,Annual,CZE,Czechia,EPL_OV,Individual and collective dismissals (regular contracts),0_TO_6,0-6 scale,VERSION3,Version 3 (2008-2019),2019,,2.898526192,,F,Free (free for publication),2,Two,A,Normal value,0,Units
DATAFLOW,OECD.ELS.JAI:DSD_EPL@DF_EPL(1.0),Strictness of employment protection,I,A,Annual,DNK,Denmark,EPL_OV,Individual and collective dismissals (regular contracts),0_TO_6,0-6 scale,VERSION3,Version 3 (2008-2019),2019,,1.844104409,,F,Free (free for publication),2,Two,A,Normal value,0,Units
DATAFLOW,OECD.ELS.JAI:DSD_EPL@DF_EPL(1.0),Strictness of employment protection,I,A,Annual,EST,Estonia,EPL_OV,Individual and collective dismissals (regular contracts),0_TO_6,0-6 scale,VERSION3,Version 3 (2008-2019),2019,,2.066326618,,F,Free (free for publication),2,Two,A,Normal value,0,Units
DATAFLOW,OECD.ELS.JAI:DSD_EPL@DF_EPL(1.0),Strictness of employment protection,I,A,Annual,FIN,Finland,EPL_OV,Individual and collective dismissals (regular contracts),0_TO_6,0-6 scale,VERSION3,Version 3 (2008-2019),2019,,2.059523821,,F,Free (free for publication),2,Two,A,Normal value,0,Units
DATAFLOW,OECD.ELS.JAI:DSD_EPL@DF_EPL(1.0),Strictness of employment protection,I,A,Annual,FRA,France,EPL_OV,Individual and collective dismissals (regular contracts),0_TO_6,0-6 scale,VERSION3,Version 3 (2008-2019),2019,,2.828945637,,F,Free (free for publication),2,Two,A,Normal value,0,Units
DATAFLOW,OECD.ELS.JAI:DSD_EPL@DF_EPL(1.0),Strictness of employment protection,I,A,Annual,DEU,Germany,EPL_OV,Individual and collective dismissals (regular contracts),0_TO_6,0-6 scale,VERSION3,Version 3 (2008-2019),2019,,2.78231287,,F,Free (free for publication),2,Two,A,Normal value,0,Units
DATAFLOW,OECD.ELS.JAI:DSD_EPL@DF_EPL(1.0),Strictness of employment protection,I,A,Annual,GRC,Greece,EPL_OV,Individual and collective dismissals (regular contracts),0_TO_6,0-6 scale,VERSION3,Version 3 (2008-2019),2019,,2.493764162,,F,Free (free for publication),2,Two,A,Normal value,0,Units
DATAFLOW,OECD.ELS.JAI:DSD_EPL@DF_EPL(1.0),Strictness of employment protection,I,A,Annual,HUN,Hungary,EPL_OV,Individual and collective dismissals (regular contracts),0_TO_6,0-6 scale,VERSION3,Version 3 (2008-2019),2019,,2.074263096,,F,Free (free for publication),2,Two,A,Normal value,0,Units
DATAFLOW,OECD.ELS.JAI:DSD_EPL@DF_EPL(1.0),Strictness of employment protection,I,A,Annual,ISL,Iceland,EPL_OV,Individual and collective dismissals (regular contracts),0_TO_6,0-6 scale,VERSION3,Version 3 (2008-2019),2019,,2.160430908,,F,Free (free for publication),2,Two,A,Normal value,0,Units
DATAFLOW,OECD.ELS.JAI:DSD_EPL@DF_EPL(1.0),Strictness of employment protection,I,A,Annual,IRL,Ireland,EPL_OV,Individual and collective dismissals (regular contracts),0_TO_6,0-6 scale,VERSION3,Version 3 (2008-2019),2019,,1.950113416,,F,Free (free for publication),2,Two,A,Normal value,0,Units
DATAFLOW,OECD.ELS.JAI:DSD_EPL@DF_EPL(1.0),Strictness of employment protection,I,A,Annual,ISR,Israel,EPL_OV,Individual and collective dismissals (regular contracts),0_TO_6,0-6 scale,VERSION3,Version 3 (2008-2019),2019,,2.406462669,,F,Free (free for publication),2,Two,A,Normal value,0,Units
DATAFLOW,OECD.ELS.JAI:DSD_EPL@DF_EPL(1.0),Strictness of employment protection,I,A,Annual,ITA,Italy,EPL_OV,Individual and collective dismissals (regular contracts),0_TO_6,0-6 scale,VERSION3,Version 3 (2008-2019),2019,,2.606575966,,F,Free (free for publication),2,Two,A,Normal value,0,Units
DATAFLOW,OECD.ELS.JAI:DSD_EPL@DF_EPL(1.0),Strictness of employment protection,I,A,Annual,JPN,Japan,EPL_OV,Individual and collective dismissals (regular contracts),0_TO_6,0-6 scale,VERSION3,Version 3 (2008-2019),2019,,2.061224461,,F,Free (free for publication),2,Two,A,Normal value,0,Units
DATAFLOW,OECD.ELS.JAI:DSD_EPL@DF_EPL(1.0),Strictness of employment protection,I,A,Annual,KOR,Korea,EPL_OV,Individual and collective dismissals (regular contracts),0_TO_6,0-6 scale,VERSION3,Version 3 (2008-2019),2019,,2.178571463,,F,Free (free for publication),2,Two,A,Normal value,0,Units
DATAFLOW,OECD.ELS.JAI:DSD_EPL@DF_EPL(1.0),Strictness of employment protection,I,A,Annual,LVA,Latvia,EPL_OV,Individual and collective dismissals (regular contracts),0_TO_6,0-6 scale,VERSION3,Version 3 (2008-2019),2019,,3.097505808,,F,Free (free for publication),2,Two,A,Normal value,0,Units
DATAFLOW,OECD.ELS.JAI:DSD_EPL@DF_EPL(1.0),Strictness of employment protection,I,A,Annual,LTU,Lithuania,EPL_OV,Individual and collective dismissals (regular contracts),0_TO_6,0-6 scale,VERSION3,Version 3 (2008-2019),2019,,2.245464802,,F,Free (free for publication),2,Two,A,Normal value,0,Units
DATAFLOW,OECD.ELS.JAI:DSD_EPL@DF_EPL(1.0),Strictness of employment protection,I,A,Annual,LUX,Luxembourg,EPL_OV,Individual and collective dismissals (regular contracts),0_TO_6,0-6 scale,VERSION3,Version 3 (2008-2019),2019,,2.656689405,,F,Free (free for publication),2,Two,A,Normal value,0,Units
DATAFLOW,OECD.ELS.JAI:DSD_EPL@DF_EPL(1.0),Strictness of employment protection,I,A,Annual,MEX,Mexico,EPL_OV,Individual and collective dismissals (regular contracts),0_TO_6,0-6 scale,VERSION3,Version 3 (2008-2019),2019,,2.705782413,,F,Free (free for publication),2,Two,A,Normal value,0,Units
DATAFLOW,OECD.ELS.JAI:DSD_EPL@DF_EPL(1.0),Strictness of employment protection,I,A,Annual,NLD,Netherlands,EPL_OV,Individual and collective dismissals (regular contracts),0_TO_6,0-6 scale,VERSION3,Version 3 (2008-2019),2019,,3.513888836,,F,Free (free for publication),2,Two,A,Normal value,0,Units
DATAFLOW,OECD.ELS.JAI:DSD_EPL@DF_EPL(1.0),Strictness of employment protection,I,A,Annual,NZL,New Zealand,EPL_OV,Individual and collective dismissals (regular contracts),0_TO_6,0-6 scale,VERSION3,Version 3 (2008-2019),2019,,1.137755036,,F,Free (free for publication),2,Two,A,Normal value,0,Units
DATAFLOW,OECD.ELS.JAI:DSD_EPL@DF_EPL(1.0),Strictness of employment protection,I,A,Annual,NOR,Norway,EPL_OV,Individual and collective dismissals (regular contracts),0_TO_6,0-6 scale,VERSION3,Version 3 (2008-2019),2019,,2.309523821,,F,Free (free for publication),2,Two,A,Normal value,0,Units
DATAFLOW,OECD.ELS.JAI:DSD_EPL@DF_EPL(1.0),Strictness of employment protection,I,A,Annual,POL,Poland,EPL_OV,Individual and collective dismissals (regular contracts),0_TO_6,0-6 scale,VERSION3,Version 3 (2008-2019),2019,,2.434807301,,F,Free (free for publication),2,Two,A,Normal value,0,Units
DATAFLOW,OECD.ELS.JAI:DSD_EPL@DF_EPL(1.0),Strictness of employment protection,I,A,Annual,PRT,Portugal,EPL_OV,Individual and collective dismissals (regular contracts),0_TO_6,0-6 scale,VERSION3,Version 3 (2008-2019),2019,,2.670634747,,F,Free (free for publication),2,Two,A,Normal value,0,Units
DATAFLOW,OECD.ELS.JAI:DSD_EPL@DF_EPL(1.0),Strictness of employment protection,I,A,Annual,SVK,Slovak Republic,EPL_OV,Individual and collective dismissals (regular contracts),0_TO_6,0-6 scale,VERSION3,Version 3 (2008-2019),2019,,2.684240341,,F,Free (free for publication),2,Two,A,Normal value,0,Units
DATAFLOW,OECD.ELS.JAI:DSD_EPL@DF_EPL(1.0),Strictness of employment protection,I,A,Annual,SVN,Slovenia,EPL_OV,Individual and collective dismissals (regular contracts),0_TO_6,0-6 scale,VERSION3,Version 3 (2008-2019),2019,,2.410997629,,F,Free (free for publication),2,Two,A,Normal value,0,Units
DATAFLOW,OECD.ELS.JAI:DSD_EPL@DF_EPL(1.0),Strictness of employment protection,I,A,Annual,ESP,Spain,EPL_OV,Individual and collective dismissals (regular contracts),0_TO_6,0-6 scale,VERSION3,Version 3 (2008-2019),2019,,2.247585058,,F,Free (free for publication),2,Two,A,Normal value,0,Units
DATAFLOW,OECD.ELS.JAI:DSD_EPL@DF_EPL(1.0),Strictness of employment protection,I,A,Annual,SWE,Sweden,EPL_OV,Individual and collective dismissals (regular contracts),0_TO_6,0-6 scale,VERSION3,Version 3 (2008-2019),2019,,2.616496563,,F,Free (free for publication),2,Two,A,Normal value,0,Units
DATAFLOW,OECD.ELS.JAI:DSD_EPL@DF_EPL(1.0),Strictness of employment protection,I,A,Annual,CHE,Switzerland,EPL_OV,Individual and collective dismissals (regular contracts),0_TO_6,0-6 scale,VERSION3,Version 3 (2008-2019),2019,,1.984693885,,F,Free (free for publication),2,Two,A,Normal value,0,Units
DATAFLOW,OECD.ELS.JAI:DSD_EPL@DF_EPL(1.0),Strictness of employment protection,I,A,Annual,TUR,Türkiye,EPL_OV,Individual and collective dismissals (regular contracts),0_TO_6,0-6 scale,VERSION3,Version 3 (2008-2019),2019,,2.732993126,,F,Free (free for publication),2,Two,A,Normal value,0,Units
DATAFLOW,OECD.ELS.JAI:DSD_EPL@DF_EPL(1.0),Strictness of employment protection,I,A,Annual,GBR,United Kingdom,EPL_OV,Individual and collective dismissals (regular contracts),0_TO_6,0-6 scale,VERSION3,Version 3 (2008-2019),2019,,1.603741407,,F,Free (free for publication),2,Two,A,Normal value,0,Units
DATAFLOW,OECD.ELS.JAI:DSD_EPL@DF_EPL(1.0),Strictness of employment protection,I,A,Annual,USA,United States,EPL_OV,Individual and collective dismissals (regular contracts),0_TO_6,0-6 scale,VERSION3,Version 3 (2008-2019),2019,,0.958809495,,F,Free (free for publication),2,Two,A,Normal value,0,Units
DATAFLOW,OECD.ELS.JAI:DSD_EPL@DF_EPL(1.0),Strictness of employment protection,I,A,Annual,OECD,OECD,EPL_OV,Individual and collective dismissals (regular contracts),0_TO_6,0-6 scale,VERSION3,Version 3 (2008-2019),2019,,2.259385824,,F,Free (free for publication),2,Two,A,Normal value,0,Units
DATAFLOW,OECD.ELS.JAI:DSD_EPL@DF_EPL(1.0),Strictness of employment protection,I,A,Annual,ARG,Argentina,EPL_OV,Individual and collective dismissals (regular contracts),0_TO_6,0-6 scale,VERSION3,Version 3 (2008-2019),2019,,2.678718805,,F,Free (free for publication),2,Two,A,Normal value,0,Units
DATAFLOW,OECD.ELS.JAI:DSD_EPL@DF_EPL(1.0),Strictness of employment protection,I,A,Annual,PRY,Paraguay,EPL_OV,Individual and collective dismissals (regular contracts),0_TO_6,0-6 scale,VERSION3,Version 3 (2008-2019),2019,,1.515306115,,F,Free (free for publication),2,Two,A,Normal value,0,Units
DATAFLOW,OECD.ELS.JAI:DSD_EPL@DF_EPL(1.0),Strictness of employment protection,I,A,Annual,PER,Peru,EPL_OV,Individual and collective dismissals (regular contracts),0_TO_6,0-6 scale,VERSION3,Version 3 (2008-2019),2019,,2.380952358,,F,Free (free for publication),2,Two,A,Normal value,0,Units
DATAFLOW,OECD.ELS.JAI:DSD_EPL@DF_EPL(1.0),Strictness of employment protection,I,A,Annual,URY,Uruguay,EPL_OV,Individual and collective dismissals (regular contracts),0_TO_6,0-6 scale,VERSION3,Version 3 (2008-2019),2019,,1.417800426,,F,Free (free for publication),2,Two,A,Normal value,0,Units
DATAFLOW,OECD.ELS.JAI:DSD_EPL@DF_EPL(1.0),Strictness of employment protection,I,A,Annual,AUS,Australia,EPL_OV,Individual and collective dismissals (regular contracts),0_TO_6,0-6 scale,VERSION4,Version 4 (2013-2019),2013,,1.700077891,,F,Free (free for publication),2,Two,A,Normal value,0,Units
DATAFLOW,OECD.ELS.JAI:DSD_EPL@DF_EPL(1.0),Strictness of employment protection,I,A,Annual,AUT,Austria,EPL_OV,Individual and collective dismissals (regular contracts),0_TO_6,0-6 scale,VERSION4,Version 4 (2013-2019),2013,,1.800630689,,F,Free (free for publication),2,Two,A,Normal value,0,Units
DATAFLOW,OECD.ELS.JAI:DSD_EPL@DF_EPL(1.0),Strictness of employment protection,I,A,Annual,BEL,Belgium,EPL_OV,Individual and collective dismissals (regular contracts),0_TO_6,0-6 scale,VERSION4,Version 4 (2013-2019),2013,,2.219474316,,F,Free (free for publication),2,Two,A,Normal value,0,Units
DATAFLOW,OECD.ELS.JAI:DSD_EPL@DF_EPL(1.0),Strictness of employment protection,I,A,Annual,CAN,Canada,EPL_OV,Individual and collective dismissals (regular contracts),0_TO_6,0-6 scale,VERSION4,Version 4 (2013-2019),2013,,1.675306797,,F,Free (free for publication),2,Two,A,Normal value,0,Units
DATAFLOW,OECD.ELS.JAI:DSD_EPL@DF_EPL(1.0),Strictness of employment protection,I,A,Annual,CHL,Chile,EPL_OV,Individual and collective dismissals (regular contracts),0_TO_6,0-6 scale,VERSION4,Version 4 (2013-2019),2013,,2.341765881,,F,Free (free for publication),2,Two,A,Normal value,0,Units
DATAFLOW,OECD.ELS.JAI:DSD_EPL@DF_EPL(1.0),Strictness of employment protection,I,A,Annual,CZE,Czechia,EPL_OV,Individual and collective dismissals (regular contracts),0_TO_6,0-6 scale,VERSION4,Version 4 (2013-2019),2013,,3.025262117,,F,Free (free for publication),2,Two,A,Normal value,0,Units
DATAFLOW,OECD.ELS.JAI:DSD_EPL@DF_EPL(1.0),Strictness of employment protection,I,A,Annual,DNK,Denmark,EPL_OV,Individual and collective dismissals (regular contracts),0_TO_6,0-6 scale,VERSION4,Version 4 (2013-2019),2013,,1.937693,,F,Free (free for publication),2,Two,A,Normal value,0,Units
DATAFLOW,OECD.ELS.JAI:DSD_EPL@DF_EPL(1.0),Strictness of employment protection,I,A,Annual,EST,Estonia,EPL_OV,Individual and collective dismissals (regular contracts),0_TO_6,0-6 scale,VERSION4,Version 4 (2013-2019),2013,,1.934222698,,F,Free (free for publication),2,Two,A,Normal value,0,Units
DATAFLOW,OECD.ELS.JAI:DSD_EPL@DF_EPL(1.0),Strictness of employment protection,I,A,Annual,FIN,Finland,EPL_OV,Individual and collective dismissals (regular contracts),0_TO_6,0-6 scale,VERSION4,Version 4 (2013-2019),2013,,2.518016577,,F,Free (free for publication),2,Two,A,Normal value,0,Units
DATAFLOW,OECD.ELS.JAI:DSD_EPL@DF_EPL(1.0),Strictness of employment protection,I,A,Annual,FRA,France,EPL_OV,Individual and collective dismissals (regular contracts),0_TO_6,0-6 scale,VERSION4,Version 4 (2013-2019),2013,,2.828447104,,F,Free (free for publication),2,Two,A,Normal value,0,Units
DATAFLOW,OECD.ELS.JAI:DSD_EPL@DF_EPL(1.0),Strictness of employment protection,I,A,Annual,DEU,Germany,EPL_OV,Individual and collective dismissals (regular contracts),0_TO_6,0-6 scale,VERSION4,Version 4 (2013-2019),2013,,2.332411051,,F,Free (free for publication),2,Two,A,Normal value,0,Units
DATAFLOW,OECD.ELS.JAI:DSD_EPL@DF_EPL(1.0),Strictness of employment protection,I,A,Annual,GRC,Greece,EPL_OV,Individual and collective dismissals (regular contracts),0_TO_6,0-6 scale,VERSION4,Version 4 (2013-2019),2013,,2.591600657,,F,Free (free for publication),2,Two,A,Normal value,0,Units
DATAFLOW,OECD.ELS.JAI:DSD_EPL@DF_EPL(1.0),Strictness of employment protection,I,A,Annual,HUN,Hungary,EPL_OV,Individual and collective dismissals (regular contracts),0_TO_6,0-6 scale,VERSION4,Version 4 (2013-2019),2013,,1.76733458,,F,Free (free for publication),2,Two,A,Normal value,0,Units
DATAFLOW,OECD.ELS.JAI:DSD_EPL@DF_EPL(1.0),Strictness of employment protection,I,A,Annual,ISL,Iceland,EPL_OV,Individual and collective dismissals (regular contracts),0_TO_6,0-6 scale,VERSION4,Version 4 (2013-2019),2013,,2.203089476,,F,Free (free for publication),2,Two,A,Normal value,0,Units
DATAFLOW,OECD.ELS.JAI:DSD_EPL@DF_EPL(1.0),Strictness of employment protection,I,A,Annual,IRL,Ireland,EPL_OV,Individual and collective dismissals (regular contracts),0_TO_6,0-6 scale,VERSION4,Version 4 (2013-2019),2013,,2.134929419,,F,Free (free for publication),2,Two,A,Normal value,0,Units
DATAFLOW,OECD.ELS.JAI:DSD_EPL@DF_EPL(1.0),Strictness of employment protection,I,A,Annual,ISR,Israel,EPL_OV,Individual and collective dismissals (regular contracts),0_TO_6,0-6 scale,VERSION4,Version 4 (2013-2019),2013,,2.832093239,,F,Free (free for publication),2,Two,A,Normal value,0,Units
DATAFLOW,OECD.ELS.JAI:DSD_EPL@DF_EPL(1.0),Strictness of employment protection,I,A,Annual,ITA,Italy,EPL_OV,Individual and collective dismissals (regular contracts),0_TO_6,0-6 scale,VERSION4,Version 4 (2013-2019),2013,,3.103652954,,F,Free (free for publication),2,Two,A,Normal value,0,Units
DATAFLOW,OECD.ELS.JAI:DSD_EPL@DF_EPL(1.0),Strictness of employment protection,I,A,Annual,JPN,Japan,EPL_OV,Individual and collective dismissals (regular contracts),0_TO_6,0-6 scale,VERSION4,Version 4 (2013-2019),2013,,2.080915213,,F,Free (free for publication),2,Two,A,Normal value,0,Units
DATAFLOW,OECD.ELS.JAI:DSD_EPL@DF_EPL(1.0),Strictness of employment protection,I,A,Annual,KOR,Korea,EPL_OV,Individual and collective dismissals (regular contracts),0_TO_6,0-6 scale,VERSION4,Version 4 (2013-2019),2013,,2.385948181,,F,Free (free for publication),2,Two,A,Normal value,0,Units
DATAFLOW,OECD.ELS.JAI:DSD_EPL@DF_EPL(1.0),Strictness of employment protection,I,A,Annual,LVA,Latvia,EPL_OV,Individual and collective dismissals (regular contracts),0_TO_6,0-6 scale,VERSION4,Version 4 (2013-2019),2013,,2.708120823,,F,Free (free for publication),2,Two,A,Normal value,0,Units
DATAFLOW,OECD.ELS.JAI:DSD_EPL@DF_EPL(1.0),Strictness of employment protection,I,A,Annual,LUX,Luxembourg,EPL_OV,Individual and collective dismissals (regular contracts),0_TO_6,0-6 scale,VERSION4,Version 4 (2013-2019),2013,,2.541836739,,F,Free (free for publication),2,Two,A,Normal value,0,Units
DATAFLOW,OECD.ELS.JAI:DSD_EPL@DF_EPL(1.0),Strictness of employment protection,I,A,Annual,MEX,Mexico,EPL_OV,Individual and collective dismissals (regular contracts),0_TO_6,0-6 scale,VERSION4,Version 4 (2013-2019),2013,,2.464817286,,F,Free (free for publication),2,Two,A,Normal value,0,Units
DATAFLOW,OECD.ELS.JAI:DSD_EPL@DF_EPL(1.0),Strictness of employment protection,I,A,Annual,NLD,Netherlands,EPL_OV,Individual and collective dismissals (regular contracts),0_TO_6,0-6 scale,VERSION4,Version 4 (2013-2019),2013,,2.55173254,,F,Free (free for publication),2,Two,A,Normal value,0,Units
DATAFLOW,OECD.ELS.JAI:DSD_EPL@DF_EPL(1.0),Strictness of employment protection,I,A,Annual,NZL,New Zealand,EPL_OV,Individual and collective dismissals (regular contracts),0_TO_6,0-6 scale,VERSION4,Version 4 (2013-2019),2013,,2.085777998,,F,Free (free for publication),2,Two,A,Normal value,0,Units
DATAFLOW,OECD.ELS.JAI:DSD_EPL@DF_EPL(1.0),Strictness of employment protection,I,A,Annual,NOR,Norway,EPL_OV,Individual and collective dismissals (regular contracts),0_TO_6,0-6 scale,VERSION4,Version 4 (2013-2019),2013,,2.373485327,,F,Free (free for publication),2,Two,A,Normal value,0,Units
DATAFLOW,OECD.ELS.JAI:DSD_EPL@DF_EPL(1.0),Strictness of employment protection,I,A,Annual,POL,Poland,EPL_OV,Individual and collective dismissals (regular contracts),0_TO_6,0-6 scale,VERSION4,Version 4 (2013-2019),2013,,2.385318041,,F,Free (free for publication),2,Two,A,Normal value,0,Units
DATAFLOW,OECD.ELS.JAI:DSD_EPL@DF_EPL(1.0),Strictness of employment protection,I,A,Annual,PRT,Portugal,EPL_OV,Individual and collective dismissals (regular contracts),0_TO_6,0-6 scale,VERSION4,Version 4 (2013-2019),2013,,3.062234163,,F,Free (free for publication),2,Two,A,Normal value,0,Units
DATAFLOW,OECD.ELS.JAI:DSD_EPL@DF_EPL(1.0),Strictness of employment protection,I,A,Annual,SVK,Slovak Republic,EPL_OV,Individual and collective dismissals (regular contracts),0_TO_6,0-6 scale,VERSION4,Version 4 (2013-2019),2013,,2.33060503,,F,Free (free for publication),2,Two,A,Normal value,0,Units
DATAFLOW,OECD.ELS.JAI:DSD_EPL@DF_EPL(1.0),Strictness of employment protection,I,A,Annual,SVN,Slovenia,EPL_OV,Individual and collective dismissals (regular contracts),0_TO_6,0-6 scale,VERSION4,Version 4 (2013-2019),2013,,2.539350748,,F,Free (free for publication),2,Two,A,Normal value,0,Units
DATAFLOW,OECD.ELS.JAI:DSD_EPL@DF_EPL(1.0),Strictness of employment protection,I,A,Annual,ESP,Spain,EPL_OV,Individual and collective dismissals (regular contracts),0_TO_6,0-6 scale,VERSION4,Version 4 (2013-2019),2013,,2.392248631,,F,Free (free for publication),2,Two,A,Normal value,0,Units
DATAFLOW,OECD.ELS.JAI:DSD_EPL@DF_EPL(1.0),Strictness of employment protection,I,A,Annual,SWE,Sweden,EPL_OV,Individual and collective dismissals (regular contracts),0_TO_6,0-6 scale,VERSION4,Version 4 (2013-2019),2013,,2.54440546,,F,Free (free for publication),2,Two,A,Normal value,0,Units
DATAFLOW,OECD.ELS.JAI:DSD_EPL@DF_EPL(1.0),Strictness of employment protection,I,A,Annual,CHE,Switzerland,EPL_OV,Individual and collective dismissals (regular contracts),0_TO_6,0-6 scale,VERSION4,Version 4 (2013-2019),2013,,1.606973529,,F,Free (free for publication),2,Two,A,Normal value,0,Units
DATAFLOW,OECD.ELS.JAI:DSD_EPL@DF_EPL(1.0),Strictness of employment protection,I,A,Annual,TUR,Türkiye,EPL_OV,Individual and collective dismissals (regular contracts),0_TO_6,0-6 scale,VERSION4,Version 4 (2013-2019),2013,,2.949660778,,F,Free (free for publication),2,Two,A,Normal value,0,Units
DATAFLOW,OECD.ELS.JAI:DSD_EPL@DF_EPL(1.0),Strictness of employment protection,I,A,Annual,GBR,United Kingdom,EPL_OV,Individual and collective dismissals (regular contracts),0_TO_6,0-6 scale,VERSION4,Version 4 (2013-2019),2013,,1.932335973,,F,Free (free for publication),2,Two,A,Normal value,0,Units
DATAFLOW,OECD.ELS.JAI:DSD_EPL@DF_EPL(1.0),Strictness of employment protection,I,A,Annual,USA,United States,EPL_OV,Individual and collective dismissals (regular contracts),0_TO_6,0-6 scale,VERSION4,Version 4 (2013-2019),2013,,1.310865164,,F,Free (free for publication),2,Two,A,Normal value,0,Units
DATAFLOW,OECD.ELS.JAI:DSD_EPL@DF_EPL(1.0),Strictness of employment protection,I,A,Annual,AUS,Australia,EPL_OV,Individual and collective dismissals (regular contracts),0_TO_6,0-6 scale,VERSION4,Version 4 (2013-2019),2014,,1.700077891,,F,Free (free for publication),2,Two,A,Normal value,0,Units
DATAFLOW,OECD.ELS.JAI:DSD_EPL@DF_EPL(1.0),Strictness of employment protection,I,A,Annual,AUT,Austria,EPL_OV,Individual and collective dismissals (regular contracts),0_TO_6,0-6 scale,VERSION4,Version 4 (2013-2019),2014,,1.800630689,,F,Free (free for publication),2,Two,A,Normal value,0,Units
DATAFLOW,OECD.ELS.JAI:DSD_EPL@DF_EPL(1.0),Strictness of employment protection,I,A,Annual,BEL,Belgium,EPL_OV,Individual and collective dismissals (regular contracts),0_TO_6,0-6 scale,VERSION4,Version 4 (2013-2019),2014,,2.387310266,,F,Free (free for publication),2,Two,A,Normal value,0,Units
DATAFLOW,OECD.ELS.JAI:DSD_EPL@DF_EPL(1.0),Strictness of employment protection,I,A,Annual,CAN,Canada,EPL_OV,Individual and collective dismissals (regular contracts),0_TO_6,0-6 scale,VERSION4,Version 4 (2013-2019),2014,,1.675306797,,F,Free (free for publication),2,Two,A,Normal value,0,Units
DATAFLOW,OECD.ELS.JAI:DSD_EPL@DF_EPL(1.0),Strictness of employment protection,I,A,Annual,CHL,Chile,EPL_OV,Individual and collective dismissals (regular contracts),0_TO_6,0-6 scale,VERSION4,Version 4 (2013-2019),2014,,2.341765881,,F,Free (free for publication),2,Two,A,Normal value,0,Units
DATAFLOW,OECD.ELS.JAI:DSD_EPL@DF_EPL(1.0),Strictness of employment protection,I,A,Annual,COL,Colombia,EPL_OV,Individual and collective dismissals (regular contracts),0_TO_6,0-6 scale,VERSION4,Version 4 (2013-2019),2014,,1.980052471,,F,Free (free for publication),2,Two,A,Normal value,0,Units
DATAFLOW,OECD.ELS.JAI:DSD_EPL@DF_EPL(1.0),Strictness of employment protection,I,A,Annual,CRI,Costa Rica,EPL_OV,Individual and collective dismissals (regular contracts),0_TO_6,0-6 scale,VERSION4,Version 4 (2013-2019),2014,,0.849206388,,F,Free (free for publication),2,Two,A,Normal value,0,Units
DATAFLOW,OECD.ELS.JAI:DSD_EPL@DF_EPL(1.0),Strictness of employment protection,I,A,Annual,CZE,Czechia,EPL_OV,Individual and collective dismissals (regular contracts),0_TO_6,0-6 scale,VERSION4,Version 4 (2013-2019),2014,,3.025262117,,F,Free (free for publication),2,Two,A,Normal value,0,Units
DATAFLOW,OECD.ELS.JAI:DSD_EPL@DF_EPL(1.0),Strictness of employment protection,I,A,Annual,DNK,Denmark,EPL_OV,Individual and collective dismissals (regular contracts),0_TO_6,0-6 scale,VERSION4,Version 4 (2013-2019),2014,,1.937693,,F,Free (free for publication),2,Two,A,Normal value,0,Units
DATAFLOW,OECD.ELS.JAI:DSD_EPL@DF_EPL(1.0),Strictness of employment protection,I,A,Annual,EST,Estonia,EPL_OV,Individual and collective dismissals (regular contracts),0_TO_6,0-6 scale,VERSION4,Version 4 (2013-2019),2014,,1.934222698,,F,Free (free for publication),2,Two,A,Normal value,0,Units
DATAFLOW,OECD.ELS.JAI:DSD_EPL@DF_EPL(1.0),Strictness of employment protection,I,A,Annual,FIN,Finland,EPL_OV,Individual and collective dismissals (regular contracts),0_TO_6,0-6 scale,VERSION4,Version 4 (2013-2019),2014,,2.518016577,,F,Free (free for publication),2,Two,A,Normal value,0,Units
DATAFLOW,OECD.ELS.JAI:DSD_EPL@DF_EPL(1.0),Strictness of employment protection,I,A,Annual,FRA,France,EPL_OV,Individual and collective dismissals (regular contracts),0_TO_6,0-6 scale,VERSION4,Version 4 (2013-2019),2014,,2.812613726,,F,Free (free for publication),2,Two,A,Normal value,0,Units
DATAFLOW,OECD.ELS.JAI:DSD_EPL@DF_EPL(1.0),Strictness of employment protection,I,A,Annual,DEU,Germany,EPL_OV,Individual and collective dismissals (regular contracts),0_TO_6,0-6 scale,VERSION4,Version 4 (2013-2019),2014,,2.332411051,,F,Free (free for publication),2,Two,A,Normal value,0,Units
DATAFLOW,OECD.ELS.JAI:DSD_EPL@DF_EPL(1.0),Strictness of employment protection,I,A,Annual,GRC,Greece,EPL_OV,Individual and collective dismissals (regular contracts),0_TO_6,0-6 scale,VERSION4,Version 4 (2013-2019),2014,,2.591600657,,F,Free (free for publication),2,Two,A,Normal value,0,Units
DATAFLOW,OECD.ELS.JAI:DSD_EPL@DF_EPL(1.0),Strictness of employment protection,I,A,Annual,HUN,Hungary,EPL_OV,Individual and collective dismissals (regular contracts),0_TO_6,0-6 scale,VERSION4,Version 4 (2013-2019),2014,,1.76733458,,F,Free (free for publication),2,Two,A,Normal value,0,Units
DATAFLOW,OECD.ELS.JAI:DSD_EPL@DF_EPL(1.0),Strictness of employment protection,I,A,Annual,ISL,Iceland,EPL_OV,Individual and collective dismissals (regular contracts),0_TO_6,0-6 scale,VERSION4,Version 4 (2013-2019),2014,,2.203089476,,F,Free (free for publication),2,Two,A,Normal value,0,Units
DATAFLOW,OECD.ELS.JAI:DSD_EPL@DF_EPL(1.0),Strictness of employment protection,I,A,Annual,IRL,Ireland,EPL_OV,Individual and collective dismissals (regular contracts),0_TO_6,0-6 scale,VERSION4,Version 4 (2013-2019),2014,,2.134929419,,F,Free (free for publication),2,Two,A,Normal value,0,Units
DATAFLOW,OECD.ELS.JAI:DSD_EPL@DF_EPL(1.0),Strictness of employment protection,I,A,Annual,ISR,Israel,EPL_OV,Individual and collective dismissals (regular contracts),0_TO_6,0-6 scale,VERSION4,Version 4 (2013-2019),2014,,2.832093239,,F,Free (free for publication),2,Two,A,Normal value,0,Units
DATAFLOW,OECD.ELS.JAI:DSD_EPL@DF_EPL(1.0),Strictness of employment protection,I,A,Annual,ITA,Italy,EPL_OV,Individual and collective dismissals (regular contracts),0_TO_6,0-6 scale,VERSION4,Version 4 (2013-2019),2014,,3.103652954,,F,Free (free for publication),2,Two,A,Normal value,0,Units
DATAFLOW,OECD.ELS.JAI:DSD_EPL@DF_EPL(1.0),Strictness of employment protection,I,A,Annual,JPN,Japan,EPL_OV,Individual and collective dismissals (regular contracts),0_TO_6,0-6 scale,VERSION4,Version 4 (2013-2019),2014,,2.080915213,,F,Free (free for publication),2,Two,A,Normal value,0,Units
DATAFLOW,OECD.ELS.JAI:DSD_EPL@DF_EPL(1.0),Strictness of employment protection,I,A,Annual,KOR,Korea,EPL_OV,Individual and collective dismissals (regular contracts),0_TO_6,0-6 scale,VERSION4,Version 4 (2013-2019),2014,,2.385948181,,F,Free (free for publication),2,Two,A,Normal value,0,Units
DATAFLOW,OECD.ELS.JAI:DSD_EPL@DF_EPL(1.0),Strictness of employment protection,I,A,Annual,LVA,Latvia,EPL_OV,Individual and collective dismissals (regular contracts),0_TO_6,0-6 scale,VERSION4,Version 4 (2013-2019),2014,,2.708120823,,F,Free (free for publication),2,Two,A,Normal value,0,Units
DATAFLOW,OECD.ELS.JAI:DSD_EPL@DF_EPL(1.0),Strictness of employment protection,I,A,Annual,LTU,Lithuania,EPL_OV,Individual and collective dismissals (regular contracts),0_TO_6,0-6 scale,VERSION4,Version 4 (2013-2019),2014,,2.633250952,,F,Free (free for publication),2,Two,A,Normal value,0,Units
DATAFLOW,OECD.ELS.JAI:DSD_EPL@DF_EPL(1.0),Strictness of employment protection,I,A,Annual,LUX,Luxembourg,EPL_OV,Individual and collective dismissals (regular contracts),0_TO_6,0-6 scale,VERSION4,Version 4 (2013-2019),2014,,2.541836739,,F,Free (free for publication),2,Two,A,Normal value,0,Units
DATAFLOW,OECD.ELS.JAI:DSD_EPL@DF_EPL(1.0),Strictness of employment protection,I,A,Annual,MEX,Mexico,EPL_OV,Individual and collective dismissals (regular contracts),0_TO_6,0-6 scale,VERSION4,Version 4 (2013-2019),2014,,2.464817286,,F,Free (free for publication),2,Two,A,Normal value,0,Units
DATAFLOW,OECD.ELS.JAI:DSD_EPL@DF_EPL(1.0),Strictness of employment protection,I,A,Annual,NLD,Netherlands,EPL_OV,Individual and collective dismissals (regular contracts),0_TO_6,0-6 scale,VERSION4,Version 4 (2013-2019),2014,,2.55173254,,F,Free (free for publication),2,Two,A,Normal value,0,Units
DATAFLOW,OECD.ELS.JAI:DSD_EPL@DF_EPL(1.0),Strictness of employment protection,I,A,Annual,NZL,New Zealand,EPL_OV,Individual and collective dismissals (regular contracts),0_TO_6,0-6 scale,VERSION4,Version 4 (2013-2019),2014,,2.085777998,,F,Free (free for publication),2,Two,A,Normal value,0,Units
DATAFLOW,OECD.ELS.JAI:DSD_EPL@DF_EPL(1.0),Strictness of employment protection,I,A,Annual,NOR,Norway,EPL_OV,Individual and collective dismissals (regular contracts),0_TO_6,0-6 scale,VERSION4,Version 4 (2013-2019),2014,,2.373485327,,F,Free (free for publication),2,Two,A,Normal value,0,Units
DATAFLOW,OECD.ELS.JAI:DSD_EPL@DF_EPL(1.0),Strictness of employment protection,I,A,Annual,POL,Poland,EPL_OV,Individual and collective dismissals (regular contracts),0_TO_6,0-6 scale,VERSION4,Version 4 (2013-2019),2014,,2.385318041,,F,Free (free for publication),2,Two,A,Normal value,0,Units
DATAFLOW,OECD.ELS.JAI:DSD_EPL@DF_EPL(1.0),Strictness of employment protection,I,A,Annual,PRT,Portugal,EPL_OV,Individual and collective dismissals (regular contracts),0_TO_6,0-6 scale,VERSION4,Version 4 (2013-2019),2014,,2.871757984,,F,Free (free for publication),2,Two,A,Normal value,0,Units
DATAFLOW,OECD.ELS.JAI:DSD_EPL@DF_EPL(1.0),Strictness of employment protection,I,A,Annual,SVK,Slovak Republic,EPL_OV,Individual and collective dismissals (regular contracts),0_TO_6,0-6 scale,VERSION4,Version 4 (2013-2019),2014,,2.33060503,,F,Free (free for publication),2,Two,A,Normal value,0,Units
DATAFLOW,OECD.ELS.JAI:DSD_EPL@DF_EPL(1.0),Strictness of employment protection,I,A,Annual,SVN,Slovenia,EPL_OV,Individual and collective dismissals (regular contracts),0_TO_6,0-6 scale,VERSION4,Version 4 (2013-2019),2014,,2.340628147,,F,Free (free for publication),2,Two,A,Normal value,0,Units
DATAFLOW,OECD.ELS.JAI:DSD_EPL@DF_EPL(1.0),Strictness of employment protection,I,A,Annual,ESP,Spain,EPL_OV,Individual and collective dismissals (regular contracts),0_TO_6,0-6 scale,VERSION4,Version 4 (2013-2019),2014,,2.392248631,,F,Free (free for publication),2,Two,A,Normal value,0,Units
DATAFLOW,OECD.ELS.JAI:DSD_EPL@DF_EPL(1.0),Strictness of employment protection,I,A,Annual,SWE,Sweden,EPL_OV,Individual and collective dismissals (regular contracts),0_TO_6,0-6 scale,VERSION4,Version 4 (2013-2019),2014,,2.54440546,,F,Free (free for publication),2,Two,A,Normal value,0,Units
DATAFLOW,OECD.ELS.JAI:DSD_EPL@DF_EPL(1.0),Strictness of employment protection,I,A,Annual,CHE,Switzerland,EPL_OV,Individual and collective dismissals (regular contracts),0_TO_6,0-6 scale,VERSION4,Version 4 (2013-2019),2014,,1.606973529,,F,Free (free for publication),2,Two,A,Normal value,0,Units
DATAFLOW,OECD.ELS.JAI:DSD_EPL@DF_EPL(1.0),Strictness of employment protection,I,A,Annual,TUR,Türkiye,EPL_OV,Individual and collective dismissals (regular contracts),0_TO_6,0-6 scale,VERSION4,Version 4 (2013-2019),2014,,2.949660778,,F,Free (free for publication),2,Two,A,Normal value,0,Units
DATAFLOW,OECD.ELS.JAI:DSD_EPL@DF_EPL(1.0),Strictness of employment protection,I,A,Annual,GBR,United Kingdom,EPL_OV,Individual and collective dismissals (regular contracts),0_TO_6,0-6 scale,VERSION4,Version 4 (2013-2019),2014,,1.901723742,,F,Free (free for publication),2,Two,A,Normal value,0,Units
DATAFLOW,OECD.ELS.JAI:DSD_EPL@DF_EPL(1.0),Strictness of employment protection,I,A,Annual,USA,United States,EPL_OV,Individual and collective dismissals (regular contracts),0_TO_6,0-6 scale,VERSION4,Version 4 (2013-2019),2014,,1.310865164,,F,Free (free for publication),2,Two,A,Normal value,0,Units
DATAFLOW,OECD.ELS.JAI:DSD_EPL@DF_EPL(1.0),Strictness of employment protection,I,A,Annual,OECD,OECD,EPL_OV,Individual and collective dismissals (regular contracts),0_TO_6,0-6 scale,VERSION4,Version 4 (2013-2019),2014,,2.273351192,,F,Free (free for publication),2,Two,A,Normal value,0,Units
DATAFLOW,OECD.ELS.JAI:DSD_EPL@DF_EPL(1.0),Strictness of employment protection,I,A,Annual,ARG,Argentina,EPL_OV,Individual and collective dismissals (regular contracts),0_TO_6,0-6 scale,VERSION4,Version 4 (2013-2019),2014,,2.557883739,,F,Free (free for publication),2,Two,A,Normal value,0,Units
DATAFLOW,OECD.ELS.JAI:DSD_EPL@DF_EPL(1.0),Strictness of employment protection,I,A,Annual,PRY,Paraguay,EPL_OV,Individual and collective dismissals (regular contracts),0_TO_6,0-6 scale,VERSION4,Version 4 (2013-2019),2014,,2.019664288,,F,Free (free for publication),2,Two,A,Normal value,0,Units
DATAFLOW,OECD.ELS.JAI:DSD_EPL@DF_EPL(1.0),Strictness of employment protection,I,A,Annual,PER,Peru,EPL_OV,Individual and collective dismissals (regular contracts),0_TO_6,0-6 scale,VERSION4,Version 4 (2013-2019),2014,,1.803536057,,F,Free (free for publication),2,Two,A,Normal value,0,Units
DATAFLOW,OECD.ELS.JAI:DSD_EPL@DF_EPL(1.0),Strictness of employment protection,I,A,Annual,URY,Uruguay,EPL_OV,Individual and collective dismissals (regular contracts),0_TO_6,0-6 scale,VERSION4,Version 4 (2013-2019),2014,,0.984126985,,F,Free (free for publication),2,Two,A,Normal value,0,Units
DATAFLOW,OECD.ELS.JAI:DSD_EPL@DF_EPL(1.0),Strictness of employment protection,I,A,Annual,AUS,Australia,EPL_OV,Individual and collective dismissals (regular contracts),0_TO_6,0-6 scale,VERSION4,Version 4 (2013-2019),2015,,1.700077891,,F,Free (free for publication),2,Two,A,Normal value,0,Units
DATAFLOW,OECD.ELS.JAI:DSD_EPL@DF_EPL(1.0),Strictness of employment protection,I,A,Annual,AUT,Austria,EPL_OV,Individual and collective dismissals (regular contracts),0_TO_6,0-6 scale,VERSION4,Version 4 (2013-2019),2015,,1.800630689,,F,Free (free for publication),2,Two,A,Normal value,0,Units
DATAFLOW,OECD.ELS.JAI:DSD_EPL@DF_EPL(1.0),Strictness of employment protection,I,A,Annual,BEL,Belgium,EPL_OV,Individual and collective dismissals (regular contracts),0_TO_6,0-6 scale,VERSION4,Version 4 (2013-2019),2015,,2.670048237,,F,Free (free for publication),2,Two,A,Normal value,0,Units
DATAFLOW,OECD.ELS.JAI:DSD_EPL@DF_EPL(1.0),Strictness of employment protection,I,A,Annual,CAN,Canada,EPL_OV,Individual and collective dismissals (regular contracts),0_TO_6,0-6 scale,VERSION4,Version 4 (2013-2019),2015,,1.675306797,,F,Free (free for publication),2,Two,A,Normal value,0,Units
DATAFLOW,OECD.ELS.JAI:DSD_EPL@DF_EPL(1.0),Strictness of employment protection,I,A,Annual,CHL,Chile,EPL_OV,Individual and collective dismissals (regular contracts),0_TO_6,0-6 scale,VERSION4,Version 4 (2013-2019),2015,,2.341765881,,F,Free (free for publication),2,Two,A,Normal value,0,Units
DATAFLOW,OECD.ELS.JAI:DSD_EPL@DF_EPL(1.0),Strictness of employment protection,I,A,Annual,COL,Colombia,EPL_OV,Individual and collective dismissals (regular contracts),0_TO_6,0-6 scale,VERSION4,Version 4 (2013-2019),2015,,1.980052471,,F,Free (free for publication),2,Two,A,Normal value,0,Units
DATAFLOW,OECD.ELS.JAI:DSD_EPL@DF_EPL(1.0),Strictness of employment protection,I,A,Annual,CRI,Costa Rica,EPL_OV,Individual and collective dismissals (regular contracts),0_TO_6,0-6 scale,VERSION4,Version 4 (2013-2019),2015,,0.849206388,,F,Free (free for publication),2,Two,A,Normal value,0,Units
DATAFLOW,OECD.ELS.JAI:DSD_EPL@DF_EPL(1.0),Strictness of employment protection,I,A,Annual,CZE,Czechia,EPL_OV,Individual and collective dismissals (regular contracts),0_TO_6,0-6 scale,VERSION4,Version 4 (2013-2019),2015,,3.025262117,,F,Free (free for publication),2,Two,A,Normal value,0,Units
DATAFLOW,OECD.ELS.JAI:DSD_EPL@DF_EPL(1.0),Strictness of employment protection,I,A,Annual,DNK,Denmark,EPL_OV,Individual and collective dismissals (regular contracts),0_TO_6,0-6 scale,VERSION4,Version 4 (2013-2019),2015,,1.937693,,F,Free (free for publication),2,Two,A,Normal value,0,Units
DATAFLOW,OECD.ELS.JAI:DSD_EPL@DF_EPL(1.0),Strictness of employment protection,I,A,Annual,EST,Estonia,EPL_OV,Individual and collective dismissals (regular contracts),0_TO_6,0-6 scale,VERSION4,Version 4 (2013-2019),2015,,1.934222698,,F,Free (free for publication),2,Two,A,Normal value,0,Units
DATAFLOW,OECD.ELS.JAI:DSD_EPL@DF_EPL(1.0),Strictness of employment protection,I,A,Annual,FIN,Finland,EPL_OV,Individual and collective dismissals (regular contracts),0_TO_6,0-6 scale,VERSION4,Version 4 (2013-2019),2015,,2.518016577,,F,Free (free for publication),2,Two,A,Normal value,0,Units
DATAFLOW,OECD.ELS.JAI:DSD_EPL@DF_EPL(1.0),Strictness of employment protection,I,A,Annual,FRA,France,EPL_OV,Individual and collective dismissals (regular contracts),0_TO_6,0-6 scale,VERSION4,Version 4 (2013-2019),2015,,2.812613726,,F,Free (free for publication),2,Two,A,Normal value,0,Units
DATAFLOW,OECD.ELS.JAI:DSD_EPL@DF_EPL(1.0),Strictness of employment protection,I,A,Annual,DEU,Germany,EPL_OV,Individual and collective dismissals (regular contracts),0_TO_6,0-6 scale,VERSION4,Version 4 (2013-2019),2015,,2.332411051,,F,Free (free for publication),2,Two,A,Normal value,0,Units
DATAFLOW,OECD.ELS.JAI:DSD_EPL@DF_EPL(1.0),Strictness of employment protection,I,A,Annual,GRC,Greece,EPL_OV,Individual and collective dismissals (regular contracts),0_TO_6,0-6 scale,VERSION4,Version 4 (2013-2019),2015,,2.591600657,,F,Free (free for publication),2,Two,A,Normal value,0,Units
DATAFLOW,OECD.ELS.JAI:DSD_EPL@DF_EPL(1.0),Strictness of employment protection,I,A,Annual,HUN,Hungary,EPL_OV,Individual and collective dismissals (regular contracts),0_TO_6,0-6 scale,VERSION4,Version 4 (2013-2019),2015,,1.76733458,,F,Free (free for publication),2,Two,A,Normal value,0,Units
DATAFLOW,OECD.ELS.JAI:DSD_EPL@DF_EPL(1.0),Strictness of employment protection,I,A,Annual,ISL,Iceland,EPL_OV,Individual and collective dismissals (regular contracts),0_TO_6,0-6 scale,VERSION4,Version 4 (2013-2019),2015,,2.203089476,,F,Free (free for publication),2,Two,A,Normal value,0,Units
DATAFLOW,OECD.ELS.JAI:DSD_EPL@DF_EPL(1.0),Strictness of employment protection,I,A,Annual,IRL,Ireland,EPL_OV,Individual and collective dismissals (regular contracts),0_TO_6,0-6 scale,VERSION4,Version 4 (2013-2019),2015,,2.134929419,,F,Free (free for publication),2,Two,A,Normal value,0,Units
DATAFLOW,OECD.ELS.JAI:DSD_EPL@DF_EPL(1.0),Strictness of employment protection,I,A,Annual,ISR,Israel,EPL_OV,Individual and collective dismissals (regular contracts),0_TO_6,0-6 scale,VERSION4,Version 4 (2013-2019),2015,,2.832093239,,F,Free (free for publication),2,Two,A,Normal value,0,Units
DATAFLOW,OECD.ELS.JAI:DSD_EPL@DF_EPL(1.0),Strictness of employment protection,I,A,Annual,ITA,Italy,EPL_OV,Individual and collective dismissals (regular contracts),0_TO_6,0-6 scale,VERSION4,Version 4 (2013-2019),2015,,3.103652954,,F,Free (free for publication),2,Two,A,Normal value,0,Units
DATAFLOW,OECD.ELS.JAI:DSD_EPL@DF_EPL(1.0),Strictness of employment protection,I,A,Annual,JPN,Japan,EPL_OV,Individual and collective dismissals (regular contracts),0_TO_6,0-6 scale,VERSION4,Version 4 (2013-2019),2015,,2.080915213,,F,Free (free for publication),2,Two,A,Normal value,0,Units
DATAFLOW,OECD.ELS.JAI:DSD_EPL@DF_EPL(1.0),Strictness of employment protection,I,A,Annual,KOR,Korea,EPL_OV,Individual and collective dismissals (regular contracts),0_TO_6,0-6 scale,VERSION4,Version 4 (2013-2019),2015,,2.385948181,,F,Free (free for publication),2,Two,A,Normal value,0,Units
DATAFLOW,OECD.ELS.JAI:DSD_EPL@DF_EPL(1.0),Strictness of employment protection,I,A,Annual,LVA,Latvia,EPL_OV,Individual and collective dismissals (regular contracts),0_TO_6,0-6 scale,VERSION4,Version 4 (2013-2019),2015,,2.708120823,,F,Free (free for publication),2,Two,A,Normal value,0,Units
DATAFLOW,OECD.ELS.JAI:DSD_EPL@DF_EPL(1.0),Strictness of employment protection,I,A,Annual,LTU,Lithuania,EPL_OV,Individual and collective dismissals (regular contracts),0_TO_6,0-6 scale,VERSION4,Version 4 (2013-2019),2015,,2.633250952,,F,Free (free for publication),2,Two,A,Normal value,0,Units
DATAFLOW,OECD.ELS.JAI:DSD_EPL@DF_EPL(1.0),Strictness of employment protection,I,A,Annual,LUX,Luxembourg,EPL_OV,Individual and collective dismissals (regular contracts),0_TO_6,0-6 scale,VERSION4,Version 4 (2013-2019),2015,,2.541836739,,F,Free (free for publication),2,Two,A,Normal value,0,Units
DATAFLOW,OECD.ELS.JAI:DSD_EPL@DF_EPL(1.0),Strictness of employment protection,I,A,Annual,MEX,Mexico,EPL_OV,Individual and collective dismissals (regular contracts),0_TO_6,0-6 scale,VERSION4,Version 4 (2013-2019),2015,,2.464817286,,F,Free (free for publication),2,Two,A,Normal value,0,Units
DATAFLOW,OECD.ELS.JAI:DSD_EPL@DF_EPL(1.0),Strictness of employment protection,I,A,Annual,NLD,Netherlands,EPL_OV,Individual and collective dismissals (regular contracts),0_TO_6,0-6 scale,VERSION4,Version 4 (2013-2019),2015,,2.55173254,,F,Free (free for publication),2,Two,A,Normal value,0,Units
DATAFLOW,OECD.ELS.JAI:DSD_EPL@DF_EPL(1.0),Strictness of employment protection,I,A,Annual,NZL,New Zealand,EPL_OV,Individual and collective dismissals (regular contracts),0_TO_6,0-6 scale,VERSION4,Version 4 (2013-2019),2015,,2.085777998,,F,Free (free for publication),2,Two,A,Normal value,0,Units
DATAFLOW,OECD.ELS.JAI:DSD_EPL@DF_EPL(1.0),Strictness of employment protection,I,A,Annual,NOR,Norway,EPL_OV,Individual and collective dismissals (regular contracts),0_TO_6,0-6 scale,VERSION4,Version 4 (2013-2019),2015,,2.373485327,,F,Free (free for publication),2,Two,A,Normal value,0,Units
DATAFLOW,OECD.ELS.JAI:DSD_EPL@DF_EPL(1.0),Strictness of employment protection,I,A,Annual,POL,Poland,EPL_OV,Individual and collective dismissals (regular contracts),0_TO_6,0-6 scale,VERSION4,Version 4 (2013-2019),2015,,2.385318041,,F,Free (free for publication),2,Two,A,Normal value,0,Units
DATAFLOW,OECD.ELS.JAI:DSD_EPL@DF_EPL(1.0),Strictness of employment protection,I,A,Annual,PRT,Portugal,EPL_OV,Individual and collective dismissals (regular contracts),0_TO_6,0-6 scale,VERSION4,Version 4 (2013-2019),2015,,2.871757984,,F,Free (free for publication),2,Two,A,Normal value,0,Units
DATAFLOW,OECD.ELS.JAI:DSD_EPL@DF_EPL(1.0),Strictness of employment protection,I,A,Annual,SVK,Slovak Republic,EPL_OV,Individual and collective dismissals (regular contracts),0_TO_6,0-6 scale,VERSION4,Version 4 (2013-2019),2015,,2.33060503,,F,Free (free for publication),2,Two,A,Normal value,0,Units
DATAFLOW,OECD.ELS.JAI:DSD_EPL@DF_EPL(1.0),Strictness of employment protection,I,A,Annual,SVN,Slovenia,EPL_OV,Individual and collective dismissals (regular contracts),0_TO_6,0-6 scale,VERSION4,Version 4 (2013-2019),2015,,2.340628147,,F,Free (free for publication),2,Two,A,Normal value,0,Units
DATAFLOW,OECD.ELS.JAI:DSD_EPL@DF_EPL(1.0),Strictness of employment protection,I,A,Annual,ESP,Spain,EPL_OV,Individual and collective dismissals (regular contracts),0_TO_6,0-6 scale,VERSION4,Version 4 (2013-2019),2015,,2.392248631,,F,Free (free for publication),2,Two,A,Normal value,0,Units
DATAFLOW,OECD.ELS.JAI:DSD_EPL@DF_EPL(1.0),Strictness of employment protection,I,A,Annual,SWE,Sweden,EPL_OV,Individual and collective dismissals (regular contracts),0_TO_6,0-6 scale,VERSION4,Version 4 (2013-2019),2015,,2.54440546,,F,Free (free for publication),2,Two,A,Normal value,0,Units
DATAFLOW,OECD.ELS.JAI:DSD_EPL@DF_EPL(1.0),Strictness of employment protection,I,A,Annual,CHE,Switzerland,EPL_OV,Individual and collective dismissals (regular contracts),0_TO_6,0-6 scale,VERSION4,Version 4 (2013-2019),2015,,1.606973529,,F,Free (free for publication),2,Two,A,Normal value,0,Units
DATAFLOW,OECD.ELS.JAI:DSD_EPL@DF_EPL(1.0),Strictness of employment protection,I,A,Annual,TUR,Türkiye,EPL_OV,Individual and collective dismissals (regular contracts),0_TO_6,0-6 scale,VERSION4,Version 4 (2013-2019),2015,,2.949660778,,F,Free (free for publication),2,Two,A,Normal value,0,Units
DATAFLOW,OECD.ELS.JAI:DSD_EPL@DF_EPL(1.0),Strictness of employment protection,I,A,Annual,GBR,United Kingdom,EPL_OV,Individual and collective dismissals (regular contracts),0_TO_6,0-6 scale,VERSION4,Version 4 (2013-2019),2015,,1.901723742,,F,Free (free for publication),2,Two,A,Normal value,0,Units
DATAFLOW,OECD.ELS.JAI:DSD_EPL@DF_EPL(1.0),Strictness of employment protection,I,A,Annual,USA,United States,EPL_OV,Individual and collective dismissals (regular contracts),0_TO_6,0-6 scale,VERSION4,Version 4 (2013-2019),2015,,1.310865164,,F,Free (free for publication),2,Two,A,Normal value,0,Units
DATAFLOW,OECD.ELS.JAI:DSD_EPL@DF_EPL(1.0),Strictness of employment protection,I,A,Annual,OECD,OECD,EPL_OV,Individual and collective dismissals (regular contracts),0_TO_6,0-6 scale,VERSION4,Version 4 (2013-2019),2015,,2.280791521,,F,Free (free for publication),2,Two,A,Normal value,0,Units
DATAFLOW,OECD.ELS.JAI:DSD_EPL@DF_EPL(1.0),Strictness of employment protection,I,A,Annual,ARG,Argentina,EPL_OV,Individual and collective dismissals (regular contracts),0_TO_6,0-6 scale,VERSION4,Version 4 (2013-2019),2015,,2.557883739,,F,Free (free for publication),2,Two,A,Normal value,0,Units
DATAFLOW,OECD.ELS.JAI:DSD_EPL@DF_EPL(1.0),Strictness of employment protection,I,A,Annual,PRY,Paraguay,EPL_OV,Individual and collective dismissals (regular contracts),0_TO_6,0-6 scale,VERSION4,Version 4 (2013-2019),2015,,2.019664288,,F,Free (free for publication),2,Two,A,Normal value,0,Units
DATAFLOW,OECD.ELS.JAI:DSD_EPL@DF_EPL(1.0),Strictness of employment protection,I,A,Annual,PER,Peru,EPL_OV,Individual and collective dismissals (regular contracts),0_TO_6,0-6 scale,VERSION4,Version 4 (2013-2019),2015,,1.803536057,,F,Free (free for publication),2,Two,A,Normal value,0,Units
DATAFLOW,OECD.ELS.JAI:DSD_EPL@DF_EPL(1.0),Strictness of employment protection,I,A,Annual,URY,Uruguay,EPL_OV,Individual and collective dismissals (regular contracts),0_TO_6,0-6 scale,VERSION4,Version 4 (2013-2019),2015,,0.984126985,,F,Free (free for publication),2,Two,A,Normal value,0,Units
DATAFLOW,OECD.ELS.JAI:DSD_EPL@DF_EPL(1.0),Strictness of employment protection,I,A,Annual,AUS,Australia,EPL_OV,Individual and collective dismissals (regular contracts),0_TO_6,0-6 scale,VERSION4,Version 4 (2013-2019),2016,,1.700077891,,F,Free (free for publication),2,Two,A,Normal value,0,Units
DATAFLOW,OECD.ELS.JAI:DSD_EPL@DF_EPL(1.0),Strictness of employment protection,I,A,Annual,AUT,Austria,EPL_OV,Individual and collective dismissals (regular contracts),0_TO_6,0-6 scale,VERSION4,Version 4 (2013-2019),2016,,1.800630689,,F,Free (free for publication),2,Two,A,Normal value,0,Units
DATAFLOW,OECD.ELS.JAI:DSD_EPL@DF_EPL(1.0),Strictness of employment protection,I,A,Annual,BEL,Belgium,EPL_OV,Individual and collective dismissals (regular contracts),0_TO_6,0-6 scale,VERSION4,Version 4 (2013-2019),2016,,2.670048237,,F,Free (free for publication),2,Two,A,Normal value,0,Units
DATAFLOW,OECD.ELS.JAI:DSD_EPL@DF_EPL(1.0),Strictness of employment protection,I,A,Annual,CAN,Canada,EPL_OV,Individual and collective dismissals (regular contracts),0_TO_6,0-6 scale,VERSION4,Version 4 (2013-2019),2016,,1.675306797,,F,Free (free for publication),2,Two,A,Normal value,0,Units
DATAFLOW,OECD.ELS.JAI:DSD_EPL@DF_EPL(1.0),Strictness of employment protection,I,A,Annual,CHL,Chile,EPL_OV,Individual and collective dismissals (regular contracts),0_TO_6,0-6 scale,VERSION4,Version 4 (2013-2019),2016,,2.341765881,,F,Free (free for publication),2,Two,A,Normal value,0,Units
DATAFLOW,OECD.ELS.JAI:DSD_EPL@DF_EPL(1.0),Strictness of employment protection,I,A,Annual,COL,Colombia,EPL_OV,Individual and collective dismissals (regular contracts),0_TO_6,0-6 scale,VERSION4,Version 4 (2013-2019),2016,,1.980052471,,F,Free (free for publication),2,Two,A,Normal value,0,Units
DATAFLOW,OECD.ELS.JAI:DSD_EPL@DF_EPL(1.0),Strictness of employment protection,I,A,Annual,CRI,Costa Rica,EPL_OV,Individual and collective dismissals (regular contracts),0_TO_6,0-6 scale,VERSION4,Version 4 (2013-2019),2016,,0.849206388,,F,Free (free for publication),2,Two,A,Normal value,0,Units
DATAFLOW,OECD.ELS.JAI:DSD_EPL@DF_EPL(1.0),Strictness of employment protection,I,A,Annual,CZE,Czechia,EPL_OV,Individual and collective dismissals (regular contracts),0_TO_6,0-6 scale,VERSION4,Version 4 (2013-2019),2016,,3.025262117,,F,Free (free for publication),2,Two,A,Normal value,0,Units
DATAFLOW,OECD.ELS.JAI:DSD_EPL@DF_EPL(1.0),Strictness of employment protection,I,A,Annual,DNK,Denmark,EPL_OV,Individual and collective dismissals (regular contracts),0_TO_6,0-6 scale,VERSION4,Version 4 (2013-2019),2016,,1.937693,,F,Free (free for publication),2,Two,A,Normal value,0,Units
DATAFLOW,OECD.ELS.JAI:DSD_EPL@DF_EPL(1.0),Strictness of employment protection,I,A,Annual,EST,Estonia,EPL_OV,Individual and collective dismissals (regular contracts),0_TO_6,0-6 scale,VERSION4,Version 4 (2013-2019),2016,,1.934222698,,F,Free (free for publication),2,Two,A,Normal value,0,Units
DATAFLOW,OECD.ELS.JAI:DSD_EPL@DF_EPL(1.0),Strictness of employment protection,I,A,Annual,FIN,Finland,EPL_OV,Individual and collective dismissals (regular contracts),0_TO_6,0-6 scale,VERSION4,Version 4 (2013-2019),2016,,2.518016577,,F,Free (free for publication),2,Two,A,Normal value,0,Units
DATAFLOW,OECD.ELS.JAI:DSD_EPL@DF_EPL(1.0),Strictness of employment protection,I,A,Annual,FRA,France,EPL_OV,Individual and collective dismissals (regular contracts),0_TO_6,0-6 scale,VERSION4,Version 4 (2013-2019),2016,,2.812613726,,F,Free (free for publication),2,Two,A,Normal value,0,Units
DATAFLOW,OECD.ELS.JAI:DSD_EPL@DF_EPL(1.0),Strictness of employment protection,I,A,Annual,DEU,Germany,EPL_OV,Individual and collective dismissals (regular contracts),0_TO_6,0-6 scale,VERSION4,Version 4 (2013-2019),2016,,2.332411051,,F,Free (free for publication),2,Two,A,Normal value,0,Units
DATAFLOW,OECD.ELS.JAI:DSD_EPL@DF_EPL(1.0),Strictness of employment protection,I,A,Annual,GRC,Greece,EPL_OV,Individual and collective dismissals (regular contracts),0_TO_6,0-6 scale,VERSION4,Version 4 (2013-2019),2016,,2.591600657,,F,Free (free for publication),2,Two,A,Normal value,0,Units
DATAFLOW,OECD.ELS.JAI:DSD_EPL@DF_EPL(1.0),Strictness of employment protection,I,A,Annual,HUN,Hungary,EPL_OV,Individual and collective dismissals (regular contracts),0_TO_6,0-6 scale,VERSION4,Version 4 (2013-2019),2016,,1.76733458,,F,Free (free for publication),2,Two,A,Normal value,0,Units
DATAFLOW,OECD.ELS.JAI:DSD_EPL@DF_EPL(1.0),Strictness of employment protection,I,A,Annual,ISL,Iceland,EPL_OV,Individual and collective dismissals (regular contracts),0_TO_6,0-6 scale,VERSION4,Version 4 (2013-2019),2016,,2.203089476,,F,Free (free for publication),2,Two,A,Normal value,0,Units
DATAFLOW,OECD.ELS.JAI:DSD_EPL@DF_EPL(1.0),Strictness of employment protection,I,A,Annual,IRL,Ireland,EPL_OV,Individual and collective dismissals (regular contracts),0_TO_6,0-6 scale,VERSION4,Version 4 (2013-2019),2016,,2.134929419,,F,Free (free for publication),2,Two,A,Normal value,0,Units
DATAFLOW,OECD.ELS.JAI:DSD_EPL@DF_EPL(1.0),Strictness of employment protection,I,A,Annual,ISR,Israel,EPL_OV,Individual and collective dismissals (regular contracts),0_TO_6,0-6 scale,VERSION4,Version 4 (2013-2019),2016,,2.832093239,,F,Free (free for publication),2,Two,A,Normal value,0,Units
DATAFLOW,OECD.ELS.JAI:DSD_EPL@DF_EPL(1.0),Strictness of employment protection,I,A,Annual,ITA,Italy,EPL_OV,Individual and collective dismissals (regular contracts),0_TO_6,0-6 scale,VERSION4,Version 4 (2013-2019),2016,,2.831331491,,F,Free (free for publication),2,Two,A,Normal value,0,Units
DATAFLOW,OECD.ELS.JAI:DSD_EPL@DF_EPL(1.0),Strictness of employment protection,I,A,Annual,JPN,Japan,EPL_OV,Individual and collective dismissals (regular contracts),0_TO_6,0-6 scale,VERSION4,Version 4 (2013-2019),2016,,2.080915213,,F,Free (free for publication),2,Two,A,Normal value,0,Units
DATAFLOW,OECD.ELS.JAI:DSD_EPL@DF_EPL(1.0),Strictness of employment protection,I,A,Annual,KOR,Korea,EPL_OV,Individual and collective dismissals (regular contracts),0_TO_6,0-6 scale,VERSION4,Version 4 (2013-2019),2016,,2.385948181,,F,Free (free for publication),2,Two,A,Normal value,0,Units
DATAFLOW,OECD.ELS.JAI:DSD_EPL@DF_EPL(1.0),Strictness of employment protection,I,A,Annual,LVA,Latvia,EPL_OV,Individual and collective dismissals (regular contracts),0_TO_6,0-6 scale,VERSION4,Version 4 (2013-2019),2016,,2.708120823,,F,Free (free for publication),2,Two,A,Normal value,0,Units
DATAFLOW,OECD.ELS.JAI:DSD_EPL@DF_EPL(1.0),Strictness of employment protection,I,A,Annual,LTU,Lithuania,EPL_OV,Individual and collective dismissals (regular contracts),0_TO_6,0-6 scale,VERSION4,Version 4 (2013-2019),2016,,2.633250952,,F,Free (free for publication),2,Two,A,Normal value,0,Units
DATAFLOW,OECD.ELS.JAI:DSD_EPL@DF_EPL(1.0),Strictness of employment protection,I,A,Annual,LUX,Luxembourg,EPL_OV,Individual and collective dismissals (regular contracts),0_TO_6,0-6 scale,VERSION4,Version 4 (2013-2019),2016,,2.541836739,,F,Free (free for publication),2,Two,A,Normal value,0,Units
DATAFLOW,OECD.ELS.JAI:DSD_EPL@DF_EPL(1.0),Strictness of employment protection,I,A,Annual,MEX,Mexico,EPL_OV,Individual and collective dismissals (regular contracts),0_TO_6,0-6 scale,VERSION4,Version 4 (2013-2019),2016,,2.464817286,,F,Free (free for publication),2,Two,A,Normal value,0,Units
DATAFLOW,OECD.ELS.JAI:DSD_EPL@DF_EPL(1.0),Strictness of employment protection,I,A,Annual,NLD,Netherlands,EPL_OV,Individual and collective dismissals (regular contracts),0_TO_6,0-6 scale,VERSION4,Version 4 (2013-2019),2016,,2.791586876,,F,Free (free for publication),2,Two,A,Normal value,0,Units
DATAFLOW,OECD.ELS.JAI:DSD_EPL@DF_EPL(1.0),Strictness of employment protection,I,A,Annual,NZL,New Zealand,EPL_OV,Individual and collective dismissals (regular contracts),0_TO_6,0-6 scale,VERSION4,Version 4 (2013-2019),2016,,2.085777998,,F,Free (free for publication),2,Two,A,Normal value,0,Units
DATAFLOW,OECD.ELS.JAI:DSD_EPL@DF_EPL(1.0),Strictness of employment protection,I,A,Annual,NOR,Norway,EPL_OV,Individual and collective dismissals (regular contracts),0_TO_6,0-6 scale,VERSION4,Version 4 (2013-2019),2016,,2.373485327,,F,Free (free for publication),2,Two,A,Normal value,0,Units
DATAFLOW,OECD.ELS.JAI:DSD_EPL@DF_EPL(1.0),Strictness of employment protection,I,A,Annual,POL,Poland,EPL_OV,Individual and collective dismissals (regular contracts),0_TO_6,0-6 scale,VERSION4,Version 4 (2013-2019),2016,,2.385318041,,F,Free (free for publication),2,Two,A,Normal value,0,Units
DATAFLOW,OECD.ELS.JAI:DSD_EPL@DF_EPL(1.0),Strictness of employment protection,I,A,Annual,PRT,Portugal,EPL_OV,Individual and collective dismissals (regular contracts),0_TO_6,0-6 scale,VERSION4,Version 4 (2013-2019),2016,,2.871757984,,F,Free (free for publication),2,Two,A,Normal value,0,Units
DATAFLOW,OECD.ELS.JAI:DSD_EPL@DF_EPL(1.0),Strictness of employment protection,I,A,Annual,SVK,Slovak Republic,EPL_OV,Individual and collective dismissals (regular contracts),0_TO_6,0-6 scale,VERSION4,Version 4 (2013-2019),2016,,2.33060503,,F,Free (free for publication),2,Two,A,Normal value,0,Units
DATAFLOW,OECD.ELS.JAI:DSD_EPL@DF_EPL(1.0),Strictness of employment protection,I,A,Annual,SVN,Slovenia,EPL_OV,Individual and collective dismissals (regular contracts),0_TO_6,0-6 scale,VERSION4,Version 4 (2013-2019),2016,,2.340628147,,F,Free (free for publication),2,Two,A,Normal value,0,Units
DATAFLOW,OECD.ELS.JAI:DSD_EPL@DF_EPL(1.0),Strictness of employment protection,I,A,Annual,ESP,Spain,EPL_OV,Individual and collective dismissals (regular contracts),0_TO_6,0-6 scale,VERSION4,Version 4 (2013-2019),2016,,2.392248631,,F,Free (free for publication),2,Two,A,Normal value,0,Units
DATAFLOW,OECD.ELS.JAI:DSD_EPL@DF_EPL(1.0),Strictness of employment protection,I,A,Annual,SWE,Sweden,EPL_OV,Individual and collective dismissals (regular contracts),0_TO_6,0-6 scale,VERSION4,Version 4 (2013-2019),2016,,2.54440546,,F,Free (free for publication),2,Two,A,Normal value,0,Units
DATAFLOW,OECD.ELS.JAI:DSD_EPL@DF_EPL(1.0),Strictness of employment protection,I,A,Annual,CHE,Switzerland,EPL_OV,Individual and collective dismissals (regular contracts),0_TO_6,0-6 scale,VERSION4,Version 4 (2013-2019),2016,,1.606973529,,F,Free (free for publication),2,Two,A,Normal value,0,Units
DATAFLOW,OECD.ELS.JAI:DSD_EPL@DF_EPL(1.0),Strictness of employment protection,I,A,Annual,TUR,Türkiye,EPL_OV,Individual and collective dismissals (regular contracts),0_TO_6,0-6 scale,VERSION4,Version 4 (2013-2019),2016,,2.949660778,,F,Free (free for publication),2,Two,A,Normal value,0,Units
DATAFLOW,OECD.ELS.JAI:DSD_EPL@DF_EPL(1.0),Strictness of employment protection,I,A,Annual,GBR,United Kingdom,EPL_OV,Individual and collective dismissals (regular contracts),0_TO_6,0-6 scale,VERSION4,Version 4 (2013-2019),2016,,1.901723742,,F,Free (free for publication),2,Two,A,Normal value,0,Units
DATAFLOW,OECD.ELS.JAI:DSD_EPL@DF_EPL(1.0),Strictness of employment protection,I,A,Annual,USA,United States,EPL_OV,Individual and collective dismissals (regular contracts),0_TO_6,0-6 scale,VERSION4,Version 4 (2013-2019),2016,,1.310865164,,F,Free (free for publication),2,Two,A,Normal value,0,Units
DATAFLOW,OECD.ELS.JAI:DSD_EPL@DF_EPL(1.0),Strictness of employment protection,I,A,Annual,OECD,OECD,EPL_OV,Individual and collective dismissals (regular contracts),0_TO_6,0-6 scale,VERSION4,Version 4 (2013-2019),2016,,2.279937267,,F,Free (free for publication),2,Two,A,Normal value,0,Units
DATAFLOW,OECD.ELS.JAI:DSD_EPL@DF_EPL(1.0),Strictness of employment protection,I,A,Annual,ARG,Argentina,EPL_OV,Individual and collective dismissals (regular contracts),0_TO_6,0-6 scale,VERSION4,Version 4 (2013-2019),2016,,2.557883739,,F,Free (free for publication),2,Two,A,Normal value,0,Units
DATAFLOW,OECD.ELS.JAI:DSD_EPL@DF_EPL(1.0),Strictness of employment protection,I,A,Annual,PRY,Paraguay,EPL_OV,Individual and collective dismissals (regular contracts),0_TO_6,0-6 scale,VERSION4,Version 4 (2013-2019),2016,,2.019664288,,F,Free (free for publication),2,Two,A,Normal value,0,Units
DATAFLOW,OECD.ELS.JAI:DSD_EPL@DF_EPL(1.0),Strictness of employment protection,I,A,Annual,PER,Peru,EPL_OV,Individual and collective dismissals (regular contracts),0_TO_6,0-6 scale,VERSION4,Version 4 (2013-2019),2016,,1.803536057,,F,Free (free for publication),2,Two,A,Normal value,0,Units
DATAFLOW,OECD.ELS.JAI:DSD_EPL@DF_EPL(1.0),Strictness of employment protection,I,A,Annual,URY,Uruguay,EPL_OV,Individual and collective dismissals (regular contracts),0_TO_6,0-6 scale,VERSION4,Version 4 (2013-2019),2016,,0.984126985,,F,Free (free for publication),2,Two,A,Normal value,0,Units
DATAFLOW,OECD.ELS.JAI:DSD_EPL@DF_EPL(1.0),Strictness of employment protection,I,A,Annual,AUS,Australia,EPL_OV,Individual and collective dismissals (regular contracts),0_TO_6,0-6 scale,VERSION4,Version 4 (2013-2019),2017,,1.700077891,,F,Free (free for publication),2,Two,A,Normal value,0,Units
DATAFLOW,OECD.ELS.JAI:DSD_EPL@DF_EPL(1.0),Strictness of employment protection,I,A,Annual,AUT,Austria,EPL_OV,Individual and collective dismissals (regular contracts),0_TO_6,0-6 scale,VERSION4,Version 4 (2013-2019),2017,,1.800630689,,F,Free (free for publication),2,Two,A,Normal value,0,Units
DATAFLOW,OECD.ELS.JAI:DSD_EPL@DF_EPL(1.0),Strictness of employment protection,I,A,Annual,BEL,Belgium,EPL_OV,Individual and collective dismissals (regular contracts),0_TO_6,0-6 scale,VERSION4,Version 4 (2013-2019),2017,,2.678418875,,F,Free (free for publication),2,Two,A,Normal value,0,Units
DATAFLOW,OECD.ELS.JAI:DSD_EPL@DF_EPL(1.0),Strictness of employment protection,I,A,Annual,CAN,Canada,EPL_OV,Individual and collective dismissals (regular contracts),0_TO_6,0-6 scale,VERSION4,Version 4 (2013-2019),2017,,1.675306797,,F,Free (free for publication),2,Two,A,Normal value,0,Units
DATAFLOW,OECD.ELS.JAI:DSD_EPL@DF_EPL(1.0),Strictness of employment protection,I,A,Annual,CHL,Chile,EPL_OV,Individual and collective dismissals (regular contracts),0_TO_6,0-6 scale,VERSION4,Version 4 (2013-2019),2017,,2.341765881,,F,Free (free for publication),2,Two,A,Normal value,0,Units
DATAFLOW,OECD.ELS.JAI:DSD_EPL@DF_EPL(1.0),Strictness of employment protection,I,A,Annual,COL,Colombia,EPL_OV,Individual and collective dismissals (regular contracts),0_TO_6,0-6 scale,VERSION4,Version 4 (2013-2019),2017,,1.980052471,,F,Free (free for publication),2,Two,A,Normal value,0,Units
DATAFLOW,OECD.ELS.JAI:DSD_EPL@DF_EPL(1.0),Strictness of employment protection,I,A,Annual,CRI,Costa Rica,EPL_OV,Individual and collective dismissals (regular contracts),0_TO_6,0-6 scale,VERSION4,Version 4 (2013-2019),2017,,0.849206388,,F,Free (free for publication),2,Two,A,Normal value,0,Units
DATAFLOW,OECD.ELS.JAI:DSD_EPL@DF_EPL(1.0),Strictness of employment protection,I,A,Annual,CZE,Czechia,EPL_OV,Individual and collective dismissals (regular contracts),0_TO_6,0-6 scale,VERSION4,Version 4 (2013-2019),2017,,3.025262117,,F,Free (free for publication),2,Two,A,Normal value,0,Units
DATAFLOW,OECD.ELS.JAI:DSD_EPL@DF_EPL(1.0),Strictness of employment protection,I,A,Annual,DNK,Denmark,EPL_OV,Individual and collective dismissals (regular contracts),0_TO_6,0-6 scale,VERSION4,Version 4 (2013-2019),2017,,1.937693,,F,Free (free for publication),2,Two,A,Normal value,0,Units
DATAFLOW,OECD.ELS.JAI:DSD_EPL@DF_EPL(1.0),Strictness of employment protection,I,A,Annual,EST,Estonia,EPL_OV,Individual and collective dismissals (regular contracts),0_TO_6,0-6 scale,VERSION4,Version 4 (2013-2019),2017,,1.934222698,,F,Free (free for publication),2,Two,A,Normal value,0,Units
DATAFLOW,OECD.ELS.JAI:DSD_EPL@DF_EPL(1.0),Strictness of employment protection,I,A,Annual,FIN,Finland,EPL_OV,Individual and collective dismissals (regular contracts),0_TO_6,0-6 scale,VERSION4,Version 4 (2013-2019),2017,,2.47975111,,F,Free (free for publication),2,Two,A,Normal value,0,Units
DATAFLOW,OECD.ELS.JAI:DSD_EPL@DF_EPL(1.0),Strictness of employment protection,I,A,Annual,FRA,France,EPL_OV,Individual and collective dismissals (regular contracts),0_TO_6,0-6 scale,VERSION4,Version 4 (2013-2019),2017,,2.792008638,,F,Free (free for publication),2,Two,A,Normal value,0,Units
DATAFLOW,OECD.ELS.JAI:DSD_EPL@DF_EPL(1.0),Strictness of employment protection,I,A,Annual,DEU,Germany,EPL_OV,Individual and collective dismissals (regular contracts),0_TO_6,0-6 scale,VERSION4,Version 4 (2013-2019),2017,,2.332411051,,F,Free (free for publication),2,Two,A,Normal value,0,Units
DATAFLOW,OECD.ELS.JAI:DSD_EPL@DF_EPL(1.0),Strictness of employment protection,I,A,Annual,GRC,Greece,EPL_OV,Individual and collective dismissals (regular contracts),0_TO_6,0-6 scale,VERSION4,Version 4 (2013-2019),2017,,2.591600657,,F,Free (free for publication),2,Two,A,Normal value,0,Units
DATAFLOW,OECD.ELS.JAI:DSD_EPL@DF_EPL(1.0),Strictness of employment protection,I,A,Annual,HUN,Hungary,EPL_OV,Individual and collective dismissals (regular contracts),0_TO_6,0-6 scale,VERSION4,Version 4 (2013-2019),2017,,1.76733458,,F,Free (free for publication),2,Two,A,Normal value,0,Units
DATAFLOW,OECD.ELS.JAI:DSD_EPL@DF_EPL(1.0),Strictness of employment protection,I,A,Annual,ISL,Iceland,EPL_OV,Individual and collective dismissals (regular contracts),0_TO_6,0-6 scale,VERSION4,Version 4 (2013-2019),2017,,2.203089476,,F,Free (free for publication),2,Two,A,Normal value,0,Units
DATAFLOW,OECD.ELS.JAI:DSD_EPL@DF_EPL(1.0),Strictness of employment protection,I,A,Annual,IRL,Ireland,EPL_OV,Individual and collective dismissals (regular contracts),0_TO_6,0-6 scale,VERSION4,Version 4 (2013-2019),2017,,2.134929419,,F,Free (free for publication),2,Two,A,Normal value,0,Units
DATAFLOW,OECD.ELS.JAI:DSD_EPL@DF_EPL(1.0),Strictness of employment protection,I,A,Annual,ISR,Israel,EPL_OV,Individual and collective dismissals (regular contracts),0_TO_6,0-6 scale,VERSION4,Version 4 (2013-2019),2017,,2.832093239,,F,Free (free for publication),2,Two,A,Normal value,0,Units
DATAFLOW,OECD.ELS.JAI:DSD_EPL@DF_EPL(1.0),Strictness of employment protection,I,A,Annual,ITA,Italy,EPL_OV,Individual and collective dismissals (regular contracts),0_TO_6,0-6 scale,VERSION4,Version 4 (2013-2019),2017,,2.763304234,,F,Free (free for publication),2,Two,A,Normal value,0,Units
DATAFLOW,OECD.ELS.JAI:DSD_EPL@DF_EPL(1.0),Strictness of employment protection,I,A,Annual,JPN,Japan,EPL_OV,Individual and collective dismissals (regular contracts),0_TO_6,0-6 scale,VERSION4,Version 4 (2013-2019),2017,,2.080915213,,F,Free (free for publication),2,Two,A,Normal value,0,Units
DATAFLOW,OECD.ELS.JAI:DSD_EPL@DF_EPL(1.0),Strictness of employment protection,I,A,Annual,KOR,Korea,EPL_OV,Individual and collective dismissals (regular contracts),0_TO_6,0-6 scale,VERSION4,Version 4 (2013-2019),2017,,2.385948181,,F,Free (free for publication),2,Two,A,Normal value,0,Units
DATAFLOW,OECD.ELS.JAI:DSD_EPL@DF_EPL(1.0),Strictness of employment protection,I,A,Annual,LVA,Latvia,EPL_OV,Individual and collective dismissals (regular contracts),0_TO_6,0-6 scale,VERSION4,Version 4 (2013-2019),2017,,2.708120823,,F,Free (free for publication),2,Two,A,Normal value,0,Units
DATAFLOW,OECD.ELS.JAI:DSD_EPL@DF_EPL(1.0),Strictness of employment protection,I,A,Annual,LTU,Lithuania,EPL_OV,Individual and collective dismissals (regular contracts),0_TO_6,0-6 scale,VERSION4,Version 4 (2013-2019),2017,,2.633250952,,F,Free (free for publication),2,Two,A,Normal value,0,Units
DATAFLOW,OECD.ELS.JAI:DSD_EPL@DF_EPL(1.0),Strictness of employment protection,I,A,Annual,LUX,Luxembourg,EPL_OV,Individual and collective dismissals (regular contracts),0_TO_6,0-6 scale,VERSION4,Version 4 (2013-2019),2017,,2.541836739,,F,Free (free for publication),2,Two,A,Normal value,0,Units
DATAFLOW,OECD.ELS.JAI:DSD_EPL@DF_EPL(1.0),Strictness of employment protection,I,A,Annual,MEX,Mexico,EPL_OV,Individual and collective dismissals (regular contracts),0_TO_6,0-6 scale,VERSION4,Version 4 (2013-2019),2017,,2.464817286,,F,Free (free for publication),2,Two,A,Normal value,0,Units
DATAFLOW,OECD.ELS.JAI:DSD_EPL@DF_EPL(1.0),Strictness of employment protection,I,A,Annual,NLD,Netherlands,EPL_OV,Individual and collective dismissals (regular contracts),0_TO_6,0-6 scale,VERSION4,Version 4 (2013-2019),2017,,2.791586876,,F,Free (free for publication),2,Two,A,Normal value,0,Units
DATAFLOW,OECD.ELS.JAI:DSD_EPL@DF_EPL(1.0),Strictness of employment protection,I,A,Annual,NZL,New Zealand,EPL_OV,Individual and collective dismissals (regular contracts),0_TO_6,0-6 scale,VERSION4,Version 4 (2013-2019),2017,,2.085777998,,F,Free (free for publication),2,Two,A,Normal value,0,Units
DATAFLOW,OECD.ELS.JAI:DSD_EPL@DF_EPL(1.0),Strictness of employment protection,I,A,Annual,NOR,Norway,EPL_OV,Individual and collective dismissals (regular contracts),0_TO_6,0-6 scale,VERSION4,Version 4 (2013-2019),2017,,2.373485327,,F,Free (free for publication),2,Two,A,Normal value,0,Units
DATAFLOW,OECD.ELS.JAI:DSD_EPL@DF_EPL(1.0),Strictness of employment protection,I,A,Annual,POL,Poland,EPL_OV,Individual and collective dismissals (regular contracts),0_TO_6,0-6 scale,VERSION4,Version 4 (2013-2019),2017,,2.385318041,,F,Free (free for publication),2,Two,A,Normal value,0,Units
DATAFLOW,OECD.ELS.JAI:DSD_EPL@DF_EPL(1.0),Strictness of employment protection,I,A,Annual,PRT,Portugal,EPL_OV,Individual and collective dismissals (regular contracts),0_TO_6,0-6 scale,VERSION4,Version 4 (2013-2019),2017,,2.871757984,,F,Free (free for publication),2,Two,A,Normal value,0,Units
DATAFLOW,OECD.ELS.JAI:DSD_EPL@DF_EPL(1.0),Strictness of employment protection,I,A,Annual,SVK,Slovak Republic,EPL_OV,Individual and collective dismissals (regular contracts),0_TO_6,0-6 scale,VERSION4,Version 4 (2013-2019),2017,,2.33060503,,F,Free (free for publication),2,Two,A,Normal value,0,Units
DATAFLOW,OECD.ELS.JAI:DSD_EPL@DF_EPL(1.0),Strictness of employment protection,I,A,Annual,SVN,Slovenia,EPL_OV,Individual and collective dismissals (regular contracts),0_TO_6,0-6 scale,VERSION4,Version 4 (2013-2019),2017,,2.340628147,,F,Free (free for publication),2,Two,A,Normal value,0,Units
DATAFLOW,OECD.ELS.JAI:DSD_EPL@DF_EPL(1.0),Strictness of employment protection,I,A,Annual,ESP,Spain,EPL_OV,Individual and collective dismissals (regular contracts),0_TO_6,0-6 scale,VERSION4,Version 4 (2013-2019),2017,,2.392248631,,F,Free (free for publication),2,Two,A,Normal value,0,Units
DATAFLOW,OECD.ELS.JAI:DSD_EPL@DF_EPL(1.0),Strictness of employment protection,I,A,Annual,SWE,Sweden,EPL_OV,Individual and collective dismissals (regular contracts),0_TO_6,0-6 scale,VERSION4,Version 4 (2013-2019),2017,,2.54440546,,F,Free (free for publication),2,Two,A,Normal value,0,Units
DATAFLOW,OECD.ELS.JAI:DSD_EPL@DF_EPL(1.0),Strictness of employment protection,I,A,Annual,CHE,Switzerland,EPL_OV,Individual and collective dismissals (regular contracts),0_TO_6,0-6 scale,VERSION4,Version 4 (2013-2019),2017,,1.606973529,,F,Free (free for publication),2,Two,A,Normal value,0,Units
DATAFLOW,OECD.ELS.JAI:DSD_EPL@DF_EPL(1.0),Strictness of employment protection,I,A,Annual,TUR,Türkiye,EPL_OV,Individual and collective dismissals (regular contracts),0_TO_6,0-6 scale,VERSION4,Version 4 (2013-2019),2017,,2.949660778,,F,Free (free for publication),2,Two,A,Normal value,0,Units
DATAFLOW,OECD.ELS.JAI:DSD_EPL@DF_EPL(1.0),Strictness of employment protection,I,A,Annual,GBR,United Kingdom,EPL_OV,Individual and collective dismissals (regular contracts),0_TO_6,0-6 scale,VERSION4,Version 4 (2013-2019),2017,,1.901723742,,F,Free (free for publication),2,Two,A,Normal value,0,Units
DATAFLOW,OECD.ELS.JAI:DSD_EPL@DF_EPL(1.0),Strictness of employment protection,I,A,Annual,USA,United States,EPL_OV,Individual and collective dismissals (regular contracts),0_TO_6,0-6 scale,VERSION4,Version 4 (2013-2019),2017,,1.310865164,,F,Free (free for publication),2,Two,A,Normal value,0,Units
DATAFLOW,OECD.ELS.JAI:DSD_EPL@DF_EPL(1.0),Strictness of employment protection,I,A,Annual,OECD,OECD,EPL_OV,Individual and collective dismissals (regular contracts),0_TO_6,0-6 scale,VERSION4,Version 4 (2013-2019),2017,,2.276818037,,F,Free (free for publication),2,Two,A,Normal value,0,Units
DATAFLOW,OECD.ELS.JAI:DSD_EPL@DF_EPL(1.0),Strictness of employment protection,I,A,Annual,ARG,Argentina,EPL_OV,Individual and collective dismissals (regular contracts),0_TO_6,0-6 scale,VERSION4,Version 4 (2013-2019),2017,,2.557883739,,F,Free (free for publication),2,Two,A,Normal value,0,Units
DATAFLOW,OECD.ELS.JAI:DSD_EPL@DF_EPL(1.0),Strictness of employment protection,I,A,Annual,PRY,Paraguay,EPL_OV,Individual and collective dismissals (regular contracts),0_TO_6,0-6 scale,VERSION4,Version 4 (2013-2019),2017,,2.019664288,,F,Free (free for publication),2,Two,A,Normal value,0,Units
DATAFLOW,OECD.ELS.JAI:DSD_EPL@DF_EPL(1.0),Strictness of employment protection,I,A,Annual,PER,Peru,EPL_OV,Individual and collective dismissals (regular contracts),0_TO_6,0-6 scale,VERSION4,Version 4 (2013-2019),2017,,1.803536057,,F,Free (free for publication),2,Two,A,Normal value,0,Units
DATAFLOW,OECD.ELS.JAI:DSD_EPL@DF_EPL(1.0),Strictness of employment protection,I,A,Annual,URY,Uruguay,EPL_OV,Individual and collective dismissals (regular contracts),0_TO_6,0-6 scale,VERSION4,Version 4 (2013-2019),2017,,0.984126985,,F,Free (free for publication),2,Two,A,Normal value,0,Units
DATAFLOW,OECD.ELS.JAI:DSD_EPL@DF_EPL(1.0),Strictness of employment protection,I,A,Annual,AUS,Australia,EPL_OV,Individual and collective dismissals (regular contracts),0_TO_6,0-6 scale,VERSION4,Version 4 (2013-2019),2018,,1.700077891,,F,Free (free for publication),2,Two,A,Normal value,0,Units
DATAFLOW,OECD.ELS.JAI:DSD_EPL@DF_EPL(1.0),Strictness of employment protection,I,A,Annual,AUT,Austria,EPL_OV,Individual and collective dismissals (regular contracts),0_TO_6,0-6 scale,VERSION4,Version 4 (2013-2019),2018,,1.800630689,,F,Free (free for publication),2,Two,A,Normal value,0,Units
DATAFLOW,OECD.ELS.JAI:DSD_EPL@DF_EPL(1.0),Strictness of employment protection,I,A,Annual,BEL,Belgium,EPL_OV,Individual and collective dismissals (regular contracts),0_TO_6,0-6 scale,VERSION4,Version 4 (2013-2019),2018,,2.678418875,,F,Free (free for publication),2,Two,A,Normal value,0,Units
DATAFLOW,OECD.ELS.JAI:DSD_EPL@DF_EPL(1.0),Strictness of employment protection,I,A,Annual,CAN,Canada,EPL_OV,Individual and collective dismissals (regular contracts),0_TO_6,0-6 scale,VERSION4,Version 4 (2013-2019),2018,,1.675306797,,F,Free (free for publication),2,Two,A,Normal value,0,Units
DATAFLOW,OECD.ELS.JAI:DSD_EPL@DF_EPL(1.0),Strictness of employment protection,I,A,Annual,CHL,Chile,EPL_OV,Individual and collective dismissals (regular contracts),0_TO_6,0-6 scale,VERSION4,Version 4 (2013-2019),2018,,2.341765881,,F,Free (free for publication),2,Two,A,Normal value,0,Units
DATAFLOW,OECD.ELS.JAI:DSD_EPL@DF_EPL(1.0),Strictness of employment protection,I,A,Annual,COL,Colombia,EPL_OV,Individual and collective dismissals (regular contracts),0_TO_6,0-6 scale,VERSION4,Version 4 (2013-2019),2018,,1.980052471,,F,Free (free for publication),2,Two,A,Normal value,0,Units
DATAFLOW,OECD.ELS.JAI:DSD_EPL@DF_EPL(1.0),Strictness of employment protection,I,A,Annual,CRI,Costa Rica,EPL_OV,Individual and collective dismissals (regular contracts),0_TO_6,0-6 scale,VERSION4,Version 4 (2013-2019),2018,,0.849206388,,F,Free (free for publication),2,Two,A,Normal value,0,Units
DATAFLOW,OECD.ELS.JAI:DSD_EPL@DF_EPL(1.0),Strictness of employment protection,I,A,Annual,CZE,Czechia,EPL_OV,Individual and collective dismissals (regular contracts),0_TO_6,0-6 scale,VERSION4,Version 4 (2013-2019),2018,,3.025262117,,F,Free (free for publication),2,Two,A,Normal value,0,Units
DATAFLOW,OECD.ELS.JAI:DSD_EPL@DF_EPL(1.0),Strictness of employment protection,I,A,Annual,DNK,Denmark,EPL_OV,Individual and collective dismissals (regular contracts),0_TO_6,0-6 scale,VERSION4,Version 4 (2013-2019),2018,,1.937693,,F,Free (free for publication),2,Two,A,Normal value,0,Units
DATAFLOW,OECD.ELS.JAI:DSD_EPL@DF_EPL(1.0),Strictness of employment protection,I,A,Annual,EST,Estonia,EPL_OV,Individual and collective dismissals (regular contracts),0_TO_6,0-6 scale,VERSION4,Version 4 (2013-2019),2018,,1.934222698,,F,Free (free for publication),2,Two,A,Normal value,0,Units
DATAFLOW,OECD.ELS.JAI:DSD_EPL@DF_EPL(1.0),Strictness of employment protection,I,A,Annual,FIN,Finland,EPL_OV,Individual and collective dismissals (regular contracts),0_TO_6,0-6 scale,VERSION4,Version 4 (2013-2019),2018,,2.47975111,,F,Free (free for publication),2,Two,A,Normal value,0,Units
DATAFLOW,OECD.ELS.JAI:DSD_EPL@DF_EPL(1.0),Strictness of employment protection,I,A,Annual,FRA,France,EPL_OV,Individual and collective dismissals (regular contracts),0_TO_6,0-6 scale,VERSION4,Version 4 (2013-2019),2018,,2.675937176,,F,Free (free for publication),2,Two,A,Normal value,0,Units
DATAFLOW,OECD.ELS.JAI:DSD_EPL@DF_EPL(1.0),Strictness of employment protection,I,A,Annual,DEU,Germany,EPL_OV,Individual and collective dismissals (regular contracts),0_TO_6,0-6 scale,VERSION4,Version 4 (2013-2019),2018,,2.332411051,,F,Free (free for publication),2,Two,A,Normal value,0,Units
DATAFLOW,OECD.ELS.JAI:DSD_EPL@DF_EPL(1.0),Strictness of employment protection,I,A,Annual,GRC,Greece,EPL_OV,Individual and collective dismissals (regular contracts),0_TO_6,0-6 scale,VERSION4,Version 4 (2013-2019),2018,,2.543981552,,F,Free (free for publication),2,Two,A,Normal value,0,Units
DATAFLOW,OECD.ELS.JAI:DSD_EPL@DF_EPL(1.0),Strictness of employment protection,I,A,Annual,HUN,Hungary,EPL_OV,Individual and collective dismissals (regular contracts),0_TO_6,0-6 scale,VERSION4,Version 4 (2013-2019),2018,,1.89233458,,F,Free (free for publication),2,Two,A,Normal value,0,Units
DATAFLOW,OECD.ELS.JAI:DSD_EPL@DF_EPL(1.0),Strictness of employment protection,I,A,Annual,ISL,Iceland,EPL_OV,Individual and collective dismissals (regular contracts),0_TO_6,0-6 scale,VERSION4,Version 4 (2013-2019),2018,,2.203089476,,F,Free (free for publication),2,Two,A,Normal value,0,Units
DATAFLOW,OECD.ELS.JAI:DSD_EPL@DF_EPL(1.0),Strictness of employment protection,I,A,Annual,IRL,Ireland,EPL_OV,Individual and collective dismissals (regular contracts),0_TO_6,0-6 scale,VERSION4,Version 4 (2013-2019),2018,,2.134929419,,F,Free (free for publication),2,Two,A,Normal value,0,Units
DATAFLOW,OECD.ELS.JAI:DSD_EPL@DF_EPL(1.0),Strictness of employment protection,I,A,Annual,ISR,Israel,EPL_OV,Individual and collective dismissals (regular contracts),0_TO_6,0-6 scale,VERSION4,Version 4 (2013-2019),2018,,2.832093239,,F,Free (free for publication),2,Two,A,Normal value,0,Units
DATAFLOW,OECD.ELS.JAI:DSD_EPL@DF_EPL(1.0),Strictness of employment protection,I,A,Annual,ITA,Italy,EPL_OV,Individual and collective dismissals (regular contracts),0_TO_6,0-6 scale,VERSION4,Version 4 (2013-2019),2018,,2.763304234,,F,Free (free for publication),2,Two,A,Normal value,0,Units
DATAFLOW,OECD.ELS.JAI:DSD_EPL@DF_EPL(1.0),Strictness of employment protection,I,A,Annual,JPN,Japan,EPL_OV,Individual and collective dismissals (regular contracts),0_TO_6,0-6 scale,VERSION4,Version 4 (2013-2019),2018,,2.080915213,,F,Free (free for publication),2,Two,A,Normal value,0,Units
DATAFLOW,OECD.ELS.JAI:DSD_EPL@DF_EPL(1.0),Strictness of employment protection,I,A,Annual,KOR,Korea,EPL_OV,Individual and collective dismissals (regular contracts),0_TO_6,0-6 scale,VERSION4,Version 4 (2013-2019),2018,,2.385948181,,F,Free (free for publication),2,Two,A,Normal value,0,Units
DATAFLOW,OECD.ELS.JAI:DSD_EPL@DF_EPL(1.0),Strictness of employment protection,I,A,Annual,LVA,Latvia,EPL_OV,Individual and collective dismissals (regular contracts),0_TO_6,0-6 scale,VERSION4,Version 4 (2013-2019),2018,,2.708120823,,F,Free (free for publication),2,Two,A,Normal value,0,Units
DATAFLOW,OECD.ELS.JAI:DSD_EPL@DF_EPL(1.0),Strictness of employment protection,I,A,Annual,LTU,Lithuania,EPL_OV,Individual and collective dismissals (regular contracts),0_TO_6,0-6 scale,VERSION4,Version 4 (2013-2019),2018,,2.243927956,,F,Free (free for publication),2,Two,A,Normal value,0,Units
DATAFLOW,OECD.ELS.JAI:DSD_EPL@DF_EPL(1.0),Strictness of employment protection,I,A,Annual,LUX,Luxembourg,EPL_OV,Individual and collective dismissals (regular contracts),0_TO_6,0-6 scale,VERSION4,Version 4 (2013-2019),2018,,2.541836739,,F,Free (free for publication),2,Two,A,Normal value,0,Units
DATAFLOW,OECD.ELS.JAI:DSD_EPL@DF_EPL(1.0),Strictness of employment protection,I,A,Annual,MEX,Mexico,EPL_OV,Individual and collective dismissals (regular contracts),0_TO_6,0-6 scale,VERSION4,Version 4 (2013-2019),2018,,2.464817286,,F,Free (free for publication),2,Two,A,Normal value,0,Units
DATAFLOW,OECD.ELS.JAI:DSD_EPL@DF_EPL(1.0),Strictness of employment protection,I,A,Annual,NLD,Netherlands,EPL_OV,Individual and collective dismissals (regular contracts),0_TO_6,0-6 scale,VERSION4,Version 4 (2013-2019),2018,,2.791586876,,F,Free (free for publication),2,Two,A,Normal value,0,Units
DATAFLOW,OECD.ELS.JAI:DSD_EPL@DF_EPL(1.0),Strictness of employment protection,I,A,Annual,NZL,New Zealand,EPL_OV,Individual and collective dismissals (regular contracts),0_TO_6,0-6 scale,VERSION4,Version 4 (2013-2019),2018,,2.085777998,,F,Free (free for publication),2,Two,A,Normal value,0,Units
DATAFLOW,OECD.ELS.JAI:DSD_EPL@DF_EPL(1.0),Strictness of employment protection,I,A,Annual,NOR,Norway,EPL_OV,Individual and collective dismissals (regular contracts),0_TO_6,0-6 scale,VERSION4,Version 4 (2013-2019),2018,,2.373485327,,F,Free (free for publication),2,Two,A,Normal value,0,Units
DATAFLOW,OECD.ELS.JAI:DSD_EPL@DF_EPL(1.0),Strictness of employment protection,I,A,Annual,POL,Poland,EPL_OV,Individual and collective dismissals (regular contracts),0_TO_6,0-6 scale,VERSION4,Version 4 (2013-2019),2018,,2.385318041,,F,Free (free for publication),2,Two,A,Normal value,0,Units
DATAFLOW,OECD.ELS.JAI:DSD_EPL@DF_EPL(1.0),Strictness of employment protection,I,A,Annual,PRT,Portugal,EPL_OV,Individual and collective dismissals (regular contracts),0_TO_6,0-6 scale,VERSION4,Version 4 (2013-2019),2018,,2.871757984,,F,Free (free for publication),2,Two,A,Normal value,0,Units
DATAFLOW,OECD.ELS.JAI:DSD_EPL@DF_EPL(1.0),Strictness of employment protection,I,A,Annual,SVK,Slovak Republic,EPL_OV,Individual and collective dismissals (regular contracts),0_TO_6,0-6 scale,VERSION4,Version 4 (2013-2019),2018,,2.33060503,,F,Free (free for publication),2,Two,A,Normal value,0,Units
DATAFLOW,OECD.ELS.JAI:DSD_EPL@DF_EPL(1.0),Strictness of employment protection,I,A,Annual,SVN,Slovenia,EPL_OV,Individual and collective dismissals (regular contracts),0_TO_6,0-6 scale,VERSION4,Version 4 (2013-2019),2018,,2.340628147,,F,Free (free for publication),2,Two,A,Normal value,0,Units
DATAFLOW,OECD.ELS.JAI:DSD_EPL@DF_EPL(1.0),Strictness of employment protection,I,A,Annual,ESP,Spain,EPL_OV,Individual and collective dismissals (regular contracts),0_TO_6,0-6 scale,VERSION4,Version 4 (2013-2019),2018,,2.392248631,,F,Free (free for publication),2,Two,A,Normal value,0,Units
DATAFLOW,OECD.ELS.JAI:DSD_EPL@DF_EPL(1.0),Strictness of employment protection,I,A,Annual,SWE,Sweden,EPL_OV,Individual and collective dismissals (regular contracts),0_TO_6,0-6 scale,VERSION4,Version 4 (2013-2019),2018,,2.54440546,,F,Free (free for publication),2,Two,A,Normal value,0,Units
DATAFLOW,OECD.ELS.JAI:DSD_EPL@DF_EPL(1.0),Strictness of employment protection,I,A,Annual,CHE,Switzerland,EPL_OV,Individual and collective dismissals (regular contracts),0_TO_6,0-6 scale,VERSION4,Version 4 (2013-2019),2018,,1.606973529,,F,Free (free for publication),2,Two,A,Normal value,0,Units
DATAFLOW,OECD.ELS.JAI:DSD_EPL@DF_EPL(1.0),Strictness of employment protection,I,A,Annual,TUR,Türkiye,EPL_OV,Individual and collective dismissals (regular contracts),0_TO_6,0-6 scale,VERSION4,Version 4 (2013-2019),2018,,2.949660778,,F,Free (free for publication),2,Two,A,Normal value,0,Units
DATAFLOW,OECD.ELS.JAI:DSD_EPL@DF_EPL(1.0),Strictness of employment protection,I,A,Annual,GBR,United Kingdom,EPL_OV,Individual and collective dismissals (regular contracts),0_TO_6,0-6 scale,VERSION4,Version 4 (2013-2019),2018,,1.901723742,,F,Free (free for publication),2,Two,A,Normal value,0,Units
DATAFLOW,OECD.ELS.JAI:DSD_EPL@DF_EPL(1.0),Strictness of employment protection,I,A,Annual,USA,United States,EPL_OV,Individual and collective dismissals (regular contracts),0_TO_6,0-6 scale,VERSION4,Version 4 (2013-2019),2018,,1.310865164,,F,Free (free for publication),2,Two,A,Normal value,0,Units
DATAFLOW,OECD.ELS.JAI:DSD_EPL@DF_EPL(1.0),Strictness of employment protection,I,A,Annual,OECD,OECD,EPL_OV,Individual and collective dismissals (regular contracts),0_TO_6,0-6 scale,VERSION4,Version 4 (2013-2019),2018,,2.265554428,,F,Free (free for publication),2,Two,A,Normal value,0,Units
DATAFLOW,OECD.ELS.JAI:DSD_EPL@DF_EPL(1.0),Strictness of employment protection,I,A,Annual,ARG,Argentina,EPL_OV,Individual and collective dismissals (regular contracts),0_TO_6,0-6 scale,VERSION4,Version 4 (2013-2019),2018,,2.557883739,,F,Free (free for publication),2,Two,A,Normal value,0,Units
DATAFLOW,OECD.ELS.JAI:DSD_EPL@DF_EPL(1.0),Strictness of employment protection,I,A,Annual,PRY,Paraguay,EPL_OV,Individual and collective dismissals (regular contracts),0_TO_6,0-6 scale,VERSION4,Version 4 (2013-2019),2018,,2.019664288,,F,Free (free for publication),2,Two,A,Normal value,0,Units
DATAFLOW,OECD.ELS.JAI:DSD_EPL@DF_EPL(1.0),Strictness of employment protection,I,A,Annual,PER,Peru,EPL_OV,Individual and collective dismissals (regular contracts),0_TO_6,0-6 scale,VERSION4,Version 4 (2013-2019),2018,,1.803536057,,F,Free (free for publication),2,Two,A,Normal value,0,Units
DATAFLOW,OECD.ELS.JAI:DSD_EPL@DF_EPL(1.0),Strictness of employment protection,I,A,Annual,URY,Uruguay,EPL_OV,Individual and collective dismissals (regular contracts),0_TO_6,0-6 scale,VERSION4,Version 4 (2013-2019),2018,,0.984126985,,F,Free (free for publication),2,Two,A,Normal value,0,Units
DATAFLOW,OECD.ELS.JAI:DSD_EPL@DF_EPL(1.0),Strictness of employment protection,I,A,Annual,AUS,Australia,EPL_OV,Individual and collective dismissals (regular contracts),0_TO_6,0-6 scale,VERSION4,Version 4 (2013-2019),2019,,1.700077891,,F,Free (free for publication),2,Two,A,Normal value,0,Units
DATAFLOW,OECD.ELS.JAI:DSD_EPL@DF_EPL(1.0),Strictness of employment protection,I,A,Annual,AUT,Austria,EPL_OV,Individual and collective dismissals (regular contracts),0_TO_6,0-6 scale,VERSION4,Version 4 (2013-2019),2019,,1.800630689,,F,Free (free for publication),2,Two,A,Normal value,0,Units
DATAFLOW,OECD.ELS.JAI:DSD_EPL@DF_EPL(1.0),Strictness of employment protection,I,A,Annual,BEL,Belgium,EPL_OV,Individual and collective dismissals (regular contracts),0_TO_6,0-6 scale,VERSION4,Version 4 (2013-2019),2019,,2.709881306,,F,Free (free for publication),2,Two,A,Normal value,0,Units
DATAFLOW,OECD.ELS.JAI:DSD_EPL@DF_EPL(1.0),Strictness of employment protection,I,A,Annual,CAN,Canada,EPL_OV,Individual and collective dismissals (regular contracts),0_TO_6,0-6 scale,VERSION4,Version 4 (2013-2019),2019,,1.675306797,,F,Free (free for publication),2,Two,A,Normal value,0,Units
DATAFLOW,OECD.ELS.JAI:DSD_EPL@DF_EPL(1.0),Strictness of employment protection,I,A,Annual,CHL,Chile,EPL_OV,Individual and collective dismissals (regular contracts),0_TO_6,0-6 scale,VERSION4,Version 4 (2013-2019),2019,,2.341765881,,F,Free (free for publication),2,Two,A,Normal value,0,Units
DATAFLOW,OECD.ELS.JAI:DSD_EPL@DF_EPL(1.0),Strictness of employment protection,I,A,Annual,COL,Colombia,EPL_OV,Individual and collective dismissals (regular contracts),0_TO_6,0-6 scale,VERSION4,Version 4 (2013-2019),2019,,1.980052471,,F,Free (free for publication),2,Two,A,Normal value,0,Units
DATAFLOW,OECD.ELS.JAI:DSD_EPL@DF_EPL(1.0),Strictness of employment protection,I,A,Annual,CRI,Costa Rica,EPL_OV,Individual and collective dismissals (regular contracts),0_TO_6,0-6 scale,VERSION4,Version 4 (2013-2019),2019,,0.849206388,,F,Free (free for publication),2,Two,A,Normal value,0,Units
DATAFLOW,OECD.ELS.JAI:DSD_EPL@DF_EPL(1.0),Strictness of employment protection,I,A,Annual,CZE,Czechia,EPL_OV,Individual and collective dismissals (regular contracts),0_TO_6,0-6 scale,VERSION4,Version 4 (2013-2019),2019,,3.025262117,,F,Free (free for publication),2,Two,A,Normal value,0,Units
DATAFLOW,OECD.ELS.JAI:DSD_EPL@DF_EPL(1.0),Strictness of employment protection,I,A,Annual,DNK,Denmark,EPL_OV,Individual and collective dismissals (regular contracts),0_TO_6,0-6 scale,VERSION4,Version 4 (2013-2019),2019,,1.937693,,F,Free (free for publication),2,Two,A,Normal value,0,Units
DATAFLOW,OECD.ELS.JAI:DSD_EPL@DF_EPL(1.0),Strictness of employment protection,I,A,Annual,EST,Estonia,EPL_OV,Individual and collective dismissals (regular contracts),0_TO_6,0-6 scale,VERSION4,Version 4 (2013-2019),2019,,1.934222698,,F,Free (free for publication),2,Two,A,Normal value,0,Units
DATAFLOW,OECD.ELS.JAI:DSD_EPL@DF_EPL(1.0),Strictness of employment protection,I,A,Annual,FIN,Finland,EPL_OV,Individual and collective dismissals (regular contracts),0_TO_6,0-6 scale,VERSION4,Version 4 (2013-2019),2019,,2.47975111,,F,Free (free for publication),2,Two,A,Normal value,0,Units
DATAFLOW,OECD.ELS.JAI:DSD_EPL@DF_EPL(1.0),Strictness of employment protection,I,A,Annual,FRA,France,EPL_OV,Individual and collective dismissals (regular contracts),0_TO_6,0-6 scale,VERSION4,Version 4 (2013-2019),2019,,2.675937176,,F,Free (free for publication),2,Two,A,Normal value,0,Units
DATAFLOW,OECD.ELS.JAI:DSD_EPL@DF_EPL(1.0),Strictness of employment protection,I,A,Annual,DEU,Germany,EPL_OV,Individual and collective dismissals (regular contracts),0_TO_6,0-6 scale,VERSION4,Version 4 (2013-2019),2019,,2.332411051,,F,Free (free for publication),2,Two,A,Normal value,0,Units
DATAFLOW,OECD.ELS.JAI:DSD_EPL@DF_EPL(1.0),Strictness of employment protection,I,A,Annual,GRC,Greece,EPL_OV,Individual and collective dismissals (regular contracts),0_TO_6,0-6 scale,VERSION4,Version 4 (2013-2019),2019,,2.543981552,,F,Free (free for publication),2,Two,A,Normal value,0,Units
DATAFLOW,OECD.ELS.JAI:DSD_EPL@DF_EPL(1.0),Strictness of employment protection,I,A,Annual,HUN,Hungary,EPL_OV,Individual and collective dismissals (regular contracts),0_TO_6,0-6 scale,VERSION4,Version 4 (2013-2019),2019,,1.89233458,,F,Free (free for publication),2,Two,A,Normal value,0,Units
DATAFLOW,OECD.ELS.JAI:DSD_EPL@DF_EPL(1.0),Strictness of employment protection,I,A,Annual,ISL,Iceland,EPL_OV,Individual and collective dismissals (regular contracts),0_TO_6,0-6 scale,VERSION4,Version 4 (2013-2019),2019,,2.203089476,,F,Free (free for publication),2,Two,A,Normal value,0,Units
DATAFLOW,OECD.ELS.JAI:DSD_EPL@DF_EPL(1.0),Strictness of employment protection,I,A,Annual,IRL,Ireland,EPL_OV,Individual and collective dismissals (regular contracts),0_TO_6,0-6 scale,VERSION4,Version 4 (2013-2019),2019,,2.134929419,,F,Free (free for publication),2,Two,A,Normal value,0,Units
DATAFLOW,OECD.ELS.JAI:DSD_EPL@DF_EPL(1.0),Strictness of employment protection,I,A,Annual,ISR,Israel,EPL_OV,Individual and collective dismissals (regular contracts),0_TO_6,0-6 scale,VERSION4,Version 4 (2013-2019),2019,,2.832093239,,F,Free (free for publication),2,Two,A,Normal value,0,Units
DATAFLOW,OECD.ELS.JAI:DSD_EPL@DF_EPL(1.0),Strictness of employment protection,I,A,Annual,ITA,Italy,EPL_OV,Individual and collective dismissals (regular contracts),0_TO_6,0-6 scale,VERSION4,Version 4 (2013-2019),2019,,2.855566263,,F,Free (free for publication),2,Two,A,Normal value,0,Units
DATAFLOW,OECD.ELS.JAI:DSD_EPL@DF_EPL(1.0),Strictness of employment protection,I,A,Annual,JPN,Japan,EPL_OV,Individual and collective dismissals (regular contracts),0_TO_6,0-6 scale,VERSION4,Version 4 (2013-2019),2019,,2.080915213,,F,Free (free for publication),2,Two,A,Normal value,0,Units
DATAFLOW,OECD.ELS.JAI:DSD_EPL@DF_EPL(1.0),Strictness of employment protection,I,A,Annual,KOR,Korea,EPL_OV,Individual and collective dismissals (regular contracts),0_TO_6,0-6 scale,VERSION4,Version 4 (2013-2019),2019,,2.350233793,,F,Free (free for publication),2,Two,A,Normal value,0,Units
DATAFLOW,OECD.ELS.JAI:DSD_EPL@DF_EPL(1.0),Strictness of employment protection,I,A,Annual,LVA,Latvia,EPL_OV,Individual and collective dismissals (regular contracts),0_TO_6,0-6 scale,VERSION4,Version 4 (2013-2019),2019,,2.708120823,,F,Free (free for publication),2,Two,A,Normal value,0,Units
DATAFLOW,OECD.ELS.JAI:DSD_EPL@DF_EPL(1.0),Strictness of employment protection,I,A,Annual,LTU,Lithuania,EPL_OV,Individual and collective dismissals (regular contracts),0_TO_6,0-6 scale,VERSION4,Version 4 (2013-2019),2019,,2.243927956,,F,Free (free for publication),2,Two,A,Normal value,0,Units
DATAFLOW,OECD.ELS.JAI:DSD_EPL@DF_EPL(1.0),Strictness of employment protection,I,A,Annual,LUX,Luxembourg,EPL_OV,Individual and collective dismissals (regular contracts),0_TO_6,0-6 scale,VERSION4,Version 4 (2013-2019),2019,,2.541836739,,F,Free (free for publication),2,Two,A,Normal value,0,Units
DATAFLOW,OECD.ELS.JAI:DSD_EPL@DF_EPL(1.0),Strictness of employment protection,I,A,Annual,MEX,Mexico,EPL_OV,Individual and collective dismissals (regular contracts),0_TO_6,0-6 scale,VERSION4,Version 4 (2013-2019),2019,,2.464817286,,F,Free (free for publication),2,Two,A,Normal value,0,Units
DATAFLOW,OECD.ELS.JAI:DSD_EPL@DF_EPL(1.0),Strictness of employment protection,I,A,Annual,NLD,Netherlands,EPL_OV,Individual and collective dismissals (regular contracts),0_TO_6,0-6 scale,VERSION4,Version 4 (2013-2019),2019,,2.880872488,,F,Free (free for publication),2,Two,A,Normal value,0,Units
DATAFLOW,OECD.ELS.JAI:DSD_EPL@DF_EPL(1.0),Strictness of employment protection,I,A,Annual,NZL,New Zealand,EPL_OV,Individual and collective dismissals (regular contracts),0_TO_6,0-6 scale,VERSION4,Version 4 (2013-2019),2019,,2.085777998,,F,Free (free for publication),2,Two,A,Normal value,0,Units
DATAFLOW,OECD.ELS.JAI:DSD_EPL@DF_EPL(1.0),Strictness of employment protection,I,A,Annual,NOR,Norway,EPL_OV,Individual and collective dismissals (regular contracts),0_TO_6,0-6 scale,VERSION4,Version 4 (2013-2019),2019,,2.373485327,,F,Free (free for publication),2,Two,A,Normal value,0,Units
DATAFLOW,OECD.ELS.JAI:DSD_EPL@DF_EPL(1.0),Strictness of employment protection,I,A,Annual,POL,Poland,EPL_OV,Individual and collective dismissals (regular contracts),0_TO_6,0-6 scale,VERSION4,Version 4 (2013-2019),2019,,2.385318041,,F,Free (free for publication),2,Two,A,Normal value,0,Units
DATAFLOW,OECD.ELS.JAI:DSD_EPL@DF_EPL(1.0),Strictness of employment protection,I,A,Annual,PRT,Portugal,EPL_OV,Individual and collective dismissals (regular contracts),0_TO_6,0-6 scale,VERSION4,Version 4 (2013-2019),2019,,2.871757984,,F,Free (free for publication),2,Two,A,Normal value,0,Units
DATAFLOW,OECD.ELS.JAI:DSD_EPL@DF_EPL(1.0),Strictness of employment protection,I,A,Annual,SVK,Slovak Republic,EPL_OV,Individual and collective dismissals (regular contracts),0_TO_6,0-6 scale,VERSION4,Version 4 (2013-2019),2019,,2.33060503,,F,Free (free for publication),2,Two,A,Normal value,0,Units
DATAFLOW,OECD.ELS.JAI:DSD_EPL@DF_EPL(1.0),Strictness of employment protection,I,A,Annual,SVN,Slovenia,EPL_OV,Individual and collective dismissals (regular contracts),0_TO_6,0-6 scale,VERSION4,Version 4 (2013-2019),2019,,2.322109699,,F,Free (free for publication),2,Two,A,Normal value,0,Units
DATAFLOW,OECD.ELS.JAI:DSD_EPL@DF_EPL(1.0),Strictness of employment protection,I,A,Annual,ESP,Spain,EPL_OV,Individual and collective dismissals (regular contracts),0_TO_6,0-6 scale,VERSION4,Version 4 (2013-2019),2019,,2.430514097,,F,Free (free for publication),2,Two,A,Normal value,0,Units
DATAFLOW,OECD.ELS.JAI:DSD_EPL@DF_EPL(1.0),Strictness of employment protection,I,A,Annual,SWE,Sweden,EPL_OV,Individual and collective dismissals (regular contracts),0_TO_6,0-6 scale,VERSION4,Version 4 (2013-2019),2019,,2.54440546,,F,Free (free for publication),2,Two,A,Normal value,0,Units
DATAFLOW,OECD.ELS.JAI:DSD_EPL@DF_EPL(1.0),Strictness of employment protection,I,A,Annual,CHE,Switzerland,EPL_OV,Individual and collective dismissals (regular contracts),0_TO_6,0-6 scale,VERSION4,Version 4 (2013-2019),2019,,1.606973529,,F,Free (free for publication),2,Two,A,Normal value,0,Units
DATAFLOW,OECD.ELS.JAI:DSD_EPL@DF_EPL(1.0),Strictness of employment protection,I,A,Annual,TUR,Türkiye,EPL_OV,Individual and collective dismissals (regular contracts),0_TO_6,0-6 scale,VERSION4,Version 4 (2013-2019),2019,,2.949660778,,F,Free (free for publication),2,Two,A,Normal value,0,Units
DATAFLOW,OECD.ELS.JAI:DSD_EPL@DF_EPL(1.0),Strictness of employment protection,I,A,Annual,GBR,United Kingdom,EPL_OV,Individual and collective dismissals (regular contracts),0_TO_6,0-6 scale,VERSION4,Version 4 (2013-2019),2019,,1.901723742,,F,Free (free for publication),2,Two,A,Normal value,0,Units
DATAFLOW,OECD.ELS.JAI:DSD_EPL@DF_EPL(1.0),Strictness of employment protection,I,A,Annual,USA,United States,EPL_OV,Individual and collective dismissals (regular contracts),0_TO_6,0-6 scale,VERSION4,Version 4 (2013-2019),2019,,1.310865164,,F,Free (free for publication),2,Two,A,Normal value,0,Units
DATAFLOW,OECD.ELS.JAI:DSD_EPL@DF_EPL(1.0),Strictness of employment protection,I,A,Annual,OECD,OECD,EPL_OV,Individual and collective dismissals (regular contracts),0_TO_6,0-6 scale,VERSION4,Version 4 (2013-2019),2019,,2.270739794,,F,Free (free for publication),2,Two,A,Normal value,0,Units
DATAFLOW,OECD.ELS.JAI:DSD_EPL@DF_EPL(1.0),Strictness of employment protection,I,A,Annual,ARG,Argentina,EPL_OV,Individual and collective dismissals (regular contracts),0_TO_6,0-6 scale,VERSION4,Version 4 (2013-2019),2019,,2.557883739,,F,Free (free for publication),2,Two,A,Normal value,0,Units
DATAFLOW,OECD.ELS.JAI:DSD_EPL@DF_EPL(1.0),Strictness of employment protection,I,A,Annual,PRY,Paraguay,EPL_OV,Individual and collective dismissals (regular contracts),0_TO_6,0-6 scale,VERSION4,Version 4 (2013-2019),2019,,2.019664288,,F,Free (free for publication),2,Two,A,Normal value,0,Units
DATAFLOW,OECD.ELS.JAI:DSD_EPL@DF_EPL(1.0),Strictness of employment protection,I,A,Annual,PER,Peru,EPL_OV,Individual and collective dismissals (regular contracts),0_TO_6,0-6 scale,VERSION4,Version 4 (2013-2019),2019,,1.803536057,,F,Free (free for publication),2,Two,A,Normal value,0,Units
DATAFLOW,OECD.ELS.JAI:DSD_EPL@DF_EPL(1.0),Strictness of employment protection,I,A,Annual,URY,Uruguay,EPL_OV,Individual and collective dismissals (regular contracts),0_TO_6,0-6 scale,VERSION4,Version 4 (2013-2019),2019,,0.984126985,,F,Free (free for publication),2,Two,A,Normal value,0,Units
DATAFLOW,OECD.ELS.JAI:DSD_EPL@DF_EPL(1.0),Strictness of employment protection,I,A,Annual,AUS,Australia,EPL_OV,Individual and collective dismissals (regular contracts),0_TO_6,0-6 scale,VERSION2,Version 2 (1998-2019),1998,,1.833333254,,F,Free (free for publication),2,Two,A,Normal value,0,Units
DATAFLOW,OECD.ELS.JAI:DSD_EPL@DF_EPL(1.0),Strictness of employment protection,I,A,Annual,AUT,Austria,EPL_OV,Individual and collective dismissals (regular contracts),0_TO_6,0-6 scale,VERSION2,Version 2 (1998-2019),1998,,2.833333492,,F,Free (free for publication),2,Two,A,Normal value,0,Units
DATAFLOW,OECD.ELS.JAI:DSD_EPL@DF_EPL(1.0),Strictness of employment protection,I,A,Annual,BEL,Belgium,EPL_OV,Individual and collective dismissals (regular contracts),0_TO_6,0-6 scale,VERSION2,Version 2 (1998-2019),1998,,2.56349206,,F,Free (free for publication),2,Two,A,Normal value,0,Units
DATAFLOW,OECD.ELS.JAI:DSD_EPL@DF_EPL(1.0),Strictness of employment protection,I,A,Annual,CAN,Canada,EPL_OV,Individual and collective dismissals (regular contracts),0_TO_6,0-6 scale,VERSION2,Version 2 (1998-2019),1998,,1.314858317,,F,Free (free for publication),2,Two,A,Normal value,0,Units
DATAFLOW,OECD.ELS.JAI:DSD_EPL@DF_EPL(1.0),Strictness of employment protection,I,A,Annual,CZE,Czechia,EPL_OV,Individual and collective dismissals (regular contracts),0_TO_6,0-6 scale,VERSION2,Version 2 (1998-2019),1998,,3.206349134,,F,Free (free for publication),2,Two,A,Normal value,0,Units
DATAFLOW,OECD.ELS.JAI:DSD_EPL@DF_EPL(1.0),Strictness of employment protection,I,A,Annual,DNK,Denmark,EPL_OV,Individual and collective dismissals (regular contracts),0_TO_6,0-6 scale,VERSION2,Version 2 (1998-2019),1998,,2.084467173,,F,Free (free for publication),2,Two,A,Normal value,0,Units
DATAFLOW,OECD.ELS.JAI:DSD_EPL@DF_EPL(1.0),Strictness of employment protection,I,A,Annual,FIN,Finland,EPL_OV,Individual and collective dismissals (regular contracts),0_TO_6,0-6 scale,VERSION2,Version 2 (1998-2019),1998,,2.125850439,,F,Free (free for publication),2,Two,A,Normal value,0,Units
DATAFLOW,OECD.ELS.JAI:DSD_EPL@DF_EPL(1.0),Strictness of employment protection,I,A,Annual,FRA,France,EPL_OV,Individual and collective dismissals (regular contracts),0_TO_6,0-6 scale,VERSION2,Version 2 (1998-2019),1998,,2.690623522,,F,Free (free for publication),2,Two,A,Normal value,0,Units
DATAFLOW,OECD.ELS.JAI:DSD_EPL@DF_EPL(1.0),Strictness of employment protection,I,A,Annual,DEU,Germany,EPL_OV,Individual and collective dismissals (regular contracts),0_TO_6,0-6 scale,VERSION2,Version 2 (1998-2019),1998,,2.889455795,,F,Free (free for publication),2,Two,A,Normal value,0,Units
DATAFLOW,OECD.ELS.JAI:DSD_EPL@DF_EPL(1.0),Strictness of employment protection,I,A,Annual,GRC,Greece,EPL_OV,Individual and collective dismissals (regular contracts),0_TO_6,0-6 scale,VERSION2,Version 2 (1998-2019),1998,,3.060657501,,F,Free (free for publication),2,Two,A,Normal value,0,Units
DATAFLOW,OECD.ELS.JAI:DSD_EPL@DF_EPL(1.0),Strictness of employment protection,I,A,Annual,HUN,Hungary,EPL_OV,Individual and collective dismissals (regular contracts),0_TO_6,0-6 scale,VERSION2,Version 2 (1998-2019),1998,,2.395691633,,F,Free (free for publication),2,Two,A,Normal value,0,Units
DATAFLOW,OECD.ELS.JAI:DSD_EPL@DF_EPL(1.0),Strictness of employment protection,I,A,Annual,IRL,Ireland,EPL_OV,Individual and collective dismissals (regular contracts),0_TO_6,0-6 scale,VERSION2,Version 2 (1998-2019),1998,,1.692743778,,F,Free (free for publication),2,Two,A,Normal value,0,Units
DATAFLOW,OECD.ELS.JAI:DSD_EPL@DF_EPL(1.0),Strictness of employment protection,I,A,Annual,ITA,Italy,EPL_OV,Individual and collective dismissals (regular contracts),0_TO_6,0-6 scale,VERSION2,Version 2 (1998-2019),1998,,3.332766294,,F,Free (free for publication),2,Two,A,Normal value,0,Units
DATAFLOW,OECD.ELS.JAI:DSD_EPL@DF_EPL(1.0),Strictness of employment protection,I,A,Annual,JPN,Japan,EPL_OV,Individual and collective dismissals (regular contracts),0_TO_6,0-6 scale,VERSION2,Version 2 (1998-2019),1998,,2.144557714,,F,Free (free for publication),2,Two,A,Normal value,0,Units
DATAFLOW,OECD.ELS.JAI:DSD_EPL@DF_EPL(1.0),Strictness of employment protection,I,A,Annual,KOR,Korea,EPL_OV,Individual and collective dismissals (regular contracts),0_TO_6,0-6 scale,VERSION2,Version 2 (1998-2019),1998,,2.261904716,,F,Free (free for publication),2,Two,A,Normal value,0,Units
DATAFLOW,OECD.ELS.JAI:DSD_EPL@DF_EPL(1.0),Strictness of employment protection,I,A,Annual,MEX,Mexico,EPL_OV,Individual and collective dismissals (regular contracts),0_TO_6,0-6 scale,VERSION2,Version 2 (1998-2019),1998,,2.908163309,,F,Free (free for publication),2,Two,A,Normal value,0,Units
DATAFLOW,OECD.ELS.JAI:DSD_EPL@DF_EPL(1.0),Strictness of employment protection,I,A,Annual,NLD,Netherlands,EPL_OV,Individual and collective dismissals (regular contracts),0_TO_6,0-6 scale,VERSION2,Version 2 (1998-2019),1998,,3.181405783,,F,Free (free for publication),2,Two,A,Normal value,0,Units
DATAFLOW,OECD.ELS.JAI:DSD_EPL@DF_EPL(1.0),Strictness of employment protection,I,A,Annual,NZL,New Zealand,EPL_OV,Individual and collective dismissals (regular contracts),0_TO_6,0-6 scale,VERSION2,Version 2 (1998-2019),1998,,1.066326499,,F,Free (free for publication),2,Two,A,Normal value,0,Units
DATAFLOW,OECD.ELS.JAI:DSD_EPL@DF_EPL(1.0),Strictness of employment protection,I,A,Annual,NOR,Norway,EPL_OV,Individual and collective dismissals (regular contracts),0_TO_6,0-6 scale,VERSION2,Version 2 (1998-2019),1998,,2.380952358,,F,Free (free for publication),2,Two,A,Normal value,0,Units
DATAFLOW,OECD.ELS.JAI:DSD_EPL@DF_EPL(1.0),Strictness of employment protection,I,A,Annual,POL,Poland,EPL_OV,Individual and collective dismissals (regular contracts),0_TO_6,0-6 scale,VERSION2,Version 2 (1998-2019),1998,,2.62528348,,F,Free (free for publication),2,Two,A,Normal value,0,Units
DATAFLOW,OECD.ELS.JAI:DSD_EPL@DF_EPL(1.0),Strictness of employment protection,I,A,Annual,PRT,Portugal,EPL_OV,Individual and collective dismissals (regular contracts),0_TO_6,0-6 scale,VERSION2,Version 2 (1998-2019),1998,,4.095238209,,F,Free (free for publication),2,Two,A,Normal value,0,Units
DATAFLOW,OECD.ELS.JAI:DSD_EPL@DF_EPL(1.0),Strictness of employment protection,I,A,Annual,SVK,Slovak Republic,EPL_OV,Individual and collective dismissals (regular contracts),0_TO_6,0-6 scale,VERSION2,Version 2 (1998-2019),1998,,3.384920597,,F,Free (free for publication),2,Two,A,Normal value,0,Units
DATAFLOW,OECD.ELS.JAI:DSD_EPL@DF_EPL(1.0),Strictness of employment protection,I,A,Annual,ESP,Spain,EPL_OV,Individual and collective dismissals (regular contracts),0_TO_6,0-6 scale,VERSION2,Version 2 (1998-2019),1998,,2.64724493,,F,Free (free for publication),2,Two,A,Normal value,0,Units
DATAFLOW,OECD.ELS.JAI:DSD_EPL@DF_EPL(1.0),Strictness of employment protection,I,A,Annual,SWE,Sweden,EPL_OV,Individual and collective dismissals (regular contracts),0_TO_6,0-6 scale,VERSION2,Version 2 (1998-2019),1998,,2.672619104,,F,Free (free for publication),2,Two,A,Normal value,0,Units
DATAFLOW,OECD.ELS.JAI:DSD_EPL@DF_EPL(1.0),Strictness of employment protection,I,A,Annual,CHE,Switzerland,EPL_OV,Individual and collective dismissals (regular contracts),0_TO_6,0-6 scale,VERSION2,Version 2 (1998-2019),1998,,2.056122541,,F,Free (free for publication),2,Two,A,Normal value,0,Units
DATAFLOW,OECD.ELS.JAI:DSD_EPL@DF_EPL(1.0),Strictness of employment protection,I,A,Annual,TUR,Türkiye,EPL_OV,Individual and collective dismissals (regular contracts),0_TO_6,0-6 scale,VERSION2,Version 2 (1998-2019),1998,,2.93537426,,F,Free (free for publication),2,Two,A,Normal value,0,Units
DATAFLOW,OECD.ELS.JAI:DSD_EPL@DF_EPL(1.0),Strictness of employment protection,I,A,Annual,GBR,United Kingdom,EPL_OV,Individual and collective dismissals (regular contracts),0_TO_6,0-6 scale,VERSION2,Version 2 (1998-2019),1998,,1.639455795,,F,Free (free for publication),2,Two,A,Normal value,0,Units
DATAFLOW,OECD.ELS.JAI:DSD_EPL@DF_EPL(1.0),Strictness of employment protection,I,A,Annual,USA,United States,EPL_OV,Individual and collective dismissals (regular contracts),0_TO_6,0-6 scale,VERSION2,Version 2 (1998-2019),1998,,0.673095226,,F,Free (free for publication),2,Two,A,Normal value,0,Units
DATAFLOW,OECD.ELS.JAI:DSD_EPL@DF_EPL(1.0),Strictness of employment protection,I,A,Annual,AUS,Australia,EPL_OV,Individual and collective dismissals (regular contracts),0_TO_6,0-6 scale,VERSION2,Version 2 (1998-2019),1999,,1.833333254,,F,Free (free for publication),2,Two,A,Normal value,0,Units
DATAFLOW,OECD.ELS.JAI:DSD_EPL@DF_EPL(1.0),Strictness of employment protection,I,A,Annual,AUT,Austria,EPL_OV,Individual and collective dismissals (regular contracts),0_TO_6,0-6 scale,VERSION2,Version 2 (1998-2019),1999,,2.833333492,,F,Free (free for publication),2,Two,A,Normal value,0,Units
DATAFLOW,OECD.ELS.JAI:DSD_EPL@DF_EPL(1.0),Strictness of employment protection,I,A,Annual,BEL,Belgium,EPL_OV,Individual and collective dismissals (regular contracts),0_TO_6,0-6 scale,VERSION2,Version 2 (1998-2019),1999,,2.56349206,,F,Free (free for publication),2,Two,A,Normal value,0,Units
DATAFLOW,OECD.ELS.JAI:DSD_EPL@DF_EPL(1.0),Strictness of employment protection,I,A,Annual,CAN,Canada,EPL_OV,Individual and collective dismissals (regular contracts),0_TO_6,0-6 scale,VERSION2,Version 2 (1998-2019),1999,,1.314858317,,F,Free (free for publication),2,Two,A,Normal value,0,Units
DATAFLOW,OECD.ELS.JAI:DSD_EPL@DF_EPL(1.0),Strictness of employment protection,I,A,Annual,CZE,Czechia,EPL_OV,Individual and collective dismissals (regular contracts),0_TO_6,0-6 scale,VERSION2,Version 2 (1998-2019),1999,,3.206349134,,F,Free (free for publication),2,Two,A,Normal value,0,Units
DATAFLOW,OECD.ELS.JAI:DSD_EPL@DF_EPL(1.0),Strictness of employment protection,I,A,Annual,DNK,Denmark,EPL_OV,Individual and collective dismissals (regular contracts),0_TO_6,0-6 scale,VERSION2,Version 2 (1998-2019),1999,,2.084467173,,F,Free (free for publication),2,Two,A,Normal value,0,Units
DATAFLOW,OECD.ELS.JAI:DSD_EPL@DF_EPL(1.0),Strictness of employment protection,I,A,Annual,FIN,Finland,EPL_OV,Individual and collective dismissals (regular contracts),0_TO_6,0-6 scale,VERSION2,Version 2 (1998-2019),1999,,2.125850439,,F,Free (free for publication),2,Two,A,Normal value,0,Units
DATAFLOW,OECD.ELS.JAI:DSD_EPL@DF_EPL(1.0),Strictness of employment protection,I,A,Annual,FRA,France,EPL_OV,Individual and collective dismissals (regular contracts),0_TO_6,0-6 scale,VERSION2,Version 2 (1998-2019),1999,,2.735975027,,F,Free (free for publication),2,Two,A,Normal value,0,Units
DATAFLOW,OECD.ELS.JAI:DSD_EPL@DF_EPL(1.0),Strictness of employment protection,I,A,Annual,DEU,Germany,EPL_OV,Individual and collective dismissals (regular contracts),0_TO_6,0-6 scale,VERSION2,Version 2 (1998-2019),1999,,2.889455795,,F,Free (free for publication),2,Two,A,Normal value,0,Units
DATAFLOW,OECD.ELS.JAI:DSD_EPL@DF_EPL(1.0),Strictness of employment protection,I,A,Annual,GRC,Greece,EPL_OV,Individual and collective dismissals (regular contracts),0_TO_6,0-6 scale,VERSION2,Version 2 (1998-2019),1999,,3.060657501,,F,Free (free for publication),2,Two,A,Normal value,0,Units
DATAFLOW,OECD.ELS.JAI:DSD_EPL@DF_EPL(1.0),Strictness of employment protection,I,A,Annual,HUN,Hungary,EPL_OV,Individual and collective dismissals (regular contracts),0_TO_6,0-6 scale,VERSION2,Version 2 (1998-2019),1999,,2.395691633,,F,Free (free for publication),2,Two,A,Normal value,0,Units
DATAFLOW,OECD.ELS.JAI:DSD_EPL@DF_EPL(1.0),Strictness of employment protection,I,A,Annual,IRL,Ireland,EPL_OV,Individual and collective dismissals (regular contracts),0_TO_6,0-6 scale,VERSION2,Version 2 (1998-2019),1999,,1.692743778,,F,Free (free for publication),2,Two,A,Normal value,0,Units
DATAFLOW,OECD.ELS.JAI:DSD_EPL@DF_EPL(1.0),Strictness of employment protection,I,A,Annual,ITA,Italy,EPL_OV,Individual and collective dismissals (regular contracts),0_TO_6,0-6 scale,VERSION2,Version 2 (1998-2019),1999,,3.332766294,,F,Free (free for publication),2,Two,A,Normal value,0,Units
DATAFLOW,OECD.ELS.JAI:DSD_EPL@DF_EPL(1.0),Strictness of employment protection,I,A,Annual,JPN,Japan,EPL_OV,Individual and collective dismissals (regular contracts),0_TO_6,0-6 scale,VERSION2,Version 2 (1998-2019),1999,,2.144557714,,F,Free (free for publication),2,Two,A,Normal value,0,Units
DATAFLOW,OECD.ELS.JAI:DSD_EPL@DF_EPL(1.0),Strictness of employment protection,I,A,Annual,KOR,Korea,EPL_OV,Individual and collective dismissals (regular contracts),0_TO_6,0-6 scale,VERSION2,Version 2 (1998-2019),1999,,2.261904716,,F,Free (free for publication),2,Two,A,Normal value,0,Units
DATAFLOW,OECD.ELS.JAI:DSD_EPL@DF_EPL(1.0),Strictness of employment protection,I,A,Annual,MEX,Mexico,EPL_OV,Individual and collective dismissals (regular contracts),0_TO_6,0-6 scale,VERSION2,Version 2 (1998-2019),1999,,2.908163309,,F,Free (free for publication),2,Two,A,Normal value,0,Units
DATAFLOW,OECD.ELS.JAI:DSD_EPL@DF_EPL(1.0),Strictness of employment protection,I,A,Annual,NLD,Netherlands,EPL_OV,Individual and collective dismissals (regular contracts),0_TO_6,0-6 scale,VERSION2,Version 2 (1998-2019),1999,,3.215419531,,F,Free (free for publication),2,Two,A,Normal value,0,Units
DATAFLOW,OECD.ELS.JAI:DSD_EPL@DF_EPL(1.0),Strictness of employment protection,I,A,Annual,NZL,New Zealand,EPL_OV,Individual and collective dismissals (regular contracts),0_TO_6,0-6 scale,VERSION2,Version 2 (1998-2019),1999,,1.066326499,,F,Free (free for publication),2,Two,A,Normal value,0,Units
DATAFLOW,OECD.ELS.JAI:DSD_EPL@DF_EPL(1.0),Strictness of employment protection,I,A,Annual,NOR,Norway,EPL_OV,Individual and collective dismissals (regular contracts),0_TO_6,0-6 scale,VERSION2,Version 2 (1998-2019),1999,,2.380952358,,F,Free (free for publication),2,Two,A,Normal value,0,Units
DATAFLOW,OECD.ELS.JAI:DSD_EPL@DF_EPL(1.0),Strictness of employment protection,I,A,Annual,POL,Poland,EPL_OV,Individual and collective dismissals (regular contracts),0_TO_6,0-6 scale,VERSION2,Version 2 (1998-2019),1999,,2.62528348,,F,Free (free for publication),2,Two,A,Normal value,0,Units
DATAFLOW,OECD.ELS.JAI:DSD_EPL@DF_EPL(1.0),Strictness of employment protection,I,A,Annual,PRT,Portugal,EPL_OV,Individual and collective dismissals (regular contracts),0_TO_6,0-6 scale,VERSION2,Version 2 (1998-2019),1999,,4.095238209,,F,Free (free for publication),2,Two,A,Normal value,0,Units
DATAFLOW,OECD.ELS.JAI:DSD_EPL@DF_EPL(1.0),Strictness of employment protection,I,A,Annual,SVK,Slovak Republic,EPL_OV,Individual and collective dismissals (regular contracts),0_TO_6,0-6 scale,VERSION2,Version 2 (1998-2019),1999,,3.384920597,,F,Free (free for publication),2,Two,A,Normal value,0,Units
DATAFLOW,OECD.ELS.JAI:DSD_EPL@DF_EPL(1.0),Strictness of employment protection,I,A,Annual,ESP,Spain,EPL_OV,Individual and collective dismissals (regular contracts),0_TO_6,0-6 scale,VERSION2,Version 2 (1998-2019),1999,,2.64724493,,F,Free (free for publication),2,Two,A,Normal value,0,Units
DATAFLOW,OECD.ELS.JAI:DSD_EPL@DF_EPL(1.0),Strictness of employment protection,I,A,Annual,SWE,Sweden,EPL_OV,Individual and collective dismissals (regular contracts),0_TO_6,0-6 scale,VERSION2,Version 2 (1998-2019),1999,,2.638605356,,F,Free (free for publication),2,Two,A,Normal value,0,Units
DATAFLOW,OECD.ELS.JAI:DSD_EPL@DF_EPL(1.0),Strictness of employment protection,I,A,Annual,CHE,Switzerland,EPL_OV,Individual and collective dismissals (regular contracts),0_TO_6,0-6 scale,VERSION2,Version 2 (1998-2019),1999,,2.056122541,,F,Free (free for publication),2,Two,A,Normal value,0,Units
DATAFLOW,OECD.ELS.JAI:DSD_EPL@DF_EPL(1.0),Strictness of employment protection,I,A,Annual,TUR,Türkiye,EPL_OV,Individual and collective dismissals (regular contracts),0_TO_6,0-6 scale,VERSION2,Version 2 (1998-2019),1999,,2.93537426,,F,Free (free for publication),2,Two,A,Normal value,0,Units
DATAFLOW,OECD.ELS.JAI:DSD_EPL@DF_EPL(1.0),Strictness of employment protection,I,A,Annual,GBR,United Kingdom,EPL_OV,Individual and collective dismissals (regular contracts),0_TO_6,0-6 scale,VERSION2,Version 2 (1998-2019),1999,,1.639455795,,F,Free (free for publication),2,Two,A,Normal value,0,Units
DATAFLOW,OECD.ELS.JAI:DSD_EPL@DF_EPL(1.0),Strictness of employment protection,I,A,Annual,USA,United States,EPL_OV,Individual and collective dismissals (regular contracts),0_TO_6,0-6 scale,VERSION2,Version 2 (1998-2019),1999,,0.673095226,,F,Free (free for publication),2,Two,A,Normal value,0,Units
DATAFLOW,OECD.ELS.JAI:DSD_EPL@DF_EPL(1.0),Strictness of employment protection,I,A,Annual,AUS,Australia,EPL_OV,Individual and collective dismissals (regular contracts),0_TO_6,0-6 scale,VERSION2,Version 2 (1998-2019),2000,,1.833333254,,F,Free (free for publication),2,Two,A,Normal value,0,Units
DATAFLOW,OECD.ELS.JAI:DSD_EPL@DF_EPL(1.0),Strictness of employment protection,I,A,Annual,AUT,Austria,EPL_OV,Individual and collective dismissals (regular contracts),0_TO_6,0-6 scale,VERSION2,Version 2 (1998-2019),2000,,2.833333492,,F,Free (free for publication),2,Two,A,Normal value,0,Units
DATAFLOW,OECD.ELS.JAI:DSD_EPL@DF_EPL(1.0),Strictness of employment protection,I,A,Annual,BEL,Belgium,EPL_OV,Individual and collective dismissals (regular contracts),0_TO_6,0-6 scale,VERSION2,Version 2 (1998-2019),2000,,2.56349206,,F,Free (free for publication),2,Two,A,Normal value,0,Units
DATAFLOW,OECD.ELS.JAI:DSD_EPL@DF_EPL(1.0),Strictness of employment protection,I,A,Annual,CAN,Canada,EPL_OV,Individual and collective dismissals (regular contracts),0_TO_6,0-6 scale,VERSION2,Version 2 (1998-2019),2000,,1.314858317,,F,Free (free for publication),2,Two,A,Normal value,0,Units
DATAFLOW,OECD.ELS.JAI:DSD_EPL@DF_EPL(1.0),Strictness of employment protection,I,A,Annual,CZE,Czechia,EPL_OV,Individual and collective dismissals (regular contracts),0_TO_6,0-6 scale,VERSION2,Version 2 (1998-2019),2000,,3.206349134,,F,Free (free for publication),2,Two,A,Normal value,0,Units
DATAFLOW,OECD.ELS.JAI:DSD_EPL@DF_EPL(1.0),Strictness of employment protection,I,A,Annual,DNK,Denmark,EPL_OV,Individual and collective dismissals (regular contracts),0_TO_6,0-6 scale,VERSION2,Version 2 (1998-2019),2000,,2.084467173,,F,Free (free for publication),2,Two,A,Normal value,0,Units
DATAFLOW,OECD.ELS.JAI:DSD_EPL@DF_EPL(1.0),Strictness of employment protection,I,A,Annual,FIN,Finland,EPL_OV,Individual and collective dismissals (regular contracts),0_TO_6,0-6 scale,VERSION2,Version 2 (1998-2019),2000,,2.125850439,,F,Free (free for publication),2,Two,A,Normal value,0,Units
DATAFLOW,OECD.ELS.JAI:DSD_EPL@DF_EPL(1.0),Strictness of employment protection,I,A,Annual,FRA,France,EPL_OV,Individual and collective dismissals (regular contracts),0_TO_6,0-6 scale,VERSION2,Version 2 (1998-2019),2000,,2.735975027,,F,Free (free for publication),2,Two,A,Normal value,0,Units
DATAFLOW,OECD.ELS.JAI:DSD_EPL@DF_EPL(1.0),Strictness of employment protection,I,A,Annual,DEU,Germany,EPL_OV,Individual and collective dismissals (regular contracts),0_TO_6,0-6 scale,VERSION2,Version 2 (1998-2019),2000,,2.889455795,,F,Free (free for publication),2,Two,A,Normal value,0,Units
DATAFLOW,OECD.ELS.JAI:DSD_EPL@DF_EPL(1.0),Strictness of employment protection,I,A,Annual,GRC,Greece,EPL_OV,Individual and collective dismissals (regular contracts),0_TO_6,0-6 scale,VERSION2,Version 2 (1998-2019),2000,,3.060657501,,F,Free (free for publication),2,Two,A,Normal value,0,Units
DATAFLOW,OECD.ELS.JAI:DSD_EPL@DF_EPL(1.0),Strictness of employment protection,I,A,Annual,HUN,Hungary,EPL_OV,Individual and collective dismissals (regular contracts),0_TO_6,0-6 scale,VERSION2,Version 2 (1998-2019),2000,,2.395691633,,F,Free (free for publication),2,Two,A,Normal value,0,Units
DATAFLOW,OECD.ELS.JAI:DSD_EPL@DF_EPL(1.0),Strictness of employment protection,I,A,Annual,IRL,Ireland,EPL_OV,Individual and collective dismissals (regular contracts),0_TO_6,0-6 scale,VERSION2,Version 2 (1998-2019),2000,,1.692743778,,F,Free (free for publication),2,Two,A,Normal value,0,Units
DATAFLOW,OECD.ELS.JAI:DSD_EPL@DF_EPL(1.0),Strictness of employment protection,I,A,Annual,ITA,Italy,EPL_OV,Individual and collective dismissals (regular contracts),0_TO_6,0-6 scale,VERSION2,Version 2 (1998-2019),2000,,3.332766294,,F,Free (free for publication),2,Two,A,Normal value,0,Units
DATAFLOW,OECD.ELS.JAI:DSD_EPL@DF_EPL(1.0),Strictness of employment protection,I,A,Annual,JPN,Japan,EPL_OV,Individual and collective dismissals (regular contracts),0_TO_6,0-6 scale,VERSION2,Version 2 (1998-2019),2000,,2.144557714,,F,Free (free for publication),2,Two,A,Normal value,0,Units
DATAFLOW,OECD.ELS.JAI:DSD_EPL@DF_EPL(1.0),Strictness of employment protection,I,A,Annual,KOR,Korea,EPL_OV,Individual and collective dismissals (regular contracts),0_TO_6,0-6 scale,VERSION2,Version 2 (1998-2019),2000,,2.261904716,,F,Free (free for publication),2,Two,A,Normal value,0,Units
DATAFLOW,OECD.ELS.JAI:DSD_EPL@DF_EPL(1.0),Strictness of employment protection,I,A,Annual,MEX,Mexico,EPL_OV,Individual and collective dismissals (regular contracts),0_TO_6,0-6 scale,VERSION2,Version 2 (1998-2019),2000,,2.908163309,,F,Free (free for publication),2,Two,A,Normal value,0,Units
DATAFLOW,OECD.ELS.JAI:DSD_EPL@DF_EPL(1.0),Strictness of employment protection,I,A,Annual,NLD,Netherlands,EPL_OV,Individual and collective dismissals (regular contracts),0_TO_6,0-6 scale,VERSION2,Version 2 (1998-2019),2000,,3.215419531,,F,Free (free for publication),2,Two,A,Normal value,0,Units
DATAFLOW,OECD.ELS.JAI:DSD_EPL@DF_EPL(1.0),Strictness of employment protection,I,A,Annual,NZL,New Zealand,EPL_OV,Individual and collective dismissals (regular contracts),0_TO_6,0-6 scale,VERSION2,Version 2 (1998-2019),2000,,1.066326499,,F,Free (free for publication),2,Two,A,Normal value,0,Units
DATAFLOW,OECD.ELS.JAI:DSD_EPL@DF_EPL(1.0),Strictness of employment protection,I,A,Annual,NOR,Norway,EPL_OV,Individual and collective dismissals (regular contracts),0_TO_6,0-6 scale,VERSION2,Version 2 (1998-2019),2000,,2.380952358,,F,Free (free for publication),2,Two,A,Normal value,0,Units
DATAFLOW,OECD.ELS.JAI:DSD_EPL@DF_EPL(1.0),Strictness of employment protection,I,A,Annual,POL,Poland,EPL_OV,Individual and collective dismissals (regular contracts),0_TO_6,0-6 scale,VERSION2,Version 2 (1998-2019),2000,,2.62528348,,F,Free (free for publication),2,Two,A,Normal value,0,Units
DATAFLOW,OECD.ELS.JAI:DSD_EPL@DF_EPL(1.0),Strictness of employment protection,I,A,Annual,PRT,Portugal,EPL_OV,Individual and collective dismissals (regular contracts),0_TO_6,0-6 scale,VERSION2,Version 2 (1998-2019),2000,,4.095238209,,F,Free (free for publication),2,Two,A,Normal value,0,Units
DATAFLOW,OECD.ELS.JAI:DSD_EPL@DF_EPL(1.0),Strictness of employment protection,I,A,Annual,SVK,Slovak Republic,EPL_OV,Individual and collective dismissals (regular contracts),0_TO_6,0-6 scale,VERSION2,Version 2 (1998-2019),2000,,3.384920597,,F,Free (free for publication),2,Two,A,Normal value,0,Units
DATAFLOW,OECD.ELS.JAI:DSD_EPL@DF_EPL(1.0),Strictness of employment protection,I,A,Annual,ESP,Spain,EPL_OV,Individual and collective dismissals (regular contracts),0_TO_6,0-6 scale,VERSION2,Version 2 (1998-2019),2000,,2.64724493,,F,Free (free for publication),2,Two,A,Normal value,0,Units
DATAFLOW,OECD.ELS.JAI:DSD_EPL@DF_EPL(1.0),Strictness of employment protection,I,A,Annual,SWE,Sweden,EPL_OV,Individual and collective dismissals (regular contracts),0_TO_6,0-6 scale,VERSION2,Version 2 (1998-2019),2000,,2.638605356,,F,Free (free for publication),2,Two,A,Normal value,0,Units
DATAFLOW,OECD.ELS.JAI:DSD_EPL@DF_EPL(1.0),Strictness of employment protection,I,A,Annual,CHE,Switzerland,EPL_OV,Individual and collective dismissals (regular contracts),0_TO_6,0-6 scale,VERSION2,Version 2 (1998-2019),2000,,2.056122541,,F,Free (free for publication),2,Two,A,Normal value,0,Units
DATAFLOW,OECD.ELS.JAI:DSD_EPL@DF_EPL(1.0),Strictness of employment protection,I,A,Annual,TUR,Türkiye,EPL_OV,Individual and collective dismissals (regular contracts),0_TO_6,0-6 scale,VERSION2,Version 2 (1998-2019),2000,,2.93537426,,F,Free (free for publication),2,Two,A,Normal value,0,Units
DATAFLOW,OECD.ELS.JAI:DSD_EPL@DF_EPL(1.0),Strictness of employment protection,I,A,Annual,GBR,United Kingdom,EPL_OV,Individual and collective dismissals (regular contracts),0_TO_6,0-6 scale,VERSION2,Version 2 (1998-2019),2000,,1.758503318,,F,Free (free for publication),2,Two,A,Normal value,0,Units
DATAFLOW,OECD.ELS.JAI:DSD_EPL@DF_EPL(1.0),Strictness of employment protection,I,A,Annual,USA,United States,EPL_OV,Individual and collective dismissals (regular contracts),0_TO_6,0-6 scale,VERSION2,Version 2 (1998-2019),2000,,0.673095226,,F,Free (free for publication),2,Two,A,Normal value,0,Units
DATAFLOW,OECD.ELS.JAI:DSD_EPL@DF_EPL(1.0),Strictness of employment protection,I,A,Annual,AUS,Australia,EPL_OV,Individual and collective dismissals (regular contracts),0_TO_6,0-6 scale,VERSION2,Version 2 (1998-2019),2001,,1.833333254,,F,Free (free for publication),2,Two,A,Normal value,0,Units
DATAFLOW,OECD.ELS.JAI:DSD_EPL@DF_EPL(1.0),Strictness of employment protection,I,A,Annual,AUT,Austria,EPL_OV,Individual and collective dismissals (regular contracts),0_TO_6,0-6 scale,VERSION2,Version 2 (1998-2019),2001,,2.833333492,,F,Free (free for publication),2,Two,A,Normal value,0,Units
DATAFLOW,OECD.ELS.JAI:DSD_EPL@DF_EPL(1.0),Strictness of employment protection,I,A,Annual,BEL,Belgium,EPL_OV,Individual and collective dismissals (regular contracts),0_TO_6,0-6 scale,VERSION2,Version 2 (1998-2019),2001,,2.597505569,,F,Free (free for publication),2,Two,A,Normal value,0,Units
DATAFLOW,OECD.ELS.JAI:DSD_EPL@DF_EPL(1.0),Strictness of employment protection,I,A,Annual,CAN,Canada,EPL_OV,Individual and collective dismissals (regular contracts),0_TO_6,0-6 scale,VERSION2,Version 2 (1998-2019),2001,,1.314858317,,F,Free (free for publication),2,Two,A,Normal value,0,Units
DATAFLOW,OECD.ELS.JAI:DSD_EPL@DF_EPL(1.0),Strictness of employment protection,I,A,Annual,CZE,Czechia,EPL_OV,Individual and collective dismissals (regular contracts),0_TO_6,0-6 scale,VERSION2,Version 2 (1998-2019),2001,,3.206349134,,F,Free (free for publication),2,Two,A,Normal value,0,Units
DATAFLOW,OECD.ELS.JAI:DSD_EPL@DF_EPL(1.0),Strictness of employment protection,I,A,Annual,DNK,Denmark,EPL_OV,Individual and collective dismissals (regular contracts),0_TO_6,0-6 scale,VERSION2,Version 2 (1998-2019),2001,,2.084467173,,F,Free (free for publication),2,Two,A,Normal value,0,Units
DATAFLOW,OECD.ELS.JAI:DSD_EPL@DF_EPL(1.0),Strictness of employment protection,I,A,Annual,FIN,Finland,EPL_OV,Individual and collective dismissals (regular contracts),0_TO_6,0-6 scale,VERSION2,Version 2 (1998-2019),2001,,2.125850439,,F,Free (free for publication),2,Two,A,Normal value,0,Units
DATAFLOW,OECD.ELS.JAI:DSD_EPL@DF_EPL(1.0),Strictness of employment protection,I,A,Annual,FRA,France,EPL_OV,Individual and collective dismissals (regular contracts),0_TO_6,0-6 scale,VERSION2,Version 2 (1998-2019),2001,,2.735975027,,F,Free (free for publication),2,Two,A,Normal value,0,Units
DATAFLOW,OECD.ELS.JAI:DSD_EPL@DF_EPL(1.0),Strictness of employment protection,I,A,Annual,DEU,Germany,EPL_OV,Individual and collective dismissals (regular contracts),0_TO_6,0-6 scale,VERSION2,Version 2 (1998-2019),2001,,2.889455795,,F,Free (free for publication),2,Two,A,Normal value,0,Units
DATAFLOW,OECD.ELS.JAI:DSD_EPL@DF_EPL(1.0),Strictness of employment protection,I,A,Annual,GRC,Greece,EPL_OV,Individual and collective dismissals (regular contracts),0_TO_6,0-6 scale,VERSION2,Version 2 (1998-2019),2001,,3.060657501,,F,Free (free for publication),2,Two,A,Normal value,0,Units
DATAFLOW,OECD.ELS.JAI:DSD_EPL@DF_EPL(1.0),Strictness of employment protection,I,A,Annual,HUN,Hungary,EPL_OV,Individual and collective dismissals (regular contracts),0_TO_6,0-6 scale,VERSION2,Version 2 (1998-2019),2001,,2.395691633,,F,Free (free for publication),2,Two,A,Normal value,0,Units
DATAFLOW,OECD.ELS.JAI:DSD_EPL@DF_EPL(1.0),Strictness of employment protection,I,A,Annual,IRL,Ireland,EPL_OV,Individual and collective dismissals (regular contracts),0_TO_6,0-6 scale,VERSION2,Version 2 (1998-2019),2001,,1.692743778,,F,Free (free for publication),2,Two,A,Normal value,0,Units
DATAFLOW,OECD.ELS.JAI:DSD_EPL@DF_EPL(1.0),Strictness of employment protection,I,A,Annual,ITA,Italy,EPL_OV,Individual and collective dismissals (regular contracts),0_TO_6,0-6 scale,VERSION2,Version 2 (1998-2019),2001,,3.332766294,,F,Free (free for publication),2,Two,A,Normal value,0,Units
DATAFLOW,OECD.ELS.JAI:DSD_EPL@DF_EPL(1.0),Strictness of employment protection,I,A,Annual,JPN,Japan,EPL_OV,Individual and collective dismissals (regular contracts),0_TO_6,0-6 scale,VERSION2,Version 2 (1998-2019),2001,,2.144557714,,F,Free (free for publication),2,Two,A,Normal value,0,Units
DATAFLOW,OECD.ELS.JAI:DSD_EPL@DF_EPL(1.0),Strictness of employment protection,I,A,Annual,KOR,Korea,EPL_OV,Individual and collective dismissals (regular contracts),0_TO_6,0-6 scale,VERSION2,Version 2 (1998-2019),2001,,2.261904716,,F,Free (free for publication),2,Two,A,Normal value,0,Units
DATAFLOW,OECD.ELS.JAI:DSD_EPL@DF_EPL(1.0),Strictness of employment protection,I,A,Annual,MEX,Mexico,EPL_OV,Individual and collective dismissals (regular contracts),0_TO_6,0-6 scale,VERSION2,Version 2 (1998-2019),2001,,2.908163309,,F,Free (free for publication),2,Two,A,Normal value,0,Units
DATAFLOW,OECD.ELS.JAI:DSD_EPL@DF_EPL(1.0),Strictness of employment protection,I,A,Annual,NLD,Netherlands,EPL_OV,Individual and collective dismissals (regular contracts),0_TO_6,0-6 scale,VERSION2,Version 2 (1998-2019),2001,,3.215419531,,F,Free (free for publication),2,Two,A,Normal value,0,Units
DATAFLOW,OECD.ELS.JAI:DSD_EPL@DF_EPL(1.0),Strictness of employment protection,I,A,Annual,NZL,New Zealand,EPL_OV,Individual and collective dismissals (regular contracts),0_TO_6,0-6 scale,VERSION2,Version 2 (1998-2019),2001,,1.292517066,,F,Free (free for publication),2,Two,A,Normal value,0,Units
DATAFLOW,OECD.ELS.JAI:DSD_EPL@DF_EPL(1.0),Strictness of employment protection,I,A,Annual,NOR,Norway,EPL_OV,Individual and collective dismissals (regular contracts),0_TO_6,0-6 scale,VERSION2,Version 2 (1998-2019),2001,,2.380952358,,F,Free (free for publication),2,Two,A,Normal value,0,Units
DATAFLOW,OECD.ELS.JAI:DSD_EPL@DF_EPL(1.0),Strictness of employment protection,I,A,Annual,POL,Poland,EPL_OV,Individual and collective dismissals (regular contracts),0_TO_6,0-6 scale,VERSION2,Version 2 (1998-2019),2001,,2.62528348,,F,Free (free for publication),2,Two,A,Normal value,0,Units
DATAFLOW,OECD.ELS.JAI:DSD_EPL@DF_EPL(1.0),Strictness of employment protection,I,A,Annual,PRT,Portugal,EPL_OV,Individual and collective dismissals (regular contracts),0_TO_6,0-6 scale,VERSION2,Version 2 (1998-2019),2001,,4.095238209,,F,Free (free for publication),2,Two,A,Normal value,0,Units
DATAFLOW,OECD.ELS.JAI:DSD_EPL@DF_EPL(1.0),Strictness of employment protection,I,A,Annual,SVK,Slovak Republic,EPL_OV,Individual and collective dismissals (regular contracts),0_TO_6,0-6 scale,VERSION2,Version 2 (1998-2019),2001,,3.384920597,,F,Free (free for publication),2,Two,A,Normal value,0,Units
DATAFLOW,OECD.ELS.JAI:DSD_EPL@DF_EPL(1.0),Strictness of employment protection,I,A,Annual,ESP,Spain,EPL_OV,Individual and collective dismissals (regular contracts),0_TO_6,0-6 scale,VERSION2,Version 2 (1998-2019),2001,,2.64724493,,F,Free (free for publication),2,Two,A,Normal value,0,Units
DATAFLOW,OECD.ELS.JAI:DSD_EPL@DF_EPL(1.0),Strictness of employment protection,I,A,Annual,SWE,Sweden,EPL_OV,Individual and collective dismissals (regular contracts),0_TO_6,0-6 scale,VERSION2,Version 2 (1998-2019),2001,,2.638605356,,F,Free (free for publication),2,Two,A,Normal value,0,Units
DATAFLOW,OECD.ELS.JAI:DSD_EPL@DF_EPL(1.0),Strictness of employment protection,I,A,Annual,CHE,Switzerland,EPL_OV,Individual and collective dismissals (regular contracts),0_TO_6,0-6 scale,VERSION2,Version 2 (1998-2019),2001,,2.056122541,,F,Free (free for publication),2,Two,A,Normal value,0,Units
DATAFLOW,OECD.ELS.JAI:DSD_EPL@DF_EPL(1.0),Strictness of employment protection,I,A,Annual,TUR,Türkiye,EPL_OV,Individual and collective dismissals (regular contracts),0_TO_6,0-6 scale,VERSION2,Version 2 (1998-2019),2001,,2.93537426,,F,Free (free for publication),2,Two,A,Normal value,0,Units
DATAFLOW,OECD.ELS.JAI:DSD_EPL@DF_EPL(1.0),Strictness of employment protection,I,A,Annual,GBR,United Kingdom,EPL_OV,Individual and collective dismissals (regular contracts),0_TO_6,0-6 scale,VERSION2,Version 2 (1998-2019),2001,,1.758503318,,F,Free (free for publication),2,Two,A,Normal value,0,Units
DATAFLOW,OECD.ELS.JAI:DSD_EPL@DF_EPL(1.0),Strictness of employment protection,I,A,Annual,USA,United States,EPL_OV,Individual and collective dismissals (regular contracts),0_TO_6,0-6 scale,VERSION2,Version 2 (1998-2019),2001,,0.673095226,,F,Free (free for publication),2,Two,A,Normal value,0,Units
DATAFLOW,OECD.ELS.JAI:DSD_EPL@DF_EPL(1.0),Strictness of employment protection,I,A,Annual,AUS,Australia,EPL_OV,Individual and collective dismissals (regular contracts),0_TO_6,0-6 scale,VERSION2,Version 2 (1998-2019),2002,,1.833333254,,F,Free (free for publication),2,Two,A,Normal value,0,Units
DATAFLOW,OECD.ELS.JAI:DSD_EPL@DF_EPL(1.0),Strictness of employment protection,I,A,Annual,AUT,Austria,EPL_OV,Individual and collective dismissals (regular contracts),0_TO_6,0-6 scale,VERSION2,Version 2 (1998-2019),2002,,2.833333492,,F,Free (free for publication),2,Two,A,Normal value,0,Units
DATAFLOW,OECD.ELS.JAI:DSD_EPL@DF_EPL(1.0),Strictness of employment protection,I,A,Annual,BEL,Belgium,EPL_OV,Individual and collective dismissals (regular contracts),0_TO_6,0-6 scale,VERSION2,Version 2 (1998-2019),2002,,2.597505569,,F,Free (free for publication),2,Two,A,Normal value,0,Units
DATAFLOW,OECD.ELS.JAI:DSD_EPL@DF_EPL(1.0),Strictness of employment protection,I,A,Annual,CAN,Canada,EPL_OV,Individual and collective dismissals (regular contracts),0_TO_6,0-6 scale,VERSION2,Version 2 (1998-2019),2002,,1.314858317,,F,Free (free for publication),2,Two,A,Normal value,0,Units
DATAFLOW,OECD.ELS.JAI:DSD_EPL@DF_EPL(1.0),Strictness of employment protection,I,A,Annual,CZE,Czechia,EPL_OV,Individual and collective dismissals (regular contracts),0_TO_6,0-6 scale,VERSION2,Version 2 (1998-2019),2002,,3.206349134,,F,Free (free for publication),2,Two,A,Normal value,0,Units
DATAFLOW,OECD.ELS.JAI:DSD_EPL@DF_EPL(1.0),Strictness of employment protection,I,A,Annual,DNK,Denmark,EPL_OV,Individual and collective dismissals (regular contracts),0_TO_6,0-6 scale,VERSION2,Version 2 (1998-2019),2002,,2.084467173,,F,Free (free for publication),2,Two,A,Normal value,0,Units
DATAFLOW,OECD.ELS.JAI:DSD_EPL@DF_EPL(1.0),Strictness of employment protection,I,A,Annual,FIN,Finland,EPL_OV,Individual and collective dismissals (regular contracts),0_TO_6,0-6 scale,VERSION2,Version 2 (1998-2019),2002,,2.023809433,,F,Free (free for publication),2,Two,A,Normal value,0,Units
DATAFLOW,OECD.ELS.JAI:DSD_EPL@DF_EPL(1.0),Strictness of employment protection,I,A,Annual,FRA,France,EPL_OV,Individual and collective dismissals (regular contracts),0_TO_6,0-6 scale,VERSION2,Version 2 (1998-2019),2002,,2.735975027,,F,Free (free for publication),2,Two,A,Normal value,0,Units
DATAFLOW,OECD.ELS.JAI:DSD_EPL@DF_EPL(1.0),Strictness of employment protection,I,A,Annual,DEU,Germany,EPL_OV,Individual and collective dismissals (regular contracts),0_TO_6,0-6 scale,VERSION2,Version 2 (1998-2019),2002,,2.889455795,,F,Free (free for publication),2,Two,A,Normal value,0,Units
DATAFLOW,OECD.ELS.JAI:DSD_EPL@DF_EPL(1.0),Strictness of employment protection,I,A,Annual,GRC,Greece,EPL_OV,Individual and collective dismissals (regular contracts),0_TO_6,0-6 scale,VERSION2,Version 2 (1998-2019),2002,,3.060657501,,F,Free (free for publication),2,Two,A,Normal value,0,Units
DATAFLOW,OECD.ELS.JAI:DSD_EPL@DF_EPL(1.0),Strictness of employment protection,I,A,Annual,HUN,Hungary,EPL_OV,Individual and collective dismissals (regular contracts),0_TO_6,0-6 scale,VERSION2,Version 2 (1998-2019),2002,,2.395691633,,F,Free (free for publication),2,Two,A,Normal value,0,Units
DATAFLOW,OECD.ELS.JAI:DSD_EPL@DF_EPL(1.0),Strictness of employment protection,I,A,Annual,IRL,Ireland,EPL_OV,Individual and collective dismissals (regular contracts),0_TO_6,0-6 scale,VERSION2,Version 2 (1998-2019),2002,,1.692743778,,F,Free (free for publication),2,Two,A,Normal value,0,Units
DATAFLOW,OECD.ELS.JAI:DSD_EPL@DF_EPL(1.0),Strictness of employment protection,I,A,Annual,ITA,Italy,EPL_OV,Individual and collective dismissals (regular contracts),0_TO_6,0-6 scale,VERSION2,Version 2 (1998-2019),2002,,3.332766294,,F,Free (free for publication),2,Two,A,Normal value,0,Units
DATAFLOW,OECD.ELS.JAI:DSD_EPL@DF_EPL(1.0),Strictness of employment protection,I,A,Annual,JPN,Japan,EPL_OV,Individual and collective dismissals (regular contracts),0_TO_6,0-6 scale,VERSION2,Version 2 (1998-2019),2002,,2.144557714,,F,Free (free for publication),2,Two,A,Normal value,0,Units
DATAFLOW,OECD.ELS.JAI:DSD_EPL@DF_EPL(1.0),Strictness of employment protection,I,A,Annual,KOR,Korea,EPL_OV,Individual and collective dismissals (regular contracts),0_TO_6,0-6 scale,VERSION2,Version 2 (1998-2019),2002,,2.261904716,,F,Free (free for publication),2,Two,A,Normal value,0,Units
DATAFLOW,OECD.ELS.JAI:DSD_EPL@DF_EPL(1.0),Strictness of employment protection,I,A,Annual,MEX,Mexico,EPL_OV,Individual and collective dismissals (regular contracts),0_TO_6,0-6 scale,VERSION2,Version 2 (1998-2019),2002,,2.908163309,,F,Free (free for publication),2,Two,A,Normal value,0,Units
DATAFLOW,OECD.ELS.JAI:DSD_EPL@DF_EPL(1.0),Strictness of employment protection,I,A,Annual,NLD,Netherlands,EPL_OV,Individual and collective dismissals (regular contracts),0_TO_6,0-6 scale,VERSION2,Version 2 (1998-2019),2002,,3.215419531,,F,Free (free for publication),2,Two,A,Normal value,0,Units
DATAFLOW,OECD.ELS.JAI:DSD_EPL@DF_EPL(1.0),Strictness of employment protection,I,A,Annual,NZL,New Zealand,EPL_OV,Individual and collective dismissals (regular contracts),0_TO_6,0-6 scale,VERSION2,Version 2 (1998-2019),2002,,1.292517066,,F,Free (free for publication),2,Two,A,Normal value,0,Units
DATAFLOW,OECD.ELS.JAI:DSD_EPL@DF_EPL(1.0),Strictness of employment protection,I,A,Annual,NOR,Norway,EPL_OV,Individual and collective dismissals (regular contracts),0_TO_6,0-6 scale,VERSION2,Version 2 (1998-2019),2002,,2.380952358,,F,Free (free for publication),2,Two,A,Normal value,0,Units
DATAFLOW,OECD.ELS.JAI:DSD_EPL@DF_EPL(1.0),Strictness of employment protection,I,A,Annual,POL,Poland,EPL_OV,Individual and collective dismissals (regular contracts),0_TO_6,0-6 scale,VERSION2,Version 2 (1998-2019),2002,,2.62528348,,F,Free (free for publication),2,Two,A,Normal value,0,Units
DATAFLOW,OECD.ELS.JAI:DSD_EPL@DF_EPL(1.0),Strictness of employment protection,I,A,Annual,PRT,Portugal,EPL_OV,Individual and collective dismissals (regular contracts),0_TO_6,0-6 scale,VERSION2,Version 2 (1998-2019),2002,,4.095238209,,F,Free (free for publication),2,Two,A,Normal value,0,Units
DATAFLOW,OECD.ELS.JAI:DSD_EPL@DF_EPL(1.0),Strictness of employment protection,I,A,Annual,SVK,Slovak Republic,EPL_OV,Individual and collective dismissals (regular contracts),0_TO_6,0-6 scale,VERSION2,Version 2 (1998-2019),2002,,3.384920597,,F,Free (free for publication),2,Two,A,Normal value,0,Units
DATAFLOW,OECD.ELS.JAI:DSD_EPL@DF_EPL(1.0),Strictness of employment protection,I,A,Annual,ESP,Spain,EPL_OV,Individual and collective dismissals (regular contracts),0_TO_6,0-6 scale,VERSION2,Version 2 (1998-2019),2002,,2.64724493,,F,Free (free for publication),2,Two,A,Normal value,0,Units
DATAFLOW,OECD.ELS.JAI:DSD_EPL@DF_EPL(1.0),Strictness of employment protection,I,A,Annual,SWE,Sweden,EPL_OV,Individual and collective dismissals (regular contracts),0_TO_6,0-6 scale,VERSION2,Version 2 (1998-2019),2002,,2.604591846,,F,Free (free for publication),2,Two,A,Normal value,0,Units
DATAFLOW,OECD.ELS.JAI:DSD_EPL@DF_EPL(1.0),Strictness of employment protection,I,A,Annual,CHE,Switzerland,EPL_OV,Individual and collective dismissals (regular contracts),0_TO_6,0-6 scale,VERSION2,Version 2 (1998-2019),2002,,2.056122541,,F,Free (free for publication),2,Two,A,Normal value,0,Units
DATAFLOW,OECD.ELS.JAI:DSD_EPL@DF_EPL(1.0),Strictness of employment protection,I,A,Annual,TUR,Türkiye,EPL_OV,Individual and collective dismissals (regular contracts),0_TO_6,0-6 scale,VERSION2,Version 2 (1998-2019),2002,,2.93537426,,F,Free (free for publication),2,Two,A,Normal value,0,Units
DATAFLOW,OECD.ELS.JAI:DSD_EPL@DF_EPL(1.0),Strictness of employment protection,I,A,Annual,GBR,United Kingdom,EPL_OV,Individual and collective dismissals (regular contracts),0_TO_6,0-6 scale,VERSION2,Version 2 (1998-2019),2002,,1.758503318,,F,Free (free for publication),2,Two,A,Normal value,0,Units
DATAFLOW,OECD.ELS.JAI:DSD_EPL@DF_EPL(1.0),Strictness of employment protection,I,A,Annual,USA,United States,EPL_OV,Individual and collective dismissals (regular contracts),0_TO_6,0-6 scale,VERSION2,Version 2 (1998-2019),2002,,0.673095226,,F,Free (free for publication),2,Two,A,Normal value,0,Units
DATAFLOW,OECD.ELS.JAI:DSD_EPL@DF_EPL(1.0),Strictness of employment protection,I,A,Annual,AUS,Australia,EPL_OV,Individual and collective dismissals (regular contracts),0_TO_6,0-6 scale,VERSION2,Version 2 (1998-2019),2003,,1.833333254,,F,Free (free for publication),2,Two,A,Normal value,0,Units
DATAFLOW,OECD.ELS.JAI:DSD_EPL@DF_EPL(1.0),Strictness of employment protection,I,A,Annual,AUT,Austria,EPL_OV,Individual and collective dismissals (regular contracts),0_TO_6,0-6 scale,VERSION2,Version 2 (1998-2019),2003,,2.561224461,,F,Free (free for publication),2,Two,A,Normal value,0,Units
DATAFLOW,OECD.ELS.JAI:DSD_EPL@DF_EPL(1.0),Strictness of employment protection,I,A,Annual,BEL,Belgium,EPL_OV,Individual and collective dismissals (regular contracts),0_TO_6,0-6 scale,VERSION2,Version 2 (1998-2019),2003,,2.597505569,,F,Free (free for publication),2,Two,A,Normal value,0,Units
DATAFLOW,OECD.ELS.JAI:DSD_EPL@DF_EPL(1.0),Strictness of employment protection,I,A,Annual,CAN,Canada,EPL_OV,Individual and collective dismissals (regular contracts),0_TO_6,0-6 scale,VERSION2,Version 2 (1998-2019),2003,,1.314858317,,F,Free (free for publication),2,Two,A,Normal value,0,Units
DATAFLOW,OECD.ELS.JAI:DSD_EPL@DF_EPL(1.0),Strictness of employment protection,I,A,Annual,CZE,Czechia,EPL_OV,Individual and collective dismissals (regular contracts),0_TO_6,0-6 scale,VERSION2,Version 2 (1998-2019),2003,,3.206349134,,F,Free (free for publication),2,Two,A,Normal value,0,Units
DATAFLOW,OECD.ELS.JAI:DSD_EPL@DF_EPL(1.0),Strictness of employment protection,I,A,Annual,DNK,Denmark,EPL_OV,Individual and collective dismissals (regular contracts),0_TO_6,0-6 scale,VERSION2,Version 2 (1998-2019),2003,,2.084467173,,F,Free (free for publication),2,Two,A,Normal value,0,Units
DATAFLOW,OECD.ELS.JAI:DSD_EPL@DF_EPL(1.0),Strictness of employment protection,I,A,Annual,FIN,Finland,EPL_OV,Individual and collective dismissals (regular contracts),0_TO_6,0-6 scale,VERSION2,Version 2 (1998-2019),2003,,2.023809433,,F,Free (free for publication),2,Two,A,Normal value,0,Units
DATAFLOW,OECD.ELS.JAI:DSD_EPL@DF_EPL(1.0),Strictness of employment protection,I,A,Annual,FRA,France,EPL_OV,Individual and collective dismissals (regular contracts),0_TO_6,0-6 scale,VERSION2,Version 2 (1998-2019),2003,,2.826678038,,F,Free (free for publication),2,Two,A,Normal value,0,Units
DATAFLOW,OECD.ELS.JAI:DSD_EPL@DF_EPL(1.0),Strictness of employment protection,I,A,Annual,DEU,Germany,EPL_OV,Individual and collective dismissals (regular contracts),0_TO_6,0-6 scale,VERSION2,Version 2 (1998-2019),2003,,2.889455795,,F,Free (free for publication),2,Two,A,Normal value,0,Units
DATAFLOW,OECD.ELS.JAI:DSD_EPL@DF_EPL(1.0),Strictness of employment protection,I,A,Annual,GRC,Greece,EPL_OV,Individual and collective dismissals (regular contracts),0_TO_6,0-6 scale,VERSION2,Version 2 (1998-2019),2003,,3.060657501,,F,Free (free for publication),2,Two,A,Normal value,0,Units
DATAFLOW,OECD.ELS.JAI:DSD_EPL@DF_EPL(1.0),Strictness of employment protection,I,A,Annual,HUN,Hungary,EPL_OV,Individual and collective dismissals (regular contracts),0_TO_6,0-6 scale,VERSION2,Version 2 (1998-2019),2003,,2.395691633,,F,Free (free for publication),2,Two,A,Normal value,0,Units
DATAFLOW,OECD.ELS.JAI:DSD_EPL@DF_EPL(1.0),Strictness of employment protection,I,A,Annual,IRL,Ireland,EPL_OV,Individual and collective dismissals (regular contracts),0_TO_6,0-6 scale,VERSION2,Version 2 (1998-2019),2003,,1.692743778,,F,Free (free for publication),2,Two,A,Normal value,0,Units
DATAFLOW,OECD.ELS.JAI:DSD_EPL@DF_EPL(1.0),Strictness of employment protection,I,A,Annual,ITA,Italy,EPL_OV,Individual and collective dismissals (regular contracts),0_TO_6,0-6 scale,VERSION2,Version 2 (1998-2019),2003,,3.332766294,,F,Free (free for publication),2,Two,A,Normal value,0,Units
DATAFLOW,OECD.ELS.JAI:DSD_EPL@DF_EPL(1.0),Strictness of employment protection,I,A,Annual,JPN,Japan,EPL_OV,Individual and collective dismissals (regular contracts),0_TO_6,0-6 scale,VERSION2,Version 2 (1998-2019),2003,,2.144557714,,F,Free (free for publication),2,Two,A,Normal value,0,Units
DATAFLOW,OECD.ELS.JAI:DSD_EPL@DF_EPL(1.0),Strictness of employment protection,I,A,Annual,KOR,Korea,EPL_OV,Individual and collective dismissals (regular contracts),0_TO_6,0-6 scale,VERSION2,Version 2 (1998-2019),2003,,2.261904716,,F,Free (free for publication),2,Two,A,Normal value,0,Units
DATAFLOW,OECD.ELS.JAI:DSD_EPL@DF_EPL(1.0),Strictness of employment protection,I,A,Annual,MEX,Mexico,EPL_OV,Individual and collective dismissals (regular contracts),0_TO_6,0-6 scale,VERSION2,Version 2 (1998-2019),2003,,2.908163309,,F,Free (free for publication),2,Two,A,Normal value,0,Units
DATAFLOW,OECD.ELS.JAI:DSD_EPL@DF_EPL(1.0),Strictness of employment protection,I,A,Annual,NLD,Netherlands,EPL_OV,Individual and collective dismissals (regular contracts),0_TO_6,0-6 scale,VERSION2,Version 2 (1998-2019),2003,,3.215419531,,F,Free (free for publication),2,Two,A,Normal value,0,Units
DATAFLOW,OECD.ELS.JAI:DSD_EPL@DF_EPL(1.0),Strictness of employment protection,I,A,Annual,NZL,New Zealand,EPL_OV,Individual and collective dismissals (regular contracts),0_TO_6,0-6 scale,VERSION2,Version 2 (1998-2019),2003,,1.292517066,,F,Free (free for publication),2,Two,A,Normal value,0,Units
DATAFLOW,OECD.ELS.JAI:DSD_EPL@DF_EPL(1.0),Strictness of employment protection,I,A,Annual,NOR,Norway,EPL_OV,Individual and collective dismissals (regular contracts),0_TO_6,0-6 scale,VERSION2,Version 2 (1998-2019),2003,,2.380952358,,F,Free (free for publication),2,Two,A,Normal value,0,Units
DATAFLOW,OECD.ELS.JAI:DSD_EPL@DF_EPL(1.0),Strictness of employment protection,I,A,Annual,POL,Poland,EPL_OV,Individual and collective dismissals (regular contracts),0_TO_6,0-6 scale,VERSION2,Version 2 (1998-2019),2003,,2.62528348,,F,Free (free for publication),2,Two,A,Normal value,0,Units
DATAFLOW,OECD.ELS.JAI:DSD_EPL@DF_EPL(1.0),Strictness of employment protection,I,A,Annual,PRT,Portugal,EPL_OV,Individual and collective dismissals (regular contracts),0_TO_6,0-6 scale,VERSION2,Version 2 (1998-2019),2003,,4.095238209,,F,Free (free for publication),2,Two,A,Normal value,0,Units
DATAFLOW,OECD.ELS.JAI:DSD_EPL@DF_EPL(1.0),Strictness of employment protection,I,A,Annual,SVK,Slovak Republic,EPL_OV,Individual and collective dismissals (regular contracts),0_TO_6,0-6 scale,VERSION2,Version 2 (1998-2019),2003,,3.265873194,,F,Free (free for publication),2,Two,A,Normal value,0,Units
DATAFLOW,OECD.ELS.JAI:DSD_EPL@DF_EPL(1.0),Strictness of employment protection,I,A,Annual,ESP,Spain,EPL_OV,Individual and collective dismissals (regular contracts),0_TO_6,0-6 scale,VERSION2,Version 2 (1998-2019),2003,,2.64724493,,F,Free (free for publication),2,Two,A,Normal value,0,Units
DATAFLOW,OECD.ELS.JAI:DSD_EPL@DF_EPL(1.0),Strictness of employment protection,I,A,Annual,SWE,Sweden,EPL_OV,Individual and collective dismissals (regular contracts),0_TO_6,0-6 scale,VERSION2,Version 2 (1998-2019),2003,,2.604591846,,F,Free (free for publication),2,Two,A,Normal value,0,Units
DATAFLOW,OECD.ELS.JAI:DSD_EPL@DF_EPL(1.0),Strictness of employment protection,I,A,Annual,CHE,Switzerland,EPL_OV,Individual and collective dismissals (regular contracts),0_TO_6,0-6 scale,VERSION2,Version 2 (1998-2019),2003,,2.056122541,,F,Free (free for publication),2,Two,A,Normal value,0,Units
DATAFLOW,OECD.ELS.JAI:DSD_EPL@DF_EPL(1.0),Strictness of employment protection,I,A,Annual,TUR,Türkiye,EPL_OV,Individual and collective dismissals (regular contracts),0_TO_6,0-6 scale,VERSION2,Version 2 (1998-2019),2003,,2.93537426,,F,Free (free for publication),2,Two,A,Normal value,0,Units
DATAFLOW,OECD.ELS.JAI:DSD_EPL@DF_EPL(1.0),Strictness of employment protection,I,A,Annual,GBR,United Kingdom,EPL_OV,Individual and collective dismissals (regular contracts),0_TO_6,0-6 scale,VERSION2,Version 2 (1998-2019),2003,,1.758503318,,F,Free (free for publication),2,Two,A,Normal value,0,Units
DATAFLOW,OECD.ELS.JAI:DSD_EPL@DF_EPL(1.0),Strictness of employment protection,I,A,Annual,USA,United States,EPL_OV,Individual and collective dismissals (regular contracts),0_TO_6,0-6 scale,VERSION2,Version 2 (1998-2019),2003,,0.673095226,,F,Free (free for publication),2,Two,A,Normal value,0,Units
DATAFLOW,OECD.ELS.JAI:DSD_EPL@DF_EPL(1.0),Strictness of employment protection,I,A,Annual,AUS,Australia,EPL_OV,Individual and collective dismissals (regular contracts),0_TO_6,0-6 scale,VERSION2,Version 2 (1998-2019),2004,,1.833333254,,F,Free (free for publication),2,Two,A,Normal value,0,Units
DATAFLOW,OECD.ELS.JAI:DSD_EPL@DF_EPL(1.0),Strictness of employment protection,I,A,Annual,AUT,Austria,EPL_OV,Individual and collective dismissals (regular contracts),0_TO_6,0-6 scale,VERSION2,Version 2 (1998-2019),2004,,2.561224461,,F,Free (free for publication),2,Two,A,Normal value,0,Units
DATAFLOW,OECD.ELS.JAI:DSD_EPL@DF_EPL(1.0),Strictness of employment protection,I,A,Annual,BEL,Belgium,EPL_OV,Individual and collective dismissals (regular contracts),0_TO_6,0-6 scale,VERSION2,Version 2 (1998-2019),2004,,2.597505569,,F,Free (free for publication),2,Two,A,Normal value,0,Units
DATAFLOW,OECD.ELS.JAI:DSD_EPL@DF_EPL(1.0),Strictness of employment protection,I,A,Annual,CAN,Canada,EPL_OV,Individual and collective dismissals (regular contracts),0_TO_6,0-6 scale,VERSION2,Version 2 (1998-2019),2004,,1.314858317,,F,Free (free for publication),2,Two,A,Normal value,0,Units
DATAFLOW,OECD.ELS.JAI:DSD_EPL@DF_EPL(1.0),Strictness of employment protection,I,A,Annual,CZE,Czechia,EPL_OV,Individual and collective dismissals (regular contracts),0_TO_6,0-6 scale,VERSION2,Version 2 (1998-2019),2004,,3.206349134,,F,Free (free for publication),2,Two,A,Normal value,0,Units
DATAFLOW,OECD.ELS.JAI:DSD_EPL@DF_EPL(1.0),Strictness of employment protection,I,A,Annual,DNK,Denmark,EPL_OV,Individual and collective dismissals (regular contracts),0_TO_6,0-6 scale,VERSION2,Version 2 (1998-2019),2004,,2.084467173,,F,Free (free for publication),2,Two,A,Normal value,0,Units
DATAFLOW,OECD.ELS.JAI:DSD_EPL@DF_EPL(1.0),Strictness of employment protection,I,A,Annual,FIN,Finland,EPL_OV,Individual and collective dismissals (regular contracts),0_TO_6,0-6 scale,VERSION2,Version 2 (1998-2019),2004,,2.023809433,,F,Free (free for publication),2,Two,A,Normal value,0,Units
DATAFLOW,OECD.ELS.JAI:DSD_EPL@DF_EPL(1.0),Strictness of employment protection,I,A,Annual,FRA,France,EPL_OV,Individual and collective dismissals (regular contracts),0_TO_6,0-6 scale,VERSION2,Version 2 (1998-2019),2004,,2.826678038,,F,Free (free for publication),2,Two,A,Normal value,0,Units
DATAFLOW,OECD.ELS.JAI:DSD_EPL@DF_EPL(1.0),Strictness of employment protection,I,A,Annual,DEU,Germany,EPL_OV,Individual and collective dismissals (regular contracts),0_TO_6,0-6 scale,VERSION2,Version 2 (1998-2019),2004,,2.889455795,,F,Free (free for publication),2,Two,A,Normal value,0,Units
DATAFLOW,OECD.ELS.JAI:DSD_EPL@DF_EPL(1.0),Strictness of employment protection,I,A,Annual,GRC,Greece,EPL_OV,Individual and collective dismissals (regular contracts),0_TO_6,0-6 scale,VERSION2,Version 2 (1998-2019),2004,,3.060657501,,F,Free (free for publication),2,Two,A,Normal value,0,Units
DATAFLOW,OECD.ELS.JAI:DSD_EPL@DF_EPL(1.0),Strictness of employment protection,I,A,Annual,HUN,Hungary,EPL_OV,Individual and collective dismissals (regular contracts),0_TO_6,0-6 scale,VERSION2,Version 2 (1998-2019),2004,,2.395691633,,F,Free (free for publication),2,Two,A,Normal value,0,Units
DATAFLOW,OECD.ELS.JAI:DSD_EPL@DF_EPL(1.0),Strictness of employment protection,I,A,Annual,IRL,Ireland,EPL_OV,Individual and collective dismissals (regular contracts),0_TO_6,0-6 scale,VERSION2,Version 2 (1998-2019),2004,,1.692743778,,F,Free (free for publication),2,Two,A,Normal value,0,Units
DATAFLOW,OECD.ELS.JAI:DSD_EPL@DF_EPL(1.0),Strictness of employment protection,I,A,Annual,ITA,Italy,EPL_OV,Individual and collective dismissals (regular contracts),0_TO_6,0-6 scale,VERSION2,Version 2 (1998-2019),2004,,3.332766294,,F,Free (free for publication),2,Two,A,Normal value,0,Units
DATAFLOW,OECD.ELS.JAI:DSD_EPL@DF_EPL(1.0),Strictness of employment protection,I,A,Annual,JPN,Japan,EPL_OV,Individual and collective dismissals (regular contracts),0_TO_6,0-6 scale,VERSION2,Version 2 (1998-2019),2004,,2.144557714,,F,Free (free for publication),2,Two,A,Normal value,0,Units
DATAFLOW,OECD.ELS.JAI:DSD_EPL@DF_EPL(1.0),Strictness of employment protection,I,A,Annual,KOR,Korea,EPL_OV,Individual and collective dismissals (regular contracts),0_TO_6,0-6 scale,VERSION2,Version 2 (1998-2019),2004,,2.261904716,,F,Free (free for publication),2,Two,A,Normal value,0,Units
DATAFLOW,OECD.ELS.JAI:DSD_EPL@DF_EPL(1.0),Strictness of employment protection,I,A,Annual,MEX,Mexico,EPL_OV,Individual and collective dismissals (regular contracts),0_TO_6,0-6 scale,VERSION2,Version 2 (1998-2019),2004,,2.908163309,,F,Free (free for publication),2,Two,A,Normal value,0,Units
DATAFLOW,OECD.ELS.JAI:DSD_EPL@DF_EPL(1.0),Strictness of employment protection,I,A,Annual,NLD,Netherlands,EPL_OV,Individual and collective dismissals (regular contracts),0_TO_6,0-6 scale,VERSION2,Version 2 (1998-2019),2004,,3.215419531,,F,Free (free for publication),2,Two,A,Normal value,0,Units
DATAFLOW,OECD.ELS.JAI:DSD_EPL@DF_EPL(1.0),Strictness of employment protection,I,A,Annual,NZL,New Zealand,EPL_OV,Individual and collective dismissals (regular contracts),0_TO_6,0-6 scale,VERSION2,Version 2 (1998-2019),2004,,1.292517066,,F,Free (free for publication),2,Two,A,Normal value,0,Units
DATAFLOW,OECD.ELS.JAI:DSD_EPL@DF_EPL(1.0),Strictness of employment protection,I,A,Annual,NOR,Norway,EPL_OV,Individual and collective dismissals (regular contracts),0_TO_6,0-6 scale,VERSION2,Version 2 (1998-2019),2004,,2.380952358,,F,Free (free for publication),2,Two,A,Normal value,0,Units
DATAFLOW,OECD.ELS.JAI:DSD_EPL@DF_EPL(1.0),Strictness of employment protection,I,A,Annual,POL,Poland,EPL_OV,Individual and collective dismissals (regular contracts),0_TO_6,0-6 scale,VERSION2,Version 2 (1998-2019),2004,,2.482426167,,F,Free (free for publication),2,Two,A,Normal value,0,Units
DATAFLOW,OECD.ELS.JAI:DSD_EPL@DF_EPL(1.0),Strictness of employment protection,I,A,Annual,PRT,Portugal,EPL_OV,Individual and collective dismissals (regular contracts),0_TO_6,0-6 scale,VERSION2,Version 2 (1998-2019),2004,,3.976190329,,F,Free (free for publication),2,Two,A,Normal value,0,Units
DATAFLOW,OECD.ELS.JAI:DSD_EPL@DF_EPL(1.0),Strictness of employment protection,I,A,Annual,SVK,Slovak Republic,EPL_OV,Individual and collective dismissals (regular contracts),0_TO_6,0-6 scale,VERSION2,Version 2 (1998-2019),2004,,3.134920597,,F,Free (free for publication),2,Two,A,Normal value,0,Units
DATAFLOW,OECD.ELS.JAI:DSD_EPL@DF_EPL(1.0),Strictness of employment protection,I,A,Annual,ESP,Spain,EPL_OV,Individual and collective dismissals (regular contracts),0_TO_6,0-6 scale,VERSION2,Version 2 (1998-2019),2004,,2.64724493,,F,Free (free for publication),2,Two,A,Normal value,0,Units
DATAFLOW,OECD.ELS.JAI:DSD_EPL@DF_EPL(1.0),Strictness of employment protection,I,A,Annual,SWE,Sweden,EPL_OV,Individual and collective dismissals (regular contracts),0_TO_6,0-6 scale,VERSION2,Version 2 (1998-2019),2004,,2.604591846,,F,Free (free for publication),2,Two,A,Normal value,0,Units
DATAFLOW,OECD.ELS.JAI:DSD_EPL@DF_EPL(1.0),Strictness of employment protection,I,A,Annual,CHE,Switzerland,EPL_OV,Individual and collective dismissals (regular contracts),0_TO_6,0-6 scale,VERSION2,Version 2 (1998-2019),2004,,2.056122541,,F,Free (free for publication),2,Two,A,Normal value,0,Units
DATAFLOW,OECD.ELS.JAI:DSD_EPL@DF_EPL(1.0),Strictness of employment protection,I,A,Annual,TUR,Türkiye,EPL_OV,Individual and collective dismissals (regular contracts),0_TO_6,0-6 scale,VERSION2,Version 2 (1998-2019),2004,,2.875850439,,F,Free (free for publication),2,Two,A,Normal value,0,Units
DATAFLOW,OECD.ELS.JAI:DSD_EPL@DF_EPL(1.0),Strictness of employment protection,I,A,Annual,GBR,United Kingdom,EPL_OV,Individual and collective dismissals (regular contracts),0_TO_6,0-6 scale,VERSION2,Version 2 (1998-2019),2004,,1.758503318,,F,Free (free for publication),2,Two,A,Normal value,0,Units
DATAFLOW,OECD.ELS.JAI:DSD_EPL@DF_EPL(1.0),Strictness of employment protection,I,A,Annual,USA,United States,EPL_OV,Individual and collective dismissals (regular contracts),0_TO_6,0-6 scale,VERSION2,Version 2 (1998-2019),2004,,0.673095226,,F,Free (free for publication),2,Two,A,Normal value,0,Units
DATAFLOW,OECD.ELS.JAI:DSD_EPL@DF_EPL(1.0),Strictness of employment protection,I,A,Annual,AUS,Australia,EPL_OV,Individual and collective dismissals (regular contracts),0_TO_6,0-6 scale,VERSION2,Version 2 (1998-2019),2005,,1.833333254,,F,Free (free for publication),2,Two,A,Normal value,0,Units
DATAFLOW,OECD.ELS.JAI:DSD_EPL@DF_EPL(1.0),Strictness of employment protection,I,A,Annual,AUT,Austria,EPL_OV,Individual and collective dismissals (regular contracts),0_TO_6,0-6 scale,VERSION2,Version 2 (1998-2019),2005,,2.561224461,,F,Free (free for publication),2,Two,A,Normal value,0,Units
DATAFLOW,OECD.ELS.JAI:DSD_EPL@DF_EPL(1.0),Strictness of employment protection,I,A,Annual,BEL,Belgium,EPL_OV,Individual and collective dismissals (regular contracts),0_TO_6,0-6 scale,VERSION2,Version 2 (1998-2019),2005,,2.597505569,,F,Free (free for publication),2,Two,A,Normal value,0,Units
DATAFLOW,OECD.ELS.JAI:DSD_EPL@DF_EPL(1.0),Strictness of employment protection,I,A,Annual,CAN,Canada,EPL_OV,Individual and collective dismissals (regular contracts),0_TO_6,0-6 scale,VERSION2,Version 2 (1998-2019),2005,,1.314858317,,F,Free (free for publication),2,Two,A,Normal value,0,Units
DATAFLOW,OECD.ELS.JAI:DSD_EPL@DF_EPL(1.0),Strictness of employment protection,I,A,Annual,CZE,Czechia,EPL_OV,Individual and collective dismissals (regular contracts),0_TO_6,0-6 scale,VERSION2,Version 2 (1998-2019),2005,,3.206349134,,F,Free (free for publication),2,Two,A,Normal value,0,Units
DATAFLOW,OECD.ELS.JAI:DSD_EPL@DF_EPL(1.0),Strictness of employment protection,I,A,Annual,DNK,Denmark,EPL_OV,Individual and collective dismissals (regular contracts),0_TO_6,0-6 scale,VERSION2,Version 2 (1998-2019),2005,,2.084467173,,F,Free (free for publication),2,Two,A,Normal value,0,Units
DATAFLOW,OECD.ELS.JAI:DSD_EPL@DF_EPL(1.0),Strictness of employment protection,I,A,Annual,FIN,Finland,EPL_OV,Individual and collective dismissals (regular contracts),0_TO_6,0-6 scale,VERSION2,Version 2 (1998-2019),2005,,2.023809433,,F,Free (free for publication),2,Two,A,Normal value,0,Units
DATAFLOW,OECD.ELS.JAI:DSD_EPL@DF_EPL(1.0),Strictness of employment protection,I,A,Annual,FRA,France,EPL_OV,Individual and collective dismissals (regular contracts),0_TO_6,0-6 scale,VERSION2,Version 2 (1998-2019),2005,,2.826678038,,F,Free (free for publication),2,Two,A,Normal value,0,Units
DATAFLOW,OECD.ELS.JAI:DSD_EPL@DF_EPL(1.0),Strictness of employment protection,I,A,Annual,DEU,Germany,EPL_OV,Individual and collective dismissals (regular contracts),0_TO_6,0-6 scale,VERSION2,Version 2 (1998-2019),2005,,2.889455795,,F,Free (free for publication),2,Two,A,Normal value,0,Units
DATAFLOW,OECD.ELS.JAI:DSD_EPL@DF_EPL(1.0),Strictness of employment protection,I,A,Annual,GRC,Greece,EPL_OV,Individual and collective dismissals (regular contracts),0_TO_6,0-6 scale,VERSION2,Version 2 (1998-2019),2005,,3.060657501,,F,Free (free for publication),2,Two,A,Normal value,0,Units
DATAFLOW,OECD.ELS.JAI:DSD_EPL@DF_EPL(1.0),Strictness of employment protection,I,A,Annual,HUN,Hungary,EPL_OV,Individual and collective dismissals (regular contracts),0_TO_6,0-6 scale,VERSION2,Version 2 (1998-2019),2005,,2.395691633,,F,Free (free for publication),2,Two,A,Normal value,0,Units
DATAFLOW,OECD.ELS.JAI:DSD_EPL@DF_EPL(1.0),Strictness of employment protection,I,A,Annual,IRL,Ireland,EPL_OV,Individual and collective dismissals (regular contracts),0_TO_6,0-6 scale,VERSION2,Version 2 (1998-2019),2005,,1.692743778,,F,Free (free for publication),2,Two,A,Normal value,0,Units
DATAFLOW,OECD.ELS.JAI:DSD_EPL@DF_EPL(1.0),Strictness of employment protection,I,A,Annual,ITA,Italy,EPL_OV,Individual and collective dismissals (regular contracts),0_TO_6,0-6 scale,VERSION2,Version 2 (1998-2019),2005,,3.332766294,,F,Free (free for publication),2,Two,A,Normal value,0,Units
DATAFLOW,OECD.ELS.JAI:DSD_EPL@DF_EPL(1.0),Strictness of employment protection,I,A,Annual,JPN,Japan,EPL_OV,Individual and collective dismissals (regular contracts),0_TO_6,0-6 scale,VERSION2,Version 2 (1998-2019),2005,,2.144557714,,F,Free (free for publication),2,Two,A,Normal value,0,Units
DATAFLOW,OECD.ELS.JAI:DSD_EPL@DF_EPL(1.0),Strictness of employment protection,I,A,Annual,KOR,Korea,EPL_OV,Individual and collective dismissals (regular contracts),0_TO_6,0-6 scale,VERSION2,Version 2 (1998-2019),2005,,2.261904716,,F,Free (free for publication),2,Two,A,Normal value,0,Units
DATAFLOW,OECD.ELS.JAI:DSD_EPL@DF_EPL(1.0),Strictness of employment protection,I,A,Annual,MEX,Mexico,EPL_OV,Individual and collective dismissals (regular contracts),0_TO_6,0-6 scale,VERSION2,Version 2 (1998-2019),2005,,2.908163309,,F,Free (free for publication),2,Two,A,Normal value,0,Units
DATAFLOW,OECD.ELS.JAI:DSD_EPL@DF_EPL(1.0),Strictness of employment protection,I,A,Annual,NLD,Netherlands,EPL_OV,Individual and collective dismissals (regular contracts),0_TO_6,0-6 scale,VERSION2,Version 2 (1998-2019),2005,,3.215419531,,F,Free (free for publication),2,Two,A,Normal value,0,Units
DATAFLOW,OECD.ELS.JAI:DSD_EPL@DF_EPL(1.0),Strictness of employment protection,I,A,Annual,NZL,New Zealand,EPL_OV,Individual and collective dismissals (regular contracts),0_TO_6,0-6 scale,VERSION2,Version 2 (1998-2019),2005,,1.292517066,,F,Free (free for publication),2,Two,A,Normal value,0,Units
DATAFLOW,OECD.ELS.JAI:DSD_EPL@DF_EPL(1.0),Strictness of employment protection,I,A,Annual,NOR,Norway,EPL_OV,Individual and collective dismissals (regular contracts),0_TO_6,0-6 scale,VERSION2,Version 2 (1998-2019),2005,,2.380952358,,F,Free (free for publication),2,Two,A,Normal value,0,Units
DATAFLOW,OECD.ELS.JAI:DSD_EPL@DF_EPL(1.0),Strictness of employment protection,I,A,Annual,POL,Poland,EPL_OV,Individual and collective dismissals (regular contracts),0_TO_6,0-6 scale,VERSION2,Version 2 (1998-2019),2005,,2.482426167,,F,Free (free for publication),2,Two,A,Normal value,0,Units
DATAFLOW,OECD.ELS.JAI:DSD_EPL@DF_EPL(1.0),Strictness of employment protection,I,A,Annual,PRT,Portugal,EPL_OV,Individual and collective dismissals (regular contracts),0_TO_6,0-6 scale,VERSION2,Version 2 (1998-2019),2005,,3.976190329,,F,Free (free for publication),2,Two,A,Normal value,0,Units
DATAFLOW,OECD.ELS.JAI:DSD_EPL@DF_EPL(1.0),Strictness of employment protection,I,A,Annual,SVK,Slovak Republic,EPL_OV,Individual and collective dismissals (regular contracts),0_TO_6,0-6 scale,VERSION2,Version 2 (1998-2019),2005,,3.134920597,,F,Free (free for publication),2,Two,A,Normal value,0,Units
DATAFLOW,OECD.ELS.JAI:DSD_EPL@DF_EPL(1.0),Strictness of employment protection,I,A,Annual,ESP,Spain,EPL_OV,Individual and collective dismissals (regular contracts),0_TO_6,0-6 scale,VERSION2,Version 2 (1998-2019),2005,,2.64724493,,F,Free (free for publication),2,Two,A,Normal value,0,Units
DATAFLOW,OECD.ELS.JAI:DSD_EPL@DF_EPL(1.0),Strictness of employment protection,I,A,Annual,SWE,Sweden,EPL_OV,Individual and collective dismissals (regular contracts),0_TO_6,0-6 scale,VERSION2,Version 2 (1998-2019),2005,,2.604591846,,F,Free (free for publication),2,Two,A,Normal value,0,Units
DATAFLOW,OECD.ELS.JAI:DSD_EPL@DF_EPL(1.0),Strictness of employment protection,I,A,Annual,CHE,Switzerland,EPL_OV,Individual and collective dismissals (regular contracts),0_TO_6,0-6 scale,VERSION2,Version 2 (1998-2019),2005,,2.056122541,,F,Free (free for publication),2,Two,A,Normal value,0,Units
DATAFLOW,OECD.ELS.JAI:DSD_EPL@DF_EPL(1.0),Strictness of employment protection,I,A,Annual,TUR,Türkiye,EPL_OV,Individual and collective dismissals (regular contracts),0_TO_6,0-6 scale,VERSION2,Version 2 (1998-2019),2005,,2.875850439,,F,Free (free for publication),2,Two,A,Normal value,0,Units
DATAFLOW,OECD.ELS.JAI:DSD_EPL@DF_EPL(1.0),Strictness of employment protection,I,A,Annual,GBR,United Kingdom,EPL_OV,Individual and collective dismissals (regular contracts),0_TO_6,0-6 scale,VERSION2,Version 2 (1998-2019),2005,,1.758503318,,F,Free (free for publication),2,Two,A,Normal value,0,Units
DATAFLOW,OECD.ELS.JAI:DSD_EPL@DF_EPL(1.0),Strictness of employment protection,I,A,Annual,USA,United States,EPL_OV,Individual and collective dismissals (regular contracts),0_TO_6,0-6 scale,VERSION2,Version 2 (1998-2019),2005,,0.673095226,,F,Free (free for publication),2,Two,A,Normal value,0,Units
DATAFLOW,OECD.ELS.JAI:DSD_EPL@DF_EPL(1.0),Strictness of employment protection,I,A,Annual,AUS,Australia,EPL_OV,Individual and collective dismissals (regular contracts),0_TO_6,0-6 scale,VERSION2,Version 2 (1998-2019),2006,,1.833333254,,F,Free (free for publication),2,Two,A,Normal value,0,Units
DATAFLOW,OECD.ELS.JAI:DSD_EPL@DF_EPL(1.0),Strictness of employment protection,I,A,Annual,AUT,Austria,EPL_OV,Individual and collective dismissals (regular contracts),0_TO_6,0-6 scale,VERSION2,Version 2 (1998-2019),2006,,2.561224461,,F,Free (free for publication),2,Two,A,Normal value,0,Units
DATAFLOW,OECD.ELS.JAI:DSD_EPL@DF_EPL(1.0),Strictness of employment protection,I,A,Annual,BEL,Belgium,EPL_OV,Individual and collective dismissals (regular contracts),0_TO_6,0-6 scale,VERSION2,Version 2 (1998-2019),2006,,2.597505569,,F,Free (free for publication),2,Two,A,Normal value,0,Units
DATAFLOW,OECD.ELS.JAI:DSD_EPL@DF_EPL(1.0),Strictness of employment protection,I,A,Annual,CAN,Canada,EPL_OV,Individual and collective dismissals (regular contracts),0_TO_6,0-6 scale,VERSION2,Version 2 (1998-2019),2006,,1.314858317,,F,Free (free for publication),2,Two,A,Normal value,0,Units
DATAFLOW,OECD.ELS.JAI:DSD_EPL@DF_EPL(1.0),Strictness of employment protection,I,A,Annual,CZE,Czechia,EPL_OV,Individual and collective dismissals (regular contracts),0_TO_6,0-6 scale,VERSION2,Version 2 (1998-2019),2006,,3.206349134,,F,Free (free for publication),2,Two,A,Normal value,0,Units
DATAFLOW,OECD.ELS.JAI:DSD_EPL@DF_EPL(1.0),Strictness of employment protection,I,A,Annual,DNK,Denmark,EPL_OV,Individual and collective dismissals (regular contracts),0_TO_6,0-6 scale,VERSION2,Version 2 (1998-2019),2006,,1.870181441,,F,Free (free for publication),2,Two,A,Normal value,0,Units
DATAFLOW,OECD.ELS.JAI:DSD_EPL@DF_EPL(1.0),Strictness of employment protection,I,A,Annual,FIN,Finland,EPL_OV,Individual and collective dismissals (regular contracts),0_TO_6,0-6 scale,VERSION2,Version 2 (1998-2019),2006,,2.023809433,,F,Free (free for publication),2,Two,A,Normal value,0,Units
DATAFLOW,OECD.ELS.JAI:DSD_EPL@DF_EPL(1.0),Strictness of employment protection,I,A,Annual,FRA,France,EPL_OV,Individual and collective dismissals (regular contracts),0_TO_6,0-6 scale,VERSION2,Version 2 (1998-2019),2006,,2.826678038,,F,Free (free for publication),2,Two,A,Normal value,0,Units
DATAFLOW,OECD.ELS.JAI:DSD_EPL@DF_EPL(1.0),Strictness of employment protection,I,A,Annual,DEU,Germany,EPL_OV,Individual and collective dismissals (regular contracts),0_TO_6,0-6 scale,VERSION2,Version 2 (1998-2019),2006,,2.889455795,,F,Free (free for publication),2,Two,A,Normal value,0,Units
DATAFLOW,OECD.ELS.JAI:DSD_EPL@DF_EPL(1.0),Strictness of employment protection,I,A,Annual,GRC,Greece,EPL_OV,Individual and collective dismissals (regular contracts),0_TO_6,0-6 scale,VERSION2,Version 2 (1998-2019),2006,,3.060657501,,F,Free (free for publication),2,Two,A,Normal value,0,Units
DATAFLOW,OECD.ELS.JAI:DSD_EPL@DF_EPL(1.0),Strictness of employment protection,I,A,Annual,HUN,Hungary,EPL_OV,Individual and collective dismissals (regular contracts),0_TO_6,0-6 scale,VERSION2,Version 2 (1998-2019),2006,,2.395691633,,F,Free (free for publication),2,Two,A,Normal value,0,Units
DATAFLOW,OECD.ELS.JAI:DSD_EPL@DF_EPL(1.0),Strictness of employment protection,I,A,Annual,IRL,Ireland,EPL_OV,Individual and collective dismissals (regular contracts),0_TO_6,0-6 scale,VERSION2,Version 2 (1998-2019),2006,,1.787981868,,F,Free (free for publication),2,Two,A,Normal value,0,Units
DATAFLOW,OECD.ELS.JAI:DSD_EPL@DF_EPL(1.0),Strictness of employment protection,I,A,Annual,ITA,Italy,EPL_OV,Individual and collective dismissals (regular contracts),0_TO_6,0-6 scale,VERSION2,Version 2 (1998-2019),2006,,3.332766294,,F,Free (free for publication),2,Two,A,Normal value,0,Units
DATAFLOW,OECD.ELS.JAI:DSD_EPL@DF_EPL(1.0),Strictness of employment protection,I,A,Annual,JPN,Japan,EPL_OV,Individual and collective dismissals (regular contracts),0_TO_6,0-6 scale,VERSION2,Version 2 (1998-2019),2006,,2.144557714,,F,Free (free for publication),2,Two,A,Normal value,0,Units
DATAFLOW,OECD.ELS.JAI:DSD_EPL@DF_EPL(1.0),Strictness of employment protection,I,A,Annual,KOR,Korea,EPL_OV,Individual and collective dismissals (regular contracts),0_TO_6,0-6 scale,VERSION2,Version 2 (1998-2019),2006,,2.261904716,,F,Free (free for publication),2,Two,A,Normal value,0,Units
DATAFLOW,OECD.ELS.JAI:DSD_EPL@DF_EPL(1.0),Strictness of employment protection,I,A,Annual,MEX,Mexico,EPL_OV,Individual and collective dismissals (regular contracts),0_TO_6,0-6 scale,VERSION2,Version 2 (1998-2019),2006,,2.908163309,,F,Free (free for publication),2,Two,A,Normal value,0,Units
DATAFLOW,OECD.ELS.JAI:DSD_EPL@DF_EPL(1.0),Strictness of employment protection,I,A,Annual,NLD,Netherlands,EPL_OV,Individual and collective dismissals (regular contracts),0_TO_6,0-6 scale,VERSION2,Version 2 (1998-2019),2006,,3.215419531,,F,Free (free for publication),2,Two,A,Normal value,0,Units
DATAFLOW,OECD.ELS.JAI:DSD_EPL@DF_EPL(1.0),Strictness of employment protection,I,A,Annual,NZL,New Zealand,EPL_OV,Individual and collective dismissals (regular contracts),0_TO_6,0-6 scale,VERSION2,Version 2 (1998-2019),2006,,1.292517066,,F,Free (free for publication),2,Two,A,Normal value,0,Units
DATAFLOW,OECD.ELS.JAI:DSD_EPL@DF_EPL(1.0),Strictness of employment protection,I,A,Annual,NOR,Norway,EPL_OV,Individual and collective dismissals (regular contracts),0_TO_6,0-6 scale,VERSION2,Version 2 (1998-2019),2006,,2.380952358,,F,Free (free for publication),2,Two,A,Normal value,0,Units
DATAFLOW,OECD.ELS.JAI:DSD_EPL@DF_EPL(1.0),Strictness of employment protection,I,A,Annual,POL,Poland,EPL_OV,Individual and collective dismissals (regular contracts),0_TO_6,0-6 scale,VERSION2,Version 2 (1998-2019),2006,,2.482426167,,F,Free (free for publication),2,Two,A,Normal value,0,Units
DATAFLOW,OECD.ELS.JAI:DSD_EPL@DF_EPL(1.0),Strictness of employment protection,I,A,Annual,PRT,Portugal,EPL_OV,Individual and collective dismissals (regular contracts),0_TO_6,0-6 scale,VERSION2,Version 2 (1998-2019),2006,,3.976190329,,F,Free (free for publication),2,Two,A,Normal value,0,Units
DATAFLOW,OECD.ELS.JAI:DSD_EPL@DF_EPL(1.0),Strictness of employment protection,I,A,Annual,SVK,Slovak Republic,EPL_OV,Individual and collective dismissals (regular contracts),0_TO_6,0-6 scale,VERSION2,Version 2 (1998-2019),2006,,3.134920597,,F,Free (free for publication),2,Two,A,Normal value,0,Units
DATAFLOW,OECD.ELS.JAI:DSD_EPL@DF_EPL(1.0),Strictness of employment protection,I,A,Annual,ESP,Spain,EPL_OV,Individual and collective dismissals (regular contracts),0_TO_6,0-6 scale,VERSION2,Version 2 (1998-2019),2006,,2.64724493,,F,Free (free for publication),2,Two,A,Normal value,0,Units
DATAFLOW,OECD.ELS.JAI:DSD_EPL@DF_EPL(1.0),Strictness of employment protection,I,A,Annual,SWE,Sweden,EPL_OV,Individual and collective dismissals (regular contracts),0_TO_6,0-6 scale,VERSION2,Version 2 (1998-2019),2006,,2.604591846,,F,Free (free for publication),2,Two,A,Normal value,0,Units
DATAFLOW,OECD.ELS.JAI:DSD_EPL@DF_EPL(1.0),Strictness of employment protection,I,A,Annual,CHE,Switzerland,EPL_OV,Individual and collective dismissals (regular contracts),0_TO_6,0-6 scale,VERSION2,Version 2 (1998-2019),2006,,2.056122541,,F,Free (free for publication),2,Two,A,Normal value,0,Units
DATAFLOW,OECD.ELS.JAI:DSD_EPL@DF_EPL(1.0),Strictness of employment protection,I,A,Annual,TUR,Türkiye,EPL_OV,Individual and collective dismissals (regular contracts),0_TO_6,0-6 scale,VERSION2,Version 2 (1998-2019),2006,,2.875850439,,F,Free (free for publication),2,Two,A,Normal value,0,Units
DATAFLOW,OECD.ELS.JAI:DSD_EPL@DF_EPL(1.0),Strictness of employment protection,I,A,Annual,GBR,United Kingdom,EPL_OV,Individual and collective dismissals (regular contracts),0_TO_6,0-6 scale,VERSION2,Version 2 (1998-2019),2006,,1.758503318,,F,Free (free for publication),2,Two,A,Normal value,0,Units
DATAFLOW,OECD.ELS.JAI:DSD_EPL@DF_EPL(1.0),Strictness of employment protection,I,A,Annual,USA,United States,EPL_OV,Individual and collective dismissals (regular contracts),0_TO_6,0-6 scale,VERSION2,Version 2 (1998-2019),2006,,0.673095226,,F,Free (free for publication),2,Two,A,Normal value,0,Units
DATAFLOW,OECD.ELS.JAI:DSD_EPL@DF_EPL(1.0),Strictness of employment protection,I,A,Annual,AUS,Australia,EPL_OV,Individual and collective dismissals (regular contracts),0_TO_6,0-6 scale,VERSION2,Version 2 (1998-2019),2007,,1.65476191,,F,Free (free for publication),2,Two,A,Normal value,0,Units
DATAFLOW,OECD.ELS.JAI:DSD_EPL@DF_EPL(1.0),Strictness of employment protection,I,A,Annual,AUT,Austria,EPL_OV,Individual and collective dismissals (regular contracts),0_TO_6,0-6 scale,VERSION2,Version 2 (1998-2019),2007,,2.561224461,,F,Free (free for publication),2,Two,A,Normal value,0,Units
DATAFLOW,OECD.ELS.JAI:DSD_EPL@DF_EPL(1.0),Strictness of employment protection,I,A,Annual,BEL,Belgium,EPL_OV,Individual and collective dismissals (regular contracts),0_TO_6,0-6 scale,VERSION2,Version 2 (1998-2019),2007,,2.597505569,,F,Free (free for publication),2,Two,A,Normal value,0,Units
DATAFLOW,OECD.ELS.JAI:DSD_EPL@DF_EPL(1.0),Strictness of employment protection,I,A,Annual,CAN,Canada,EPL_OV,Individual and collective dismissals (regular contracts),0_TO_6,0-6 scale,VERSION2,Version 2 (1998-2019),2007,,1.314858317,,F,Free (free for publication),2,Two,A,Normal value,0,Units
DATAFLOW,OECD.ELS.JAI:DSD_EPL@DF_EPL(1.0),Strictness of employment protection,I,A,Annual,CZE,Czechia,EPL_OV,Individual and collective dismissals (regular contracts),0_TO_6,0-6 scale,VERSION2,Version 2 (1998-2019),2007,,3.024943352,,F,Free (free for publication),2,Two,A,Normal value,0,Units
DATAFLOW,OECD.ELS.JAI:DSD_EPL@DF_EPL(1.0),Strictness of employment protection,I,A,Annual,DNK,Denmark,EPL_OV,Individual and collective dismissals (regular contracts),0_TO_6,0-6 scale,VERSION2,Version 2 (1998-2019),2007,,1.870181441,,F,Free (free for publication),2,Two,A,Normal value,0,Units
DATAFLOW,OECD.ELS.JAI:DSD_EPL@DF_EPL(1.0),Strictness of employment protection,I,A,Annual,FIN,Finland,EPL_OV,Individual and collective dismissals (regular contracts),0_TO_6,0-6 scale,VERSION2,Version 2 (1998-2019),2007,,2.023809433,,F,Free (free for publication),2,Two,A,Normal value,0,Units
DATAFLOW,OECD.ELS.JAI:DSD_EPL@DF_EPL(1.0),Strictness of employment protection,I,A,Annual,FRA,France,EPL_OV,Individual and collective dismissals (regular contracts),0_TO_6,0-6 scale,VERSION2,Version 2 (1998-2019),2007,,2.826678038,,F,Free (free for publication),2,Two,A,Normal value,0,Units
DATAFLOW,OECD.ELS.JAI:DSD_EPL@DF_EPL(1.0),Strictness of employment protection,I,A,Annual,DEU,Germany,EPL_OV,Individual and collective dismissals (regular contracts),0_TO_6,0-6 scale,VERSION2,Version 2 (1998-2019),2007,,2.889455795,,F,Free (free for publication),2,Two,A,Normal value,0,Units
DATAFLOW,OECD.ELS.JAI:DSD_EPL@DF_EPL(1.0),Strictness of employment protection,I,A,Annual,GRC,Greece,EPL_OV,Individual and collective dismissals (regular contracts),0_TO_6,0-6 scale,VERSION2,Version 2 (1998-2019),2007,,3.060657501,,F,Free (free for publication),2,Two,A,Normal value,0,Units
DATAFLOW,OECD.ELS.JAI:DSD_EPL@DF_EPL(1.0),Strictness of employment protection,I,A,Annual,HUN,Hungary,EPL_OV,Individual and collective dismissals (regular contracts),0_TO_6,0-6 scale,VERSION2,Version 2 (1998-2019),2007,,2.395691633,,F,Free (free for publication),2,Two,A,Normal value,0,Units
DATAFLOW,OECD.ELS.JAI:DSD_EPL@DF_EPL(1.0),Strictness of employment protection,I,A,Annual,IRL,Ireland,EPL_OV,Individual and collective dismissals (regular contracts),0_TO_6,0-6 scale,VERSION2,Version 2 (1998-2019),2007,,1.787981868,,F,Free (free for publication),2,Two,A,Normal value,0,Units
DATAFLOW,OECD.ELS.JAI:DSD_EPL@DF_EPL(1.0),Strictness of employment protection,I,A,Annual,ITA,Italy,EPL_OV,Individual and collective dismissals (regular contracts),0_TO_6,0-6 scale,VERSION2,Version 2 (1998-2019),2007,,3.332766294,,F,Free (free for publication),2,Two,A,Normal value,0,Units
DATAFLOW,OECD.ELS.JAI:DSD_EPL@DF_EPL(1.0),Strictness of employment protection,I,A,Annual,JPN,Japan,EPL_OV,Individual and collective dismissals (regular contracts),0_TO_6,0-6 scale,VERSION2,Version 2 (1998-2019),2007,,1.90646255,,F,Free (free for publication),2,Two,A,Normal value,0,Units
DATAFLOW,OECD.ELS.JAI:DSD_EPL@DF_EPL(1.0),Strictness of employment protection,I,A,Annual,KOR,Korea,EPL_OV,Individual and collective dismissals (regular contracts),0_TO_6,0-6 scale,VERSION2,Version 2 (1998-2019),2007,,2.261904716,,F,Free (free for publication),2,Two,A,Normal value,0,Units
DATAFLOW,OECD.ELS.JAI:DSD_EPL@DF_EPL(1.0),Strictness of employment protection,I,A,Annual,MEX,Mexico,EPL_OV,Individual and collective dismissals (regular contracts),0_TO_6,0-6 scale,VERSION2,Version 2 (1998-2019),2007,,2.908163309,,F,Free (free for publication),2,Two,A,Normal value,0,Units
DATAFLOW,OECD.ELS.JAI:DSD_EPL@DF_EPL(1.0),Strictness of employment protection,I,A,Annual,NLD,Netherlands,EPL_OV,Individual and collective dismissals (regular contracts),0_TO_6,0-6 scale,VERSION2,Version 2 (1998-2019),2007,,3.215419531,,F,Free (free for publication),2,Two,A,Normal value,0,Units
DATAFLOW,OECD.ELS.JAI:DSD_EPL@DF_EPL(1.0),Strictness of employment protection,I,A,Annual,NZL,New Zealand,EPL_OV,Individual and collective dismissals (regular contracts),0_TO_6,0-6 scale,VERSION2,Version 2 (1998-2019),2007,,1.292517066,,F,Free (free for publication),2,Two,A,Normal value,0,Units
DATAFLOW,OECD.ELS.JAI:DSD_EPL@DF_EPL(1.0),Strictness of employment protection,I,A,Annual,NOR,Norway,EPL_OV,Individual and collective dismissals (regular contracts),0_TO_6,0-6 scale,VERSION2,Version 2 (1998-2019),2007,,2.380952358,,F,Free (free for publication),2,Two,A,Normal value,0,Units
DATAFLOW,OECD.ELS.JAI:DSD_EPL@DF_EPL(1.0),Strictness of employment protection,I,A,Annual,POL,Poland,EPL_OV,Individual and collective dismissals (regular contracts),0_TO_6,0-6 scale,VERSION2,Version 2 (1998-2019),2007,,2.482426167,,F,Free (free for publication),2,Two,A,Normal value,0,Units
DATAFLOW,OECD.ELS.JAI:DSD_EPL@DF_EPL(1.0),Strictness of employment protection,I,A,Annual,PRT,Portugal,EPL_OV,Individual and collective dismissals (regular contracts),0_TO_6,0-6 scale,VERSION2,Version 2 (1998-2019),2007,,3.976190329,,F,Free (free for publication),2,Two,A,Normal value,0,Units
DATAFLOW,OECD.ELS.JAI:DSD_EPL@DF_EPL(1.0),Strictness of employment protection,I,A,Annual,SVK,Slovak Republic,EPL_OV,Individual and collective dismissals (regular contracts),0_TO_6,0-6 scale,VERSION2,Version 2 (1998-2019),2007,,3.134920597,,F,Free (free for publication),2,Two,A,Normal value,0,Units
DATAFLOW,OECD.ELS.JAI:DSD_EPL@DF_EPL(1.0),Strictness of employment protection,I,A,Annual,ESP,Spain,EPL_OV,Individual and collective dismissals (regular contracts),0_TO_6,0-6 scale,VERSION2,Version 2 (1998-2019),2007,,2.64724493,,F,Free (free for publication),2,Two,A,Normal value,0,Units
DATAFLOW,OECD.ELS.JAI:DSD_EPL@DF_EPL(1.0),Strictness of employment protection,I,A,Annual,SWE,Sweden,EPL_OV,Individual and collective dismissals (regular contracts),0_TO_6,0-6 scale,VERSION2,Version 2 (1998-2019),2007,,2.604591846,,F,Free (free for publication),2,Two,A,Normal value,0,Units
DATAFLOW,OECD.ELS.JAI:DSD_EPL@DF_EPL(1.0),Strictness of employment protection,I,A,Annual,CHE,Switzerland,EPL_OV,Individual and collective dismissals (regular contracts),0_TO_6,0-6 scale,VERSION2,Version 2 (1998-2019),2007,,2.056122541,,F,Free (free for publication),2,Two,A,Normal value,0,Units
DATAFLOW,OECD.ELS.JAI:DSD_EPL@DF_EPL(1.0),Strictness of employment protection,I,A,Annual,TUR,Türkiye,EPL_OV,Individual and collective dismissals (regular contracts),0_TO_6,0-6 scale,VERSION2,Version 2 (1998-2019),2007,,2.875850439,,F,Free (free for publication),2,Two,A,Normal value,0,Units
DATAFLOW,OECD.ELS.JAI:DSD_EPL@DF_EPL(1.0),Strictness of employment protection,I,A,Annual,GBR,United Kingdom,EPL_OV,Individual and collective dismissals (regular contracts),0_TO_6,0-6 scale,VERSION2,Version 2 (1998-2019),2007,,1.758503318,,F,Free (free for publication),2,Two,A,Normal value,0,Units
DATAFLOW,OECD.ELS.JAI:DSD_EPL@DF_EPL(1.0),Strictness of employment protection,I,A,Annual,USA,United States,EPL_OV,Individual and collective dismissals (regular contracts),0_TO_6,0-6 scale,VERSION2,Version 2 (1998-2019),2007,,0.673095226,,F,Free (free for publication),2,Two,A,Normal value,0,Units
DATAFLOW,OECD.ELS.JAI:DSD_EPL@DF_EPL(1.0),Strictness of employment protection,I,A,Annual,AUS,Australia,EPL_OV,Individual and collective dismissals (regular contracts),0_TO_6,0-6 scale,VERSION2,Version 2 (1998-2019),2008,,1.65476191,,F,Free (free for publication),2,Two,A,Normal value,0,Units
DATAFLOW,OECD.ELS.JAI:DSD_EPL@DF_EPL(1.0),Strictness of employment protection,I,A,Annual,AUT,Austria,EPL_OV,Individual and collective dismissals (regular contracts),0_TO_6,0-6 scale,VERSION2,Version 2 (1998-2019),2008,,2.561224461,,F,Free (free for publication),2,Two,A,Normal value,0,Units
DATAFLOW,OECD.ELS.JAI:DSD_EPL@DF_EPL(1.0),Strictness of employment protection,I,A,Annual,BEL,Belgium,EPL_OV,Individual and collective dismissals (regular contracts),0_TO_6,0-6 scale,VERSION2,Version 2 (1998-2019),2008,,2.597505569,,F,Free (free for publication),2,Two,A,Normal value,0,Units
DATAFLOW,OECD.ELS.JAI:DSD_EPL@DF_EPL(1.0),Strictness of employment protection,I,A,Annual,CAN,Canada,EPL_OV,Individual and collective dismissals (regular contracts),0_TO_6,0-6 scale,VERSION2,Version 2 (1998-2019),2008,,1.314858317,,F,Free (free for publication),2,Two,A,Normal value,0,Units
DATAFLOW,OECD.ELS.JAI:DSD_EPL@DF_EPL(1.0),Strictness of employment protection,I,A,Annual,CHL,Chile,EPL_OV,Individual and collective dismissals (regular contracts),0_TO_6,0-6 scale,VERSION2,Version 2 (1998-2019),2008,,1.910430908,,F,Free (free for publication),2,Two,A,Normal value,0,Units
DATAFLOW,OECD.ELS.JAI:DSD_EPL@DF_EPL(1.0),Strictness of employment protection,I,A,Annual,CZE,Czechia,EPL_OV,Individual and collective dismissals (regular contracts),0_TO_6,0-6 scale,VERSION2,Version 2 (1998-2019),2008,,3.024943352,,F,Free (free for publication),2,Two,A,Normal value,0,Units
DATAFLOW,OECD.ELS.JAI:DSD_EPL@DF_EPL(1.0),Strictness of employment protection,I,A,Annual,DNK,Denmark,EPL_OV,Individual and collective dismissals (regular contracts),0_TO_6,0-6 scale,VERSION2,Version 2 (1998-2019),2008,,1.870181441,,F,Free (free for publication),2,Two,A,Normal value,0,Units
DATAFLOW,OECD.ELS.JAI:DSD_EPL@DF_EPL(1.0),Strictness of employment protection,I,A,Annual,EST,Estonia,EPL_OV,Individual and collective dismissals (regular contracts),0_TO_6,0-6 scale,VERSION2,Version 2 (1998-2019),2008,,2.458616734,,F,Free (free for publication),2,Two,A,Normal value,0,Units
DATAFLOW,OECD.ELS.JAI:DSD_EPL@DF_EPL(1.0),Strictness of employment protection,I,A,Annual,FIN,Finland,EPL_OV,Individual and collective dismissals (regular contracts),0_TO_6,0-6 scale,VERSION2,Version 2 (1998-2019),2008,,1.952380896,,F,Free (free for publication),2,Two,A,Normal value,0,Units
DATAFLOW,OECD.ELS.JAI:DSD_EPL@DF_EPL(1.0),Strictness of employment protection,I,A,Annual,FRA,France,EPL_OV,Individual and collective dismissals (regular contracts),0_TO_6,0-6 scale,VERSION2,Version 2 (1998-2019),2008,,2.735975027,,F,Free (free for publication),2,Two,A,Normal value,0,Units
DATAFLOW,OECD.ELS.JAI:DSD_EPL@DF_EPL(1.0),Strictness of employment protection,I,A,Annual,DEU,Germany,EPL_OV,Individual and collective dismissals (regular contracts),0_TO_6,0-6 scale,VERSION2,Version 2 (1998-2019),2008,,2.889455795,,F,Free (free for publication),2,Two,A,Normal value,0,Units
DATAFLOW,OECD.ELS.JAI:DSD_EPL@DF_EPL(1.0),Strictness of employment protection,I,A,Annual,GRC,Greece,EPL_OV,Individual and collective dismissals (regular contracts),0_TO_6,0-6 scale,VERSION2,Version 2 (1998-2019),2008,,3.060657501,,F,Free (free for publication),2,Two,A,Normal value,0,Units
DATAFLOW,OECD.ELS.JAI:DSD_EPL@DF_EPL(1.0),Strictness of employment protection,I,A,Annual,HUN,Hungary,EPL_OV,Individual and collective dismissals (regular contracts),0_TO_6,0-6 scale,VERSION2,Version 2 (1998-2019),2008,,2.395691633,,F,Free (free for publication),2,Two,A,Normal value,0,Units
DATAFLOW,OECD.ELS.JAI:DSD_EPL@DF_EPL(1.0),Strictness of employment protection,I,A,Annual,IRL,Ireland,EPL_OV,Individual and collective dismissals (regular contracts),0_TO_6,0-6 scale,VERSION2,Version 2 (1998-2019),2008,,1.787981868,,F,Free (free for publication),2,Two,A,Normal value,0,Units
DATAFLOW,OECD.ELS.JAI:DSD_EPL@DF_EPL(1.0),Strictness of employment protection,I,A,Annual,ISR,Israel,EPL_OV,Individual and collective dismissals (regular contracts),0_TO_6,0-6 scale,VERSION2,Version 2 (1998-2019),2008,,2.227891207,,F,Free (free for publication),2,Two,A,Normal value,0,Units
DATAFLOW,OECD.ELS.JAI:DSD_EPL@DF_EPL(1.0),Strictness of employment protection,I,A,Annual,ITA,Italy,EPL_OV,Individual and collective dismissals (regular contracts),0_TO_6,0-6 scale,VERSION2,Version 2 (1998-2019),2008,,3.332766294,,F,Free (free for publication),2,Two,A,Normal value,0,Units
DATAFLOW,OECD.ELS.JAI:DSD_EPL@DF_EPL(1.0),Strictness of employment protection,I,A,Annual,JPN,Japan,EPL_OV,Individual and collective dismissals (regular contracts),0_TO_6,0-6 scale,VERSION2,Version 2 (1998-2019),2008,,1.90646255,,F,Free (free for publication),2,Two,A,Normal value,0,Units
DATAFLOW,OECD.ELS.JAI:DSD_EPL@DF_EPL(1.0),Strictness of employment protection,I,A,Annual,KOR,Korea,EPL_OV,Individual and collective dismissals (regular contracts),0_TO_6,0-6 scale,VERSION2,Version 2 (1998-2019),2008,,2.261904716,,F,Free (free for publication),2,Two,A,Normal value,0,Units
DATAFLOW,OECD.ELS.JAI:DSD_EPL@DF_EPL(1.0),Strictness of employment protection,I,A,Annual,LUX,Luxembourg,EPL_OV,Individual and collective dismissals (regular contracts),0_TO_6,0-6 scale,VERSION2,Version 2 (1998-2019),2008,,2.632879972,,F,Free (free for publication),2,Two,A,Normal value,0,Units
DATAFLOW,OECD.ELS.JAI:DSD_EPL@DF_EPL(1.0),Strictness of employment protection,I,A,Annual,MEX,Mexico,EPL_OV,Individual and collective dismissals (regular contracts),0_TO_6,0-6 scale,VERSION2,Version 2 (1998-2019),2008,,2.908163309,,F,Free (free for publication),2,Two,A,Normal value,0,Units
DATAFLOW,OECD.ELS.JAI:DSD_EPL@DF_EPL(1.0),Strictness of employment protection,I,A,Annual,NLD,Netherlands,EPL_OV,Individual and collective dismissals (regular contracts),0_TO_6,0-6 scale,VERSION2,Version 2 (1998-2019),2008,,3.215419531,,F,Free (free for publication),2,Two,A,Normal value,0,Units
DATAFLOW,OECD.ELS.JAI:DSD_EPL@DF_EPL(1.0),Strictness of employment protection,I,A,Annual,NZL,New Zealand,EPL_OV,Individual and collective dismissals (regular contracts),0_TO_6,0-6 scale,VERSION2,Version 2 (1998-2019),2008,,1.292517066,,F,Free (free for publication),2,Two,A,Normal value,0,Units
DATAFLOW,OECD.ELS.JAI:DSD_EPL@DF_EPL(1.0),Strictness of employment protection,I,A,Annual,NOR,Norway,EPL_OV,Individual and collective dismissals (regular contracts),0_TO_6,0-6 scale,VERSION2,Version 2 (1998-2019),2008,,2.380952358,,F,Free (free for publication),2,Two,A,Normal value,0,Units
DATAFLOW,OECD.ELS.JAI:DSD_EPL@DF_EPL(1.0),Strictness of employment protection,I,A,Annual,POL,Poland,EPL_OV,Individual and collective dismissals (regular contracts),0_TO_6,0-6 scale,VERSION2,Version 2 (1998-2019),2008,,2.482426167,,F,Free (free for publication),2,Two,A,Normal value,0,Units
DATAFLOW,OECD.ELS.JAI:DSD_EPL@DF_EPL(1.0),Strictness of employment protection,I,A,Annual,PRT,Portugal,EPL_OV,Individual and collective dismissals (regular contracts),0_TO_6,0-6 scale,VERSION2,Version 2 (1998-2019),2008,,3.690476179,,F,Free (free for publication),2,Two,A,Normal value,0,Units
DATAFLOW,OECD.ELS.JAI:DSD_EPL@DF_EPL(1.0),Strictness of employment protection,I,A,Annual,SVK,Slovak Republic,EPL_OV,Individual and collective dismissals (regular contracts),0_TO_6,0-6 scale,VERSION2,Version 2 (1998-2019),2008,,3.134920597,,F,Free (free for publication),2,Two,A,Normal value,0,Units
DATAFLOW,OECD.ELS.JAI:DSD_EPL@DF_EPL(1.0),Strictness of employment protection,I,A,Annual,SVN,Slovenia,EPL_OV,Individual and collective dismissals (regular contracts),0_TO_6,0-6 scale,VERSION2,Version 2 (1998-2019),2008,,2.929138184,,F,Free (free for publication),2,Two,A,Normal value,0,Units
DATAFLOW,OECD.ELS.JAI:DSD_EPL@DF_EPL(1.0),Strictness of employment protection,I,A,Annual,ESP,Spain,EPL_OV,Individual and collective dismissals (regular contracts),0_TO_6,0-6 scale,VERSION2,Version 2 (1998-2019),2008,,2.64724493,,F,Free (free for publication),2,Two,A,Normal value,0,Units
DATAFLOW,OECD.ELS.JAI:DSD_EPL@DF_EPL(1.0),Strictness of employment protection,I,A,Annual,SWE,Sweden,EPL_OV,Individual and collective dismissals (regular contracts),0_TO_6,0-6 scale,VERSION2,Version 2 (1998-2019),2008,,2.604591846,,F,Free (free for publication),2,Two,A,Normal value,0,Units
DATAFLOW,OECD.ELS.JAI:DSD_EPL@DF_EPL(1.0),Strictness of employment protection,I,A,Annual,CHE,Switzerland,EPL_OV,Individual and collective dismissals (regular contracts),0_TO_6,0-6 scale,VERSION2,Version 2 (1998-2019),2008,,2.056122541,,F,Free (free for publication),2,Two,A,Normal value,0,Units
DATAFLOW,OECD.ELS.JAI:DSD_EPL@DF_EPL(1.0),Strictness of employment protection,I,A,Annual,TUR,Türkiye,EPL_OV,Individual and collective dismissals (regular contracts),0_TO_6,0-6 scale,VERSION2,Version 2 (1998-2019),2008,,2.875850439,,F,Free (free for publication),2,Two,A,Normal value,0,Units
DATAFLOW,OECD.ELS.JAI:DSD_EPL@DF_EPL(1.0),Strictness of employment protection,I,A,Annual,GBR,United Kingdom,EPL_OV,Individual and collective dismissals (regular contracts),0_TO_6,0-6 scale,VERSION2,Version 2 (1998-2019),2008,,1.758503318,,F,Free (free for publication),2,Two,A,Normal value,0,Units
DATAFLOW,OECD.ELS.JAI:DSD_EPL@DF_EPL(1.0),Strictness of employment protection,I,A,Annual,USA,United States,EPL_OV,Individual and collective dismissals (regular contracts),0_TO_6,0-6 scale,VERSION2,Version 2 (1998-2019),2008,,0.673095226,,F,Free (free for publication),2,Two,A,Normal value,0,Units
DATAFLOW,OECD.ELS.JAI:DSD_EPL@DF_EPL(1.0),Strictness of employment protection,I,A,Annual,BRA,Brazil,EPL_OV,Individual and collective dismissals (regular contracts),0_TO_6,0-6 scale,VERSION2,Version 2 (1998-2019),2008,,1.023242593,,F,Free (free for publication),2,Two,A,Normal value,0,Units
DATAFLOW,OECD.ELS.JAI:DSD_EPL@DF_EPL(1.0),Strictness of employment protection,I,A,Annual,CHN,China (People’s Republic of),EPL_OV,Individual and collective dismissals (regular contracts),0_TO_6,0-6 scale,VERSION2,Version 2 (1998-2019),2008,,2.969954729,,F,Free (free for publication),2,Two,A,Normal value,0,Units
DATAFLOW,OECD.ELS.JAI:DSD_EPL@DF_EPL(1.0),Strictness of employment protection,I,A,Annual,IND,India,EPL_OV,Individual and collective dismissals (regular contracts),0_TO_6,0-6 scale,VERSION2,Version 2 (1998-2019),2008,,2.47193861,,F,Free (free for publication),2,Two,A,Normal value,0,Units
DATAFLOW,OECD.ELS.JAI:DSD_EPL@DF_EPL(1.0),Strictness of employment protection,I,A,Annual,IDN,Indonesia,EPL_OV,Individual and collective dismissals (regular contracts),0_TO_6,0-6 scale,VERSION2,Version 2 (1998-2019),2008,,2.910997868,,F,Free (free for publication),2,Two,A,Normal value,0,Units
DATAFLOW,OECD.ELS.JAI:DSD_EPL@DF_EPL(1.0),Strictness of employment protection,I,A,Annual,RUS,Russia,EPL_OV,Individual and collective dismissals (regular contracts),0_TO_6,0-6 scale,VERSION2,Version 2 (1998-2019),2008,,2.616780043,,F,Free (free for publication),2,Two,A,Normal value,0,Units
DATAFLOW,OECD.ELS.JAI:DSD_EPL@DF_EPL(1.0),Strictness of employment protection,I,A,Annual,SAU,Saudi Arabia,EPL_OV,Individual and collective dismissals (regular contracts),0_TO_6,0-6 scale,VERSION2,Version 2 (1998-2019),2008,,0.980725646,,F,Free (free for publication),2,Two,A,Normal value,0,Units
DATAFLOW,OECD.ELS.JAI:DSD_EPL@DF_EPL(1.0),Strictness of employment protection,I,A,Annual,ZAF,South Africa,EPL_OV,Individual and collective dismissals (regular contracts),0_TO_6,0-6 scale,VERSION2,Version 2 (1998-2019),2008,,2.077664375,,F,Free (free for publication),2,Two,A,Normal value,0,Units
DATAFLOW,OECD.ELS.JAI:DSD_EPL@DF_EPL(1.0),Strictness of employment protection,I,A,Annual,AUS,Australia,EPL_OV,Individual and collective dismissals (regular contracts),0_TO_6,0-6 scale,VERSION2,Version 2 (1998-2019),2009,,1.65476191,,F,Free (free for publication),2,Two,A,Normal value,0,Units
DATAFLOW,OECD.ELS.JAI:DSD_EPL@DF_EPL(1.0),Strictness of employment protection,I,A,Annual,AUT,Austria,EPL_OV,Individual and collective dismissals (regular contracts),0_TO_6,0-6 scale,VERSION2,Version 2 (1998-2019),2009,,2.561224461,,F,Free (free for publication),2,Two,A,Normal value,0,Units
DATAFLOW,OECD.ELS.JAI:DSD_EPL@DF_EPL(1.0),Strictness of employment protection,I,A,Annual,BEL,Belgium,EPL_OV,Individual and collective dismissals (regular contracts),0_TO_6,0-6 scale,VERSION2,Version 2 (1998-2019),2009,,2.597505569,,F,Free (free for publication),2,Two,A,Normal value,0,Units
DATAFLOW,OECD.ELS.JAI:DSD_EPL@DF_EPL(1.0),Strictness of employment protection,I,A,Annual,CAN,Canada,EPL_OV,Individual and collective dismissals (regular contracts),0_TO_6,0-6 scale,VERSION2,Version 2 (1998-2019),2009,,1.314858317,,F,Free (free for publication),2,Two,A,Normal value,0,Units
DATAFLOW,OECD.ELS.JAI:DSD_EPL@DF_EPL(1.0),Strictness of employment protection,I,A,Annual,CHL,Chile,EPL_OV,Individual and collective dismissals (regular contracts),0_TO_6,0-6 scale,VERSION2,Version 2 (1998-2019),2009,,1.910430908,,F,Free (free for publication),2,Two,A,Normal value,0,Units
DATAFLOW,OECD.ELS.JAI:DSD_EPL@DF_EPL(1.0),Strictness of employment protection,I,A,Annual,CZE,Czechia,EPL_OV,Individual and collective dismissals (regular contracts),0_TO_6,0-6 scale,VERSION2,Version 2 (1998-2019),2009,,3.024943352,,F,Free (free for publication),2,Two,A,Normal value,0,Units
DATAFLOW,OECD.ELS.JAI:DSD_EPL@DF_EPL(1.0),Strictness of employment protection,I,A,Annual,DNK,Denmark,EPL_OV,Individual and collective dismissals (regular contracts),0_TO_6,0-6 scale,VERSION2,Version 2 (1998-2019),2009,,1.870181441,,F,Free (free for publication),2,Two,A,Normal value,0,Units
DATAFLOW,OECD.ELS.JAI:DSD_EPL@DF_EPL(1.0),Strictness of employment protection,I,A,Annual,EST,Estonia,EPL_OV,Individual and collective dismissals (regular contracts),0_TO_6,0-6 scale,VERSION2,Version 2 (1998-2019),2009,,2.458616734,,F,Free (free for publication),2,Two,A,Normal value,0,Units
DATAFLOW,OECD.ELS.JAI:DSD_EPL@DF_EPL(1.0),Strictness of employment protection,I,A,Annual,FIN,Finland,EPL_OV,Individual and collective dismissals (regular contracts),0_TO_6,0-6 scale,VERSION2,Version 2 (1998-2019),2009,,1.952380896,,F,Free (free for publication),2,Two,A,Normal value,0,Units
DATAFLOW,OECD.ELS.JAI:DSD_EPL@DF_EPL(1.0),Strictness of employment protection,I,A,Annual,FRA,France,EPL_OV,Individual and collective dismissals (regular contracts),0_TO_6,0-6 scale,VERSION2,Version 2 (1998-2019),2009,,2.676451206,,F,Free (free for publication),2,Two,A,Normal value,0,Units
DATAFLOW,OECD.ELS.JAI:DSD_EPL@DF_EPL(1.0),Strictness of employment protection,I,A,Annual,DEU,Germany,EPL_OV,Individual and collective dismissals (regular contracts),0_TO_6,0-6 scale,VERSION2,Version 2 (1998-2019),2009,,2.889455795,,F,Free (free for publication),2,Two,A,Normal value,0,Units
DATAFLOW,OECD.ELS.JAI:DSD_EPL@DF_EPL(1.0),Strictness of employment protection,I,A,Annual,GRC,Greece,EPL_OV,Individual and collective dismissals (regular contracts),0_TO_6,0-6 scale,VERSION2,Version 2 (1998-2019),2009,,3.060657501,,F,Free (free for publication),2,Two,A,Normal value,0,Units
DATAFLOW,OECD.ELS.JAI:DSD_EPL@DF_EPL(1.0),Strictness of employment protection,I,A,Annual,HUN,Hungary,EPL_OV,Individual and collective dismissals (regular contracts),0_TO_6,0-6 scale,VERSION2,Version 2 (1998-2019),2009,,2.395691633,,F,Free (free for publication),2,Two,A,Normal value,0,Units
DATAFLOW,OECD.ELS.JAI:DSD_EPL@DF_EPL(1.0),Strictness of employment protection,I,A,Annual,IRL,Ireland,EPL_OV,Individual and collective dismissals (regular contracts),0_TO_6,0-6 scale,VERSION2,Version 2 (1998-2019),2009,,1.787981868,,F,Free (free for publication),2,Two,A,Normal value,0,Units
DATAFLOW,OECD.ELS.JAI:DSD_EPL@DF_EPL(1.0),Strictness of employment protection,I,A,Annual,ISR,Israel,EPL_OV,Individual and collective dismissals (regular contracts),0_TO_6,0-6 scale,VERSION2,Version 2 (1998-2019),2009,,2.227891207,,F,Free (free for publication),2,Two,A,Normal value,0,Units
DATAFLOW,OECD.ELS.JAI:DSD_EPL@DF_EPL(1.0),Strictness of employment protection,I,A,Annual,ITA,Italy,EPL_OV,Individual and collective dismissals (regular contracts),0_TO_6,0-6 scale,VERSION2,Version 2 (1998-2019),2009,,3.332766294,,F,Free (free for publication),2,Two,A,Normal value,0,Units
DATAFLOW,OECD.ELS.JAI:DSD_EPL@DF_EPL(1.0),Strictness of employment protection,I,A,Annual,JPN,Japan,EPL_OV,Individual and collective dismissals (regular contracts),0_TO_6,0-6 scale,VERSION2,Version 2 (1998-2019),2009,,1.90646255,,F,Free (free for publication),2,Two,A,Normal value,0,Units
DATAFLOW,OECD.ELS.JAI:DSD_EPL@DF_EPL(1.0),Strictness of employment protection,I,A,Annual,KOR,Korea,EPL_OV,Individual and collective dismissals (regular contracts),0_TO_6,0-6 scale,VERSION2,Version 2 (1998-2019),2009,,2.261904716,,F,Free (free for publication),2,Two,A,Normal value,0,Units
DATAFLOW,OECD.ELS.JAI:DSD_EPL@DF_EPL(1.0),Strictness of employment protection,I,A,Annual,LUX,Luxembourg,EPL_OV,Individual and collective dismissals (regular contracts),0_TO_6,0-6 scale,VERSION2,Version 2 (1998-2019),2009,,2.632879972,,F,Free (free for publication),2,Two,A,Normal value,0,Units
DATAFLOW,OECD.ELS.JAI:DSD_EPL@DF_EPL(1.0),Strictness of employment protection,I,A,Annual,MEX,Mexico,EPL_OV,Individual and collective dismissals (regular contracts),0_TO_6,0-6 scale,VERSION2,Version 2 (1998-2019),2009,,2.908163309,,F,Free (free for publication),2,Two,A,Normal value,0,Units
DATAFLOW,OECD.ELS.JAI:DSD_EPL@DF_EPL(1.0),Strictness of employment protection,I,A,Annual,NLD,Netherlands,EPL_OV,Individual and collective dismissals (regular contracts),0_TO_6,0-6 scale,VERSION2,Version 2 (1998-2019),2009,,3.170068026,,F,Free (free for publication),2,Two,A,Normal value,0,Units
DATAFLOW,OECD.ELS.JAI:DSD_EPL@DF_EPL(1.0),Strictness of employment protection,I,A,Annual,NZL,New Zealand,EPL_OV,Individual and collective dismissals (regular contracts),0_TO_6,0-6 scale,VERSION2,Version 2 (1998-2019),2009,,1.292517066,,F,Free (free for publication),2,Two,A,Normal value,0,Units
DATAFLOW,OECD.ELS.JAI:DSD_EPL@DF_EPL(1.0),Strictness of employment protection,I,A,Annual,NOR,Norway,EPL_OV,Individual and collective dismissals (regular contracts),0_TO_6,0-6 scale,VERSION2,Version 2 (1998-2019),2009,,2.380952358,,F,Free (free for publication),2,Two,A,Normal value,0,Units
DATAFLOW,OECD.ELS.JAI:DSD_EPL@DF_EPL(1.0),Strictness of employment protection,I,A,Annual,POL,Poland,EPL_OV,Individual and collective dismissals (regular contracts),0_TO_6,0-6 scale,VERSION2,Version 2 (1998-2019),2009,,2.482426167,,F,Free (free for publication),2,Two,A,Normal value,0,Units
DATAFLOW,OECD.ELS.JAI:DSD_EPL@DF_EPL(1.0),Strictness of employment protection,I,A,Annual,PRT,Portugal,EPL_OV,Individual and collective dismissals (regular contracts),0_TO_6,0-6 scale,VERSION2,Version 2 (1998-2019),2009,,3.690476179,,F,Free (free for publication),2,Two,A,Normal value,0,Units
DATAFLOW,OECD.ELS.JAI:DSD_EPL@DF_EPL(1.0),Strictness of employment protection,I,A,Annual,SVK,Slovak Republic,EPL_OV,Individual and collective dismissals (regular contracts),0_TO_6,0-6 scale,VERSION2,Version 2 (1998-2019),2009,,3.134920597,,F,Free (free for publication),2,Two,A,Normal value,0,Units
DATAFLOW,OECD.ELS.JAI:DSD_EPL@DF_EPL(1.0),Strictness of employment protection,I,A,Annual,SVN,Slovenia,EPL_OV,Individual and collective dismissals (regular contracts),0_TO_6,0-6 scale,VERSION2,Version 2 (1998-2019),2009,,2.929138184,,F,Free (free for publication),2,Two,A,Normal value,0,Units
DATAFLOW,OECD.ELS.JAI:DSD_EPL@DF_EPL(1.0),Strictness of employment protection,I,A,Annual,ESP,Spain,EPL_OV,Individual and collective dismissals (regular contracts),0_TO_6,0-6 scale,VERSION2,Version 2 (1998-2019),2009,,2.64724493,,F,Free (free for publication),2,Two,A,Normal value,0,Units
DATAFLOW,OECD.ELS.JAI:DSD_EPL@DF_EPL(1.0),Strictness of employment protection,I,A,Annual,SWE,Sweden,EPL_OV,Individual and collective dismissals (regular contracts),0_TO_6,0-6 scale,VERSION2,Version 2 (1998-2019),2009,,2.604591846,,F,Free (free for publication),2,Two,A,Normal value,0,Units
DATAFLOW,OECD.ELS.JAI:DSD_EPL@DF_EPL(1.0),Strictness of employment protection,I,A,Annual,CHE,Switzerland,EPL_OV,Individual and collective dismissals (regular contracts),0_TO_6,0-6 scale,VERSION2,Version 2 (1998-2019),2009,,2.056122541,,F,Free (free for publication),2,Two,A,Normal value,0,Units
DATAFLOW,OECD.ELS.JAI:DSD_EPL@DF_EPL(1.0),Strictness of employment protection,I,A,Annual,TUR,Türkiye,EPL_OV,Individual and collective dismissals (regular contracts),0_TO_6,0-6 scale,VERSION2,Version 2 (1998-2019),2009,,2.875850439,,F,Free (free for publication),2,Two,A,Normal value,0,Units
DATAFLOW,OECD.ELS.JAI:DSD_EPL@DF_EPL(1.0),Strictness of employment protection,I,A,Annual,GBR,United Kingdom,EPL_OV,Individual and collective dismissals (regular contracts),0_TO_6,0-6 scale,VERSION2,Version 2 (1998-2019),2009,,1.758503318,,F,Free (free for publication),2,Two,A,Normal value,0,Units
DATAFLOW,OECD.ELS.JAI:DSD_EPL@DF_EPL(1.0),Strictness of employment protection,I,A,Annual,USA,United States,EPL_OV,Individual and collective dismissals (regular contracts),0_TO_6,0-6 scale,VERSION2,Version 2 (1998-2019),2009,,0.673095226,,F,Free (free for publication),2,Two,A,Normal value,0,Units
DATAFLOW,OECD.ELS.JAI:DSD_EPL@DF_EPL(1.0),Strictness of employment protection,I,A,Annual,BRA,Brazil,EPL_OV,Individual and collective dismissals (regular contracts),0_TO_6,0-6 scale,VERSION2,Version 2 (1998-2019),2009,,1.023242593,,F,Free (free for publication),2,Two,A,Normal value,0,Units
DATAFLOW,OECD.ELS.JAI:DSD_EPL@DF_EPL(1.0),Strictness of employment protection,I,A,Annual,CHN,China (People’s Republic of),EPL_OV,Individual and collective dismissals (regular contracts),0_TO_6,0-6 scale,VERSION2,Version 2 (1998-2019),2009,,2.969954729,,F,Free (free for publication),2,Two,A,Normal value,0,Units
DATAFLOW,OECD.ELS.JAI:DSD_EPL@DF_EPL(1.0),Strictness of employment protection,I,A,Annual,IND,India,EPL_OV,Individual and collective dismissals (regular contracts),0_TO_6,0-6 scale,VERSION2,Version 2 (1998-2019),2009,,2.47193861,,F,Free (free for publication),2,Two,A,Normal value,0,Units
DATAFLOW,OECD.ELS.JAI:DSD_EPL@DF_EPL(1.0),Strictness of employment protection,I,A,Annual,IDN,Indonesia,EPL_OV,Individual and collective dismissals (regular contracts),0_TO_6,0-6 scale,VERSION2,Version 2 (1998-2019),2009,,2.910997868,,F,Free (free for publication),2,Two,A,Normal value,0,Units
DATAFLOW,OECD.ELS.JAI:DSD_EPL@DF_EPL(1.0),Strictness of employment protection,I,A,Annual,RUS,Russia,EPL_OV,Individual and collective dismissals (regular contracts),0_TO_6,0-6 scale,VERSION2,Version 2 (1998-2019),2009,,2.616780043,,F,Free (free for publication),2,Two,A,Normal value,0,Units
DATAFLOW,OECD.ELS.JAI:DSD_EPL@DF_EPL(1.0),Strictness of employment protection,I,A,Annual,SAU,Saudi Arabia,EPL_OV,Individual and collective dismissals (regular contracts),0_TO_6,0-6 scale,VERSION2,Version 2 (1998-2019),2009,,0.980725646,,F,Free (free for publication),2,Two,A,Normal value,0,Units
DATAFLOW,OECD.ELS.JAI:DSD_EPL@DF_EPL(1.0),Strictness of employment protection,I,A,Annual,ZAF,South Africa,EPL_OV,Individual and collective dismissals (regular contracts),0_TO_6,0-6 scale,VERSION2,Version 2 (1998-2019),2009,,2.077664375,,F,Free (free for publication),2,Two,A,Normal value,0,Units
DATAFLOW,OECD.ELS.JAI:DSD_EPL@DF_EPL(1.0),Strictness of employment protection,I,A,Annual,AUS,Australia,EPL_OV,Individual and collective dismissals (regular contracts),0_TO_6,0-6 scale,VERSION2,Version 2 (1998-2019),2010,,2.011904716,,F,Free (free for publication),2,Two,A,Normal value,0,Units
DATAFLOW,OECD.ELS.JAI:DSD_EPL@DF_EPL(1.0),Strictness of employment protection,I,A,Annual,AUT,Austria,EPL_OV,Individual and collective dismissals (regular contracts),0_TO_6,0-6 scale,VERSION2,Version 2 (1998-2019),2010,,2.561224461,,F,Free (free for publication),2,Two,A,Normal value,0,Units
DATAFLOW,OECD.ELS.JAI:DSD_EPL@DF_EPL(1.0),Strictness of employment protection,I,A,Annual,BEL,Belgium,EPL_OV,Individual and collective dismissals (regular contracts),0_TO_6,0-6 scale,VERSION2,Version 2 (1998-2019),2010,,2.733560085,,F,Free (free for publication),2,Two,A,Normal value,0,Units
DATAFLOW,OECD.ELS.JAI:DSD_EPL@DF_EPL(1.0),Strictness of employment protection,I,A,Annual,CAN,Canada,EPL_OV,Individual and collective dismissals (regular contracts),0_TO_6,0-6 scale,VERSION2,Version 2 (1998-2019),2010,,1.314858317,,F,Free (free for publication),2,Two,A,Normal value,0,Units
DATAFLOW,OECD.ELS.JAI:DSD_EPL@DF_EPL(1.0),Strictness of employment protection,I,A,Annual,CHL,Chile,EPL_OV,Individual and collective dismissals (regular contracts),0_TO_6,0-6 scale,VERSION2,Version 2 (1998-2019),2010,,1.910430908,,F,Free (free for publication),2,Two,A,Normal value,0,Units
DATAFLOW,OECD.ELS.JAI:DSD_EPL@DF_EPL(1.0),Strictness of employment protection,I,A,Annual,CZE,Czechia,EPL_OV,Individual and collective dismissals (regular contracts),0_TO_6,0-6 scale,VERSION2,Version 2 (1998-2019),2010,,3.024943352,,F,Free (free for publication),2,Two,A,Normal value,0,Units
DATAFLOW,OECD.ELS.JAI:DSD_EPL@DF_EPL(1.0),Strictness of employment protection,I,A,Annual,DNK,Denmark,EPL_OV,Individual and collective dismissals (regular contracts),0_TO_6,0-6 scale,VERSION2,Version 2 (1998-2019),2010,,1.870181441,,F,Free (free for publication),2,Two,A,Normal value,0,Units
DATAFLOW,OECD.ELS.JAI:DSD_EPL@DF_EPL(1.0),Strictness of employment protection,I,A,Annual,EST,Estonia,EPL_OV,Individual and collective dismissals (regular contracts),0_TO_6,0-6 scale,VERSION2,Version 2 (1998-2019),2010,,2.113945484,,F,Free (free for publication),2,Two,A,Normal value,0,Units
DATAFLOW,OECD.ELS.JAI:DSD_EPL@DF_EPL(1.0),Strictness of employment protection,I,A,Annual,FIN,Finland,EPL_OV,Individual and collective dismissals (regular contracts),0_TO_6,0-6 scale,VERSION2,Version 2 (1998-2019),2010,,1.952380896,,F,Free (free for publication),2,Two,A,Normal value,0,Units
DATAFLOW,OECD.ELS.JAI:DSD_EPL@DF_EPL(1.0),Strictness of employment protection,I,A,Annual,FRA,France,EPL_OV,Individual and collective dismissals (regular contracts),0_TO_6,0-6 scale,VERSION2,Version 2 (1998-2019),2010,,2.676451206,,F,Free (free for publication),2,Two,A,Normal value,0,Units
DATAFLOW,OECD.ELS.JAI:DSD_EPL@DF_EPL(1.0),Strictness of employment protection,I,A,Annual,DEU,Germany,EPL_OV,Individual and collective dismissals (regular contracts),0_TO_6,0-6 scale,VERSION2,Version 2 (1998-2019),2010,,2.889455795,,F,Free (free for publication),2,Two,A,Normal value,0,Units
DATAFLOW,OECD.ELS.JAI:DSD_EPL@DF_EPL(1.0),Strictness of employment protection,I,A,Annual,GRC,Greece,EPL_OV,Individual and collective dismissals (regular contracts),0_TO_6,0-6 scale,VERSION2,Version 2 (1998-2019),2010,,3.060657501,,F,Free (free for publication),2,Two,A,Normal value,0,Units
DATAFLOW,OECD.ELS.JAI:DSD_EPL@DF_EPL(1.0),Strictness of employment protection,I,A,Annual,HUN,Hungary,EPL_OV,Individual and collective dismissals (regular contracts),0_TO_6,0-6 scale,VERSION2,Version 2 (1998-2019),2010,,2.395691633,,F,Free (free for publication),2,Two,A,Normal value,0,Units
DATAFLOW,OECD.ELS.JAI:DSD_EPL@DF_EPL(1.0),Strictness of employment protection,I,A,Annual,IRL,Ireland,EPL_OV,Individual and collective dismissals (regular contracts),0_TO_6,0-6 scale,VERSION2,Version 2 (1998-2019),2010,,1.787981868,,F,Free (free for publication),2,Two,A,Normal value,0,Units
DATAFLOW,OECD.ELS.JAI:DSD_EPL@DF_EPL(1.0),Strictness of employment protection,I,A,Annual,ISR,Israel,EPL_OV,Individual and collective dismissals (regular contracts),0_TO_6,0-6 scale,VERSION2,Version 2 (1998-2019),2010,,2.227891207,,F,Free (free for publication),2,Two,A,Normal value,0,Units
DATAFLOW,OECD.ELS.JAI:DSD_EPL@DF_EPL(1.0),Strictness of employment protection,I,A,Annual,ITA,Italy,EPL_OV,Individual and collective dismissals (regular contracts),0_TO_6,0-6 scale,VERSION2,Version 2 (1998-2019),2010,,3.332766294,,F,Free (free for publication),2,Two,A,Normal value,0,Units
DATAFLOW,OECD.ELS.JAI:DSD_EPL@DF_EPL(1.0),Strictness of employment protection,I,A,Annual,JPN,Japan,EPL_OV,Individual and collective dismissals (regular contracts),0_TO_6,0-6 scale,VERSION2,Version 2 (1998-2019),2010,,1.90646255,,F,Free (free for publication),2,Two,A,Normal value,0,Units
DATAFLOW,OECD.ELS.JAI:DSD_EPL@DF_EPL(1.0),Strictness of employment protection,I,A,Annual,KOR,Korea,EPL_OV,Individual and collective dismissals (regular contracts),0_TO_6,0-6 scale,VERSION2,Version 2 (1998-2019),2010,,2.261904716,,F,Free (free for publication),2,Two,A,Normal value,0,Units
DATAFLOW,OECD.ELS.JAI:DSD_EPL@DF_EPL(1.0),Strictness of employment protection,I,A,Annual,LUX,Luxembourg,EPL_OV,Individual and collective dismissals (regular contracts),0_TO_6,0-6 scale,VERSION2,Version 2 (1998-2019),2010,,2.632879972,,F,Free (free for publication),2,Two,A,Normal value,0,Units
DATAFLOW,OECD.ELS.JAI:DSD_EPL@DF_EPL(1.0),Strictness of employment protection,I,A,Annual,MEX,Mexico,EPL_OV,Individual and collective dismissals (regular contracts),0_TO_6,0-6 scale,VERSION2,Version 2 (1998-2019),2010,,2.908163309,,F,Free (free for publication),2,Two,A,Normal value,0,Units
DATAFLOW,OECD.ELS.JAI:DSD_EPL@DF_EPL(1.0),Strictness of employment protection,I,A,Annual,NLD,Netherlands,EPL_OV,Individual and collective dismissals (regular contracts),0_TO_6,0-6 scale,VERSION2,Version 2 (1998-2019),2010,,3.170068026,,F,Free (free for publication),2,Two,A,Normal value,0,Units
DATAFLOW,OECD.ELS.JAI:DSD_EPL@DF_EPL(1.0),Strictness of employment protection,I,A,Annual,NZL,New Zealand,EPL_OV,Individual and collective dismissals (regular contracts),0_TO_6,0-6 scale,VERSION2,Version 2 (1998-2019),2010,,1.292517066,,F,Free (free for publication),2,Two,A,Normal value,0,Units
DATAFLOW,OECD.ELS.JAI:DSD_EPL@DF_EPL(1.0),Strictness of employment protection,I,A,Annual,NOR,Norway,EPL_OV,Individual and collective dismissals (regular contracts),0_TO_6,0-6 scale,VERSION2,Version 2 (1998-2019),2010,,2.380952358,,F,Free (free for publication),2,Two,A,Normal value,0,Units
DATAFLOW,OECD.ELS.JAI:DSD_EPL@DF_EPL(1.0),Strictness of employment protection,I,A,Annual,POL,Poland,EPL_OV,Individual and collective dismissals (regular contracts),0_TO_6,0-6 scale,VERSION2,Version 2 (1998-2019),2010,,2.482426167,,F,Free (free for publication),2,Two,A,Normal value,0,Units
DATAFLOW,OECD.ELS.JAI:DSD_EPL@DF_EPL(1.0),Strictness of employment protection,I,A,Annual,PRT,Portugal,EPL_OV,Individual and collective dismissals (regular contracts),0_TO_6,0-6 scale,VERSION2,Version 2 (1998-2019),2010,,3.486394644,,F,Free (free for publication),2,Two,A,Normal value,0,Units
DATAFLOW,OECD.ELS.JAI:DSD_EPL@DF_EPL(1.0),Strictness of employment protection,I,A,Annual,SVK,Slovak Republic,EPL_OV,Individual and collective dismissals (regular contracts),0_TO_6,0-6 scale,VERSION2,Version 2 (1998-2019),2010,,3.134920597,,F,Free (free for publication),2,Two,A,Normal value,0,Units
DATAFLOW,OECD.ELS.JAI:DSD_EPL@DF_EPL(1.0),Strictness of employment protection,I,A,Annual,SVN,Slovenia,EPL_OV,Individual and collective dismissals (regular contracts),0_TO_6,0-6 scale,VERSION2,Version 2 (1998-2019),2010,,2.929138184,,F,Free (free for publication),2,Two,A,Normal value,0,Units
DATAFLOW,OECD.ELS.JAI:DSD_EPL@DF_EPL(1.0),Strictness of employment protection,I,A,Annual,ESP,Spain,EPL_OV,Individual and collective dismissals (regular contracts),0_TO_6,0-6 scale,VERSION2,Version 2 (1998-2019),2010,,2.64724493,,F,Free (free for publication),2,Two,A,Normal value,0,Units
DATAFLOW,OECD.ELS.JAI:DSD_EPL@DF_EPL(1.0),Strictness of employment protection,I,A,Annual,SWE,Sweden,EPL_OV,Individual and collective dismissals (regular contracts),0_TO_6,0-6 scale,VERSION2,Version 2 (1998-2019),2010,,2.604591846,,F,Free (free for publication),2,Two,A,Normal value,0,Units
DATAFLOW,OECD.ELS.JAI:DSD_EPL@DF_EPL(1.0),Strictness of employment protection,I,A,Annual,CHE,Switzerland,EPL_OV,Individual and collective dismissals (regular contracts),0_TO_6,0-6 scale,VERSION2,Version 2 (1998-2019),2010,,2.056122541,,F,Free (free for publication),2,Two,A,Normal value,0,Units
DATAFLOW,OECD.ELS.JAI:DSD_EPL@DF_EPL(1.0),Strictness of employment protection,I,A,Annual,TUR,Türkiye,EPL_OV,Individual and collective dismissals (regular contracts),0_TO_6,0-6 scale,VERSION2,Version 2 (1998-2019),2010,,2.875850439,,F,Free (free for publication),2,Two,A,Normal value,0,Units
DATAFLOW,OECD.ELS.JAI:DSD_EPL@DF_EPL(1.0),Strictness of employment protection,I,A,Annual,GBR,United Kingdom,EPL_OV,Individual and collective dismissals (regular contracts),0_TO_6,0-6 scale,VERSION2,Version 2 (1998-2019),2010,,1.758503318,,F,Free (free for publication),2,Two,A,Normal value,0,Units
DATAFLOW,OECD.ELS.JAI:DSD_EPL@DF_EPL(1.0),Strictness of employment protection,I,A,Annual,USA,United States,EPL_OV,Individual and collective dismissals (regular contracts),0_TO_6,0-6 scale,VERSION2,Version 2 (1998-2019),2010,,0.673095226,,F,Free (free for publication),2,Two,A,Normal value,0,Units
DATAFLOW,OECD.ELS.JAI:DSD_EPL@DF_EPL(1.0),Strictness of employment protection,I,A,Annual,BRA,Brazil,EPL_OV,Individual and collective dismissals (regular contracts),0_TO_6,0-6 scale,VERSION2,Version 2 (1998-2019),2010,,1.451814055,,F,Free (free for publication),2,Two,A,Normal value,0,Units
DATAFLOW,OECD.ELS.JAI:DSD_EPL@DF_EPL(1.0),Strictness of employment protection,I,A,Annual,CHN,China (People’s Republic of),EPL_OV,Individual and collective dismissals (regular contracts),0_TO_6,0-6 scale,VERSION2,Version 2 (1998-2019),2010,,2.969954729,,F,Free (free for publication),2,Two,A,Normal value,0,Units
DATAFLOW,OECD.ELS.JAI:DSD_EPL@DF_EPL(1.0),Strictness of employment protection,I,A,Annual,IND,India,EPL_OV,Individual and collective dismissals (regular contracts),0_TO_6,0-6 scale,VERSION2,Version 2 (1998-2019),2010,,2.47193861,,F,Free (free for publication),2,Two,A,Normal value,0,Units
DATAFLOW,OECD.ELS.JAI:DSD_EPL@DF_EPL(1.0),Strictness of employment protection,I,A,Annual,IDN,Indonesia,EPL_OV,Individual and collective dismissals (regular contracts),0_TO_6,0-6 scale,VERSION2,Version 2 (1998-2019),2010,,2.910997868,,F,Free (free for publication),2,Two,A,Normal value,0,Units
DATAFLOW,OECD.ELS.JAI:DSD_EPL@DF_EPL(1.0),Strictness of employment protection,I,A,Annual,RUS,Russia,EPL_OV,Individual and collective dismissals (regular contracts),0_TO_6,0-6 scale,VERSION2,Version 2 (1998-2019),2010,,2.616780043,,F,Free (free for publication),2,Two,A,Normal value,0,Units
DATAFLOW,OECD.ELS.JAI:DSD_EPL@DF_EPL(1.0),Strictness of employment protection,I,A,Annual,SAU,Saudi Arabia,EPL_OV,Individual and collective dismissals (regular contracts),0_TO_6,0-6 scale,VERSION2,Version 2 (1998-2019),2010,,0.980725646,,F,Free (free for publication),2,Two,A,Normal value,0,Units
DATAFLOW,OECD.ELS.JAI:DSD_EPL@DF_EPL(1.0),Strictness of employment protection,I,A,Annual,ZAF,South Africa,EPL_OV,Individual and collective dismissals (regular contracts),0_TO_6,0-6 scale,VERSION2,Version 2 (1998-2019),2010,,2.077664375,,F,Free (free for publication),2,Two,A,Normal value,0,Units
DATAFLOW,OECD.ELS.JAI:DSD_EPL@DF_EPL(1.0),Strictness of employment protection,I,A,Annual,AUS,Australia,EPL_OV,Individual and collective dismissals (regular contracts),0_TO_6,0-6 scale,VERSION2,Version 2 (1998-2019),2011,,2.011904716,,F,Free (free for publication),2,Two,A,Normal value,0,Units
DATAFLOW,OECD.ELS.JAI:DSD_EPL@DF_EPL(1.0),Strictness of employment protection,I,A,Annual,AUT,Austria,EPL_OV,Individual and collective dismissals (regular contracts),0_TO_6,0-6 scale,VERSION2,Version 2 (1998-2019),2011,,2.561224461,,F,Free (free for publication),2,Two,A,Normal value,0,Units
DATAFLOW,OECD.ELS.JAI:DSD_EPL@DF_EPL(1.0),Strictness of employment protection,I,A,Annual,BEL,Belgium,EPL_OV,Individual and collective dismissals (regular contracts),0_TO_6,0-6 scale,VERSION2,Version 2 (1998-2019),2011,,2.733560085,,F,Free (free for publication),2,Two,A,Normal value,0,Units
DATAFLOW,OECD.ELS.JAI:DSD_EPL@DF_EPL(1.0),Strictness of employment protection,I,A,Annual,CAN,Canada,EPL_OV,Individual and collective dismissals (regular contracts),0_TO_6,0-6 scale,VERSION2,Version 2 (1998-2019),2011,,1.314858317,,F,Free (free for publication),2,Two,A,Normal value,0,Units
DATAFLOW,OECD.ELS.JAI:DSD_EPL@DF_EPL(1.0),Strictness of employment protection,I,A,Annual,CHL,Chile,EPL_OV,Individual and collective dismissals (regular contracts),0_TO_6,0-6 scale,VERSION2,Version 2 (1998-2019),2011,,1.910430908,,F,Free (free for publication),2,Two,A,Normal value,0,Units
DATAFLOW,OECD.ELS.JAI:DSD_EPL@DF_EPL(1.0),Strictness of employment protection,I,A,Annual,CZE,Czechia,EPL_OV,Individual and collective dismissals (regular contracts),0_TO_6,0-6 scale,VERSION2,Version 2 (1998-2019),2011,,3.024943352,,F,Free (free for publication),2,Two,A,Normal value,0,Units
DATAFLOW,OECD.ELS.JAI:DSD_EPL@DF_EPL(1.0),Strictness of employment protection,I,A,Annual,DNK,Denmark,EPL_OV,Individual and collective dismissals (regular contracts),0_TO_6,0-6 scale,VERSION2,Version 2 (1998-2019),2011,,1.915532827,,F,Free (free for publication),2,Two,A,Normal value,0,Units
DATAFLOW,OECD.ELS.JAI:DSD_EPL@DF_EPL(1.0),Strictness of employment protection,I,A,Annual,EST,Estonia,EPL_OV,Individual and collective dismissals (regular contracts),0_TO_6,0-6 scale,VERSION2,Version 2 (1998-2019),2011,,2.113945484,,F,Free (free for publication),2,Two,A,Normal value,0,Units
DATAFLOW,OECD.ELS.JAI:DSD_EPL@DF_EPL(1.0),Strictness of employment protection,I,A,Annual,FIN,Finland,EPL_OV,Individual and collective dismissals (regular contracts),0_TO_6,0-6 scale,VERSION2,Version 2 (1998-2019),2011,,1.952380896,,F,Free (free for publication),2,Two,A,Normal value,0,Units
DATAFLOW,OECD.ELS.JAI:DSD_EPL@DF_EPL(1.0),Strictness of employment protection,I,A,Annual,FRA,France,EPL_OV,Individual and collective dismissals (regular contracts),0_TO_6,0-6 scale,VERSION2,Version 2 (1998-2019),2011,,2.676451206,,F,Free (free for publication),2,Two,A,Normal value,0,Units
DATAFLOW,OECD.ELS.JAI:DSD_EPL@DF_EPL(1.0),Strictness of employment protection,I,A,Annual,DEU,Germany,EPL_OV,Individual and collective dismissals (regular contracts),0_TO_6,0-6 scale,VERSION2,Version 2 (1998-2019),2011,,2.889455795,,F,Free (free for publication),2,Two,A,Normal value,0,Units
DATAFLOW,OECD.ELS.JAI:DSD_EPL@DF_EPL(1.0),Strictness of employment protection,I,A,Annual,GRC,Greece,EPL_OV,Individual and collective dismissals (regular contracts),0_TO_6,0-6 scale,VERSION2,Version 2 (1998-2019),2011,,2.607142925,,F,Free (free for publication),2,Two,A,Normal value,0,Units
DATAFLOW,OECD.ELS.JAI:DSD_EPL@DF_EPL(1.0),Strictness of employment protection,I,A,Annual,HUN,Hungary,EPL_OV,Individual and collective dismissals (regular contracts),0_TO_6,0-6 scale,VERSION2,Version 2 (1998-2019),2011,,2.395691633,,F,Free (free for publication),2,Two,A,Normal value,0,Units
DATAFLOW,OECD.ELS.JAI:DSD_EPL@DF_EPL(1.0),Strictness of employment protection,I,A,Annual,IRL,Ireland,EPL_OV,Individual and collective dismissals (regular contracts),0_TO_6,0-6 scale,VERSION2,Version 2 (1998-2019),2011,,1.787981868,,F,Free (free for publication),2,Two,A,Normal value,0,Units
DATAFLOW,OECD.ELS.JAI:DSD_EPL@DF_EPL(1.0),Strictness of employment protection,I,A,Annual,ISR,Israel,EPL_OV,Individual and collective dismissals (regular contracts),0_TO_6,0-6 scale,VERSION2,Version 2 (1998-2019),2011,,2.227891207,,F,Free (free for publication),2,Two,A,Normal value,0,Units
DATAFLOW,OECD.ELS.JAI:DSD_EPL@DF_EPL(1.0),Strictness of employment protection,I,A,Annual,ITA,Italy,EPL_OV,Individual and collective dismissals (regular contracts),0_TO_6,0-6 scale,VERSION2,Version 2 (1998-2019),2011,,3.332766294,,F,Free (free for publication),2,Two,A,Normal value,0,Units
DATAFLOW,OECD.ELS.JAI:DSD_EPL@DF_EPL(1.0),Strictness of employment protection,I,A,Annual,JPN,Japan,EPL_OV,Individual and collective dismissals (regular contracts),0_TO_6,0-6 scale,VERSION2,Version 2 (1998-2019),2011,,1.90646255,,F,Free (free for publication),2,Two,A,Normal value,0,Units
DATAFLOW,OECD.ELS.JAI:DSD_EPL@DF_EPL(1.0),Strictness of employment protection,I,A,Annual,KOR,Korea,EPL_OV,Individual and collective dismissals (regular contracts),0_TO_6,0-6 scale,VERSION2,Version 2 (1998-2019),2011,,2.261904716,,F,Free (free for publication),2,Two,A,Normal value,0,Units
DATAFLOW,OECD.ELS.JAI:DSD_EPL@DF_EPL(1.0),Strictness of employment protection,I,A,Annual,LUX,Luxembourg,EPL_OV,Individual and collective dismissals (regular contracts),0_TO_6,0-6 scale,VERSION2,Version 2 (1998-2019),2011,,2.632879972,,F,Free (free for publication),2,Two,A,Normal value,0,Units
DATAFLOW,OECD.ELS.JAI:DSD_EPL@DF_EPL(1.0),Strictness of employment protection,I,A,Annual,MEX,Mexico,EPL_OV,Individual and collective dismissals (regular contracts),0_TO_6,0-6 scale,VERSION2,Version 2 (1998-2019),2011,,2.908163309,,F,Free (free for publication),2,Two,A,Normal value,0,Units
DATAFLOW,OECD.ELS.JAI:DSD_EPL@DF_EPL(1.0),Strictness of employment protection,I,A,Annual,NLD,Netherlands,EPL_OV,Individual and collective dismissals (regular contracts),0_TO_6,0-6 scale,VERSION2,Version 2 (1998-2019),2011,,3.170068026,,F,Free (free for publication),2,Two,A,Normal value,0,Units
DATAFLOW,OECD.ELS.JAI:DSD_EPL@DF_EPL(1.0),Strictness of employment protection,I,A,Annual,NZL,New Zealand,EPL_OV,Individual and collective dismissals (regular contracts),0_TO_6,0-6 scale,VERSION2,Version 2 (1998-2019),2011,,1.292517066,,F,Free (free for publication),2,Two,A,Normal value,0,Units
DATAFLOW,OECD.ELS.JAI:DSD_EPL@DF_EPL(1.0),Strictness of employment protection,I,A,Annual,NOR,Norway,EPL_OV,Individual and collective dismissals (regular contracts),0_TO_6,0-6 scale,VERSION2,Version 2 (1998-2019),2011,,2.380952358,,F,Free (free for publication),2,Two,A,Normal value,0,Units
DATAFLOW,OECD.ELS.JAI:DSD_EPL@DF_EPL(1.0),Strictness of employment protection,I,A,Annual,POL,Poland,EPL_OV,Individual and collective dismissals (regular contracts),0_TO_6,0-6 scale,VERSION2,Version 2 (1998-2019),2011,,2.482426167,,F,Free (free for publication),2,Two,A,Normal value,0,Units
DATAFLOW,OECD.ELS.JAI:DSD_EPL@DF_EPL(1.0),Strictness of employment protection,I,A,Annual,PRT,Portugal,EPL_OV,Individual and collective dismissals (regular contracts),0_TO_6,0-6 scale,VERSION2,Version 2 (1998-2019),2011,,3.486394644,,F,Free (free for publication),2,Two,A,Normal value,0,Units
DATAFLOW,OECD.ELS.JAI:DSD_EPL@DF_EPL(1.0),Strictness of employment protection,I,A,Annual,SVK,Slovak Republic,EPL_OV,Individual and collective dismissals (regular contracts),0_TO_6,0-6 scale,VERSION2,Version 2 (1998-2019),2011,,3.134920597,,F,Free (free for publication),2,Two,A,Normal value,0,Units
DATAFLOW,OECD.ELS.JAI:DSD_EPL@DF_EPL(1.0),Strictness of employment protection,I,A,Annual,SVN,Slovenia,EPL_OV,Individual and collective dismissals (regular contracts),0_TO_6,0-6 scale,VERSION2,Version 2 (1998-2019),2011,,2.895124674,,F,Free (free for publication),2,Two,A,Normal value,0,Units
DATAFLOW,OECD.ELS.JAI:DSD_EPL@DF_EPL(1.0),Strictness of employment protection,I,A,Annual,ESP,Spain,EPL_OV,Individual and collective dismissals (regular contracts),0_TO_6,0-6 scale,VERSION2,Version 2 (1998-2019),2011,,2.545203924,,F,Free (free for publication),2,Two,A,Normal value,0,Units
DATAFLOW,OECD.ELS.JAI:DSD_EPL@DF_EPL(1.0),Strictness of employment protection,I,A,Annual,SWE,Sweden,EPL_OV,Individual and collective dismissals (regular contracts),0_TO_6,0-6 scale,VERSION2,Version 2 (1998-2019),2011,,2.604591846,,F,Free (free for publication),2,Two,A,Normal value,0,Units
DATAFLOW,OECD.ELS.JAI:DSD_EPL@DF_EPL(1.0),Strictness of employment protection,I,A,Annual,CHE,Switzerland,EPL_OV,Individual and collective dismissals (regular contracts),0_TO_6,0-6 scale,VERSION2,Version 2 (1998-2019),2011,,2.056122541,,F,Free (free for publication),2,Two,A,Normal value,0,Units
DATAFLOW,OECD.ELS.JAI:DSD_EPL@DF_EPL(1.0),Strictness of employment protection,I,A,Annual,TUR,Türkiye,EPL_OV,Individual and collective dismissals (regular contracts),0_TO_6,0-6 scale,VERSION2,Version 2 (1998-2019),2011,,2.875850439,,F,Free (free for publication),2,Two,A,Normal value,0,Units
DATAFLOW,OECD.ELS.JAI:DSD_EPL@DF_EPL(1.0),Strictness of employment protection,I,A,Annual,GBR,United Kingdom,EPL_OV,Individual and collective dismissals (regular contracts),0_TO_6,0-6 scale,VERSION2,Version 2 (1998-2019),2011,,1.758503318,,F,Free (free for publication),2,Two,A,Normal value,0,Units
DATAFLOW,OECD.ELS.JAI:DSD_EPL@DF_EPL(1.0),Strictness of employment protection,I,A,Annual,USA,United States,EPL_OV,Individual and collective dismissals (regular contracts),0_TO_6,0-6 scale,VERSION2,Version 2 (1998-2019),2011,,0.673095226,,F,Free (free for publication),2,Two,A,Normal value,0,Units
DATAFLOW,OECD.ELS.JAI:DSD_EPL@DF_EPL(1.0),Strictness of employment protection,I,A,Annual,BRA,Brazil,EPL_OV,Individual and collective dismissals (regular contracts),0_TO_6,0-6 scale,VERSION2,Version 2 (1998-2019),2011,,1.451814055,,F,Free (free for publication),2,Two,A,Normal value,0,Units
DATAFLOW,OECD.ELS.JAI:DSD_EPL@DF_EPL(1.0),Strictness of employment protection,I,A,Annual,CHN,China (People’s Republic of),EPL_OV,Individual and collective dismissals (regular contracts),0_TO_6,0-6 scale,VERSION2,Version 2 (1998-2019),2011,,2.969954729,,F,Free (free for publication),2,Two,A,Normal value,0,Units
DATAFLOW,OECD.ELS.JAI:DSD_EPL@DF_EPL(1.0),Strictness of employment protection,I,A,Annual,IND,India,EPL_OV,Individual and collective dismissals (regular contracts),0_TO_6,0-6 scale,VERSION2,Version 2 (1998-2019),2011,,2.47193861,,F,Free (free for publication),2,Two,A,Normal value,0,Units
DATAFLOW,OECD.ELS.JAI:DSD_EPL@DF_EPL(1.0),Strictness of employment protection,I,A,Annual,IDN,Indonesia,EPL_OV,Individual and collective dismissals (regular contracts),0_TO_6,0-6 scale,VERSION2,Version 2 (1998-2019),2011,,2.910997868,,F,Free (free for publication),2,Two,A,Normal value,0,Units
DATAFLOW,OECD.ELS.JAI:DSD_EPL@DF_EPL(1.0),Strictness of employment protection,I,A,Annual,XKV,Kosovo,EPL_OV,Individual and collective dismissals (regular contracts),0_TO_6,0-6 scale,VERSION2,Version 2 (1998-2019),2011,,2.083333254,,F,Free (free for publication),2,Two,A,Normal value,0,Units
DATAFLOW,OECD.ELS.JAI:DSD_EPL@DF_EPL(1.0),Strictness of employment protection,I,A,Annual,RUS,Russia,EPL_OV,Individual and collective dismissals (regular contracts),0_TO_6,0-6 scale,VERSION2,Version 2 (1998-2019),2011,,2.616780043,,F,Free (free for publication),2,Two,A,Normal value,0,Units
DATAFLOW,OECD.ELS.JAI:DSD_EPL@DF_EPL(1.0),Strictness of employment protection,I,A,Annual,SAU,Saudi Arabia,EPL_OV,Individual and collective dismissals (regular contracts),0_TO_6,0-6 scale,VERSION2,Version 2 (1998-2019),2011,,0.980725646,,F,Free (free for publication),2,Two,A,Normal value,0,Units
DATAFLOW,OECD.ELS.JAI:DSD_EPL@DF_EPL(1.0),Strictness of employment protection,I,A,Annual,ZAF,South Africa,EPL_OV,Individual and collective dismissals (regular contracts),0_TO_6,0-6 scale,VERSION2,Version 2 (1998-2019),2011,,2.077664375,,F,Free (free for publication),2,Two,A,Normal value,0,Units
DATAFLOW,OECD.ELS.JAI:DSD_EPL@DF_EPL(1.0),Strictness of employment protection,I,A,Annual,THA,Thailand,EPL_OV,Individual and collective dismissals (regular contracts),0_TO_6,0-6 scale,VERSION2,Version 2 (1998-2019),2011,,2.086167812,,F,Free (free for publication),2,Two,A,Normal value,0,Units
DATAFLOW,OECD.ELS.JAI:DSD_EPL@DF_EPL(1.0),Strictness of employment protection,I,A,Annual,AUS,Australia,EPL_OV,Individual and collective dismissals (regular contracts),0_TO_6,0-6 scale,VERSION2,Version 2 (1998-2019),2012,,2.011904716,,F,Free (free for publication),2,Two,A,Normal value,0,Units
DATAFLOW,OECD.ELS.JAI:DSD_EPL@DF_EPL(1.0),Strictness of employment protection,I,A,Annual,AUT,Austria,EPL_OV,Individual and collective dismissals (regular contracts),0_TO_6,0-6 scale,VERSION2,Version 2 (1998-2019),2012,,2.561224461,,F,Free (free for publication),2,Two,A,Normal value,0,Units
DATAFLOW,OECD.ELS.JAI:DSD_EPL@DF_EPL(1.0),Strictness of employment protection,I,A,Annual,BEL,Belgium,EPL_OV,Individual and collective dismissals (regular contracts),0_TO_6,0-6 scale,VERSION2,Version 2 (1998-2019),2012,,2.597505569,,F,Free (free for publication),2,Two,A,Normal value,0,Units
DATAFLOW,OECD.ELS.JAI:DSD_EPL@DF_EPL(1.0),Strictness of employment protection,I,A,Annual,CAN,Canada,EPL_OV,Individual and collective dismissals (regular contracts),0_TO_6,0-6 scale,VERSION2,Version 2 (1998-2019),2012,,1.314858317,,F,Free (free for publication),2,Two,A,Normal value,0,Units
DATAFLOW,OECD.ELS.JAI:DSD_EPL@DF_EPL(1.0),Strictness of employment protection,I,A,Annual,CHL,Chile,EPL_OV,Individual and collective dismissals (regular contracts),0_TO_6,0-6 scale,VERSION2,Version 2 (1998-2019),2012,,1.910430908,,F,Free (free for publication),2,Two,A,Normal value,0,Units
DATAFLOW,OECD.ELS.JAI:DSD_EPL@DF_EPL(1.0),Strictness of employment protection,I,A,Annual,CZE,Czechia,EPL_OV,Individual and collective dismissals (regular contracts),0_TO_6,0-6 scale,VERSION2,Version 2 (1998-2019),2012,,2.934240341,,F,Free (free for publication),2,Two,A,Normal value,0,Units
DATAFLOW,OECD.ELS.JAI:DSD_EPL@DF_EPL(1.0),Strictness of employment protection,I,A,Annual,DNK,Denmark,EPL_OV,Individual and collective dismissals (regular contracts),0_TO_6,0-6 scale,VERSION2,Version 2 (1998-2019),2012,,1.915532827,,F,Free (free for publication),2,Two,A,Normal value,0,Units
DATAFLOW,OECD.ELS.JAI:DSD_EPL@DF_EPL(1.0),Strictness of employment protection,I,A,Annual,EST,Estonia,EPL_OV,Individual and collective dismissals (regular contracts),0_TO_6,0-6 scale,VERSION2,Version 2 (1998-2019),2012,,2.113945484,,F,Free (free for publication),2,Two,A,Normal value,0,Units
DATAFLOW,OECD.ELS.JAI:DSD_EPL@DF_EPL(1.0),Strictness of employment protection,I,A,Annual,FIN,Finland,EPL_OV,Individual and collective dismissals (regular contracts),0_TO_6,0-6 scale,VERSION2,Version 2 (1998-2019),2012,,1.952380896,,F,Free (free for publication),2,Two,A,Normal value,0,Units
DATAFLOW,OECD.ELS.JAI:DSD_EPL@DF_EPL(1.0),Strictness of employment protection,I,A,Annual,FRA,France,EPL_OV,Individual and collective dismissals (regular contracts),0_TO_6,0-6 scale,VERSION2,Version 2 (1998-2019),2012,,2.676451206,,F,Free (free for publication),2,Two,A,Normal value,0,Units
DATAFLOW,OECD.ELS.JAI:DSD_EPL@DF_EPL(1.0),Strictness of employment protection,I,A,Annual,DEU,Germany,EPL_OV,Individual and collective dismissals (regular contracts),0_TO_6,0-6 scale,VERSION2,Version 2 (1998-2019),2012,,2.889455795,,F,Free (free for publication),2,Two,A,Normal value,0,Units
DATAFLOW,OECD.ELS.JAI:DSD_EPL@DF_EPL(1.0),Strictness of employment protection,I,A,Annual,GRC,Greece,EPL_OV,Individual and collective dismissals (regular contracts),0_TO_6,0-6 scale,VERSION2,Version 2 (1998-2019),2012,,2.607142925,,F,Free (free for publication),2,Two,A,Normal value,0,Units
DATAFLOW,OECD.ELS.JAI:DSD_EPL@DF_EPL(1.0),Strictness of employment protection,I,A,Annual,HUN,Hungary,EPL_OV,Individual and collective dismissals (regular contracts),0_TO_6,0-6 scale,VERSION2,Version 2 (1998-2019),2012,,2.395691633,,F,Free (free for publication),2,Two,A,Normal value,0,Units
DATAFLOW,OECD.ELS.JAI:DSD_EPL@DF_EPL(1.0),Strictness of employment protection,I,A,Annual,IRL,Ireland,EPL_OV,Individual and collective dismissals (regular contracts),0_TO_6,0-6 scale,VERSION2,Version 2 (1998-2019),2012,,1.878684759,,F,Free (free for publication),2,Two,A,Normal value,0,Units
DATAFLOW,OECD.ELS.JAI:DSD_EPL@DF_EPL(1.0),Strictness of employment protection,I,A,Annual,ISR,Israel,EPL_OV,Individual and collective dismissals (regular contracts),0_TO_6,0-6 scale,VERSION2,Version 2 (1998-2019),2012,,2.227891207,,F,Free (free for publication),2,Two,A,Normal value,0,Units
DATAFLOW,OECD.ELS.JAI:DSD_EPL@DF_EPL(1.0),Strictness of employment protection,I,A,Annual,ITA,Italy,EPL_OV,Individual and collective dismissals (regular contracts),0_TO_6,0-6 scale,VERSION2,Version 2 (1998-2019),2012,,3.332766294,,F,Free (free for publication),2,Two,A,Normal value,0,Units
DATAFLOW,OECD.ELS.JAI:DSD_EPL@DF_EPL(1.0),Strictness of employment protection,I,A,Annual,JPN,Japan,EPL_OV,Individual and collective dismissals (regular contracts),0_TO_6,0-6 scale,VERSION2,Version 2 (1998-2019),2012,,1.90646255,,F,Free (free for publication),2,Two,A,Normal value,0,Units
DATAFLOW,OECD.ELS.JAI:DSD_EPL@DF_EPL(1.0),Strictness of employment protection,I,A,Annual,KOR,Korea,EPL_OV,Individual and collective dismissals (regular contracts),0_TO_6,0-6 scale,VERSION2,Version 2 (1998-2019),2012,,2.261904716,,F,Free (free for publication),2,Two,A,Normal value,0,Units
DATAFLOW,OECD.ELS.JAI:DSD_EPL@DF_EPL(1.0),Strictness of employment protection,I,A,Annual,LVA,Latvia,EPL_OV,Individual and collective dismissals (regular contracts),0_TO_6,0-6 scale,VERSION2,Version 2 (1998-2019),2012,,3.228457928,,F,Free (free for publication),2,Two,A,Normal value,0,Units
DATAFLOW,OECD.ELS.JAI:DSD_EPL@DF_EPL(1.0),Strictness of employment protection,I,A,Annual,LUX,Luxembourg,EPL_OV,Individual and collective dismissals (regular contracts),0_TO_6,0-6 scale,VERSION2,Version 2 (1998-2019),2012,,2.632879972,,F,Free (free for publication),2,Two,A,Normal value,0,Units
DATAFLOW,OECD.ELS.JAI:DSD_EPL@DF_EPL(1.0),Strictness of employment protection,I,A,Annual,MEX,Mexico,EPL_OV,Individual and collective dismissals (regular contracts),0_TO_6,0-6 scale,VERSION2,Version 2 (1998-2019),2012,,2.908163309,,F,Free (free for publication),2,Two,A,Normal value,0,Units
DATAFLOW,OECD.ELS.JAI:DSD_EPL@DF_EPL(1.0),Strictness of employment protection,I,A,Annual,NLD,Netherlands,EPL_OV,Individual and collective dismissals (regular contracts),0_TO_6,0-6 scale,VERSION2,Version 2 (1998-2019),2012,,3.170068026,,F,Free (free for publication),2,Two,A,Normal value,0,Units
DATAFLOW,OECD.ELS.JAI:DSD_EPL@DF_EPL(1.0),Strictness of employment protection,I,A,Annual,NZL,New Zealand,EPL_OV,Individual and collective dismissals (regular contracts),0_TO_6,0-6 scale,VERSION2,Version 2 (1998-2019),2012,,1.173469424,,F,Free (free for publication),2,Two,A,Normal value,0,Units
DATAFLOW,OECD.ELS.JAI:DSD_EPL@DF_EPL(1.0),Strictness of employment protection,I,A,Annual,NOR,Norway,EPL_OV,Individual and collective dismissals (regular contracts),0_TO_6,0-6 scale,VERSION2,Version 2 (1998-2019),2012,,2.380952358,,F,Free (free for publication),2,Two,A,Normal value,0,Units
DATAFLOW,OECD.ELS.JAI:DSD_EPL@DF_EPL(1.0),Strictness of employment protection,I,A,Annual,POL,Poland,EPL_OV,Individual and collective dismissals (regular contracts),0_TO_6,0-6 scale,VERSION2,Version 2 (1998-2019),2012,,2.482426167,,F,Free (free for publication),2,Two,A,Normal value,0,Units
DATAFLOW,OECD.ELS.JAI:DSD_EPL@DF_EPL(1.0),Strictness of employment protection,I,A,Annual,PRT,Portugal,EPL_OV,Individual and collective dismissals (regular contracts),0_TO_6,0-6 scale,VERSION2,Version 2 (1998-2019),2012,,3.078231335,,F,Free (free for publication),2,Two,A,Normal value,0,Units
DATAFLOW,OECD.ELS.JAI:DSD_EPL@DF_EPL(1.0),Strictness of employment protection,I,A,Annual,SVK,Slovak Republic,EPL_OV,Individual and collective dismissals (regular contracts),0_TO_6,0-6 scale,VERSION2,Version 2 (1998-2019),2012,,2.664965868,,F,Free (free for publication),2,Two,A,Normal value,0,Units
DATAFLOW,OECD.ELS.JAI:DSD_EPL@DF_EPL(1.0),Strictness of employment protection,I,A,Annual,SVN,Slovenia,EPL_OV,Individual and collective dismissals (regular contracts),0_TO_6,0-6 scale,VERSION2,Version 2 (1998-2019),2012,,2.895124674,,F,Free (free for publication),2,Two,A,Normal value,0,Units
DATAFLOW,OECD.ELS.JAI:DSD_EPL@DF_EPL(1.0),Strictness of employment protection,I,A,Annual,ESP,Spain,EPL_OV,Individual and collective dismissals (regular contracts),0_TO_6,0-6 scale,VERSION2,Version 2 (1998-2019),2012,,2.545203924,,F,Free (free for publication),2,Two,A,Normal value,0,Units
DATAFLOW,OECD.ELS.JAI:DSD_EPL@DF_EPL(1.0),Strictness of employment protection,I,A,Annual,SWE,Sweden,EPL_OV,Individual and collective dismissals (regular contracts),0_TO_6,0-6 scale,VERSION2,Version 2 (1998-2019),2012,,2.604591846,,F,Free (free for publication),2,Two,A,Normal value,0,Units
DATAFLOW,OECD.ELS.JAI:DSD_EPL@DF_EPL(1.0),Strictness of employment protection,I,A,Annual,CHE,Switzerland,EPL_OV,Individual and collective dismissals (regular contracts),0_TO_6,0-6 scale,VERSION2,Version 2 (1998-2019),2012,,2.056122541,,F,Free (free for publication),2,Two,A,Normal value,0,Units
DATAFLOW,OECD.ELS.JAI:DSD_EPL@DF_EPL(1.0),Strictness of employment protection,I,A,Annual,TUR,Türkiye,EPL_OV,Individual and collective dismissals (regular contracts),0_TO_6,0-6 scale,VERSION2,Version 2 (1998-2019),2012,,2.875850439,,F,Free (free for publication),2,Two,A,Normal value,0,Units
DATAFLOW,OECD.ELS.JAI:DSD_EPL@DF_EPL(1.0),Strictness of employment protection,I,A,Annual,GBR,United Kingdom,EPL_OV,Individual and collective dismissals (regular contracts),0_TO_6,0-6 scale,VERSION2,Version 2 (1998-2019),2012,,1.758503318,,F,Free (free for publication),2,Two,A,Normal value,0,Units
DATAFLOW,OECD.ELS.JAI:DSD_EPL@DF_EPL(1.0),Strictness of employment protection,I,A,Annual,USA,United States,EPL_OV,Individual and collective dismissals (regular contracts),0_TO_6,0-6 scale,VERSION2,Version 2 (1998-2019),2012,,0.673095226,,F,Free (free for publication),2,Two,A,Normal value,0,Units
DATAFLOW,OECD.ELS.JAI:DSD_EPL@DF_EPL(1.0),Strictness of employment protection,I,A,Annual,ARG,Argentina,EPL_OV,Individual and collective dismissals (regular contracts),0_TO_6,0-6 scale,VERSION2,Version 2 (1998-2019),2012,,2.345385551,,F,Free (free for publication),2,Two,A,Normal value,0,Units
DATAFLOW,OECD.ELS.JAI:DSD_EPL@DF_EPL(1.0),Strictness of employment protection,I,A,Annual,BRA,Brazil,EPL_OV,Individual and collective dismissals (regular contracts),0_TO_6,0-6 scale,VERSION2,Version 2 (1998-2019),2012,,1.519841313,,F,Free (free for publication),2,Two,A,Normal value,0,Units
DATAFLOW,OECD.ELS.JAI:DSD_EPL@DF_EPL(1.0),Strictness of employment protection,I,A,Annual,CHN,China (People’s Republic of),EPL_OV,Individual and collective dismissals (regular contracts),0_TO_6,0-6 scale,VERSION2,Version 2 (1998-2019),2012,,2.969954729,,F,Free (free for publication),2,Two,A,Normal value,0,Units
DATAFLOW,OECD.ELS.JAI:DSD_EPL@DF_EPL(1.0),Strictness of employment protection,I,A,Annual,IND,India,EPL_OV,Individual and collective dismissals (regular contracts),0_TO_6,0-6 scale,VERSION2,Version 2 (1998-2019),2012,,2.47193861,,F,Free (free for publication),2,Two,A,Normal value,0,Units
DATAFLOW,OECD.ELS.JAI:DSD_EPL@DF_EPL(1.0),Strictness of employment protection,I,A,Annual,IDN,Indonesia,EPL_OV,Individual and collective dismissals (regular contracts),0_TO_6,0-6 scale,VERSION2,Version 2 (1998-2019),2012,,2.910997868,,F,Free (free for publication),2,Two,A,Normal value,0,Units
DATAFLOW,OECD.ELS.JAI:DSD_EPL@DF_EPL(1.0),Strictness of employment protection,I,A,Annual,XKV,Kosovo,EPL_OV,Individual and collective dismissals (regular contracts),0_TO_6,0-6 scale,VERSION2,Version 2 (1998-2019),2012,,2.083333254,,F,Free (free for publication),2,Two,A,Normal value,0,Units
DATAFLOW,OECD.ELS.JAI:DSD_EPL@DF_EPL(1.0),Strictness of employment protection,I,A,Annual,RUS,Russia,EPL_OV,Individual and collective dismissals (regular contracts),0_TO_6,0-6 scale,VERSION2,Version 2 (1998-2019),2012,,2.616780043,,F,Free (free for publication),2,Two,A,Normal value,0,Units
DATAFLOW,OECD.ELS.JAI:DSD_EPL@DF_EPL(1.0),Strictness of employment protection,I,A,Annual,SAU,Saudi Arabia,EPL_OV,Individual and collective dismissals (regular contracts),0_TO_6,0-6 scale,VERSION2,Version 2 (1998-2019),2012,,0.980725646,,F,Free (free for publication),2,Two,A,Normal value,0,Units
DATAFLOW,OECD.ELS.JAI:DSD_EPL@DF_EPL(1.0),Strictness of employment protection,I,A,Annual,ZAF,South Africa,EPL_OV,Individual and collective dismissals (regular contracts),0_TO_6,0-6 scale,VERSION2,Version 2 (1998-2019),2012,,2.077664375,,F,Free (free for publication),2,Two,A,Normal value,0,Units
DATAFLOW,OECD.ELS.JAI:DSD_EPL@DF_EPL(1.0),Strictness of employment protection,I,A,Annual,THA,Thailand,EPL_OV,Individual and collective dismissals (regular contracts),0_TO_6,0-6 scale,VERSION2,Version 2 (1998-2019),2012,,2.086167812,,F,Free (free for publication),2,Two,A,Normal value,0,Units
DATAFLOW,OECD.ELS.JAI:DSD_EPL@DF_EPL(1.0),Strictness of employment protection,I,A,Annual,AUS,Australia,EPL_OV,Individual and collective dismissals (regular contracts),0_TO_6,0-6 scale,VERSION2,Version 2 (1998-2019),2013,,2.011904716,,F,Free (free for publication),2,Two,A,Normal value,0,Units
DATAFLOW,OECD.ELS.JAI:DSD_EPL@DF_EPL(1.0),Strictness of employment protection,I,A,Annual,AUT,Austria,EPL_OV,Individual and collective dismissals (regular contracts),0_TO_6,0-6 scale,VERSION2,Version 2 (1998-2019),2013,,2.561224461,,F,Free (free for publication),2,Two,A,Normal value,0,Units
DATAFLOW,OECD.ELS.JAI:DSD_EPL@DF_EPL(1.0),Strictness of employment protection,I,A,Annual,BEL,Belgium,EPL_OV,Individual and collective dismissals (regular contracts),0_TO_6,0-6 scale,VERSION2,Version 2 (1998-2019),2013,,2.597505569,,F,Free (free for publication),2,Two,A,Normal value,0,Units
DATAFLOW,OECD.ELS.JAI:DSD_EPL@DF_EPL(1.0),Strictness of employment protection,I,A,Annual,CAN,Canada,EPL_OV,Individual and collective dismissals (regular contracts),0_TO_6,0-6 scale,VERSION2,Version 2 (1998-2019),2013,,1.314858317,,F,Free (free for publication),2,Two,A,Normal value,0,Units
DATAFLOW,OECD.ELS.JAI:DSD_EPL@DF_EPL(1.0),Strictness of employment protection,I,A,Annual,CHL,Chile,EPL_OV,Individual and collective dismissals (regular contracts),0_TO_6,0-6 scale,VERSION2,Version 2 (1998-2019),2013,,1.910430908,,F,Free (free for publication),2,Two,A,Normal value,0,Units
DATAFLOW,OECD.ELS.JAI:DSD_EPL@DF_EPL(1.0),Strictness of employment protection,I,A,Annual,CZE,Czechia,EPL_OV,Individual and collective dismissals (regular contracts),0_TO_6,0-6 scale,VERSION2,Version 2 (1998-2019),2013,,2.934240341,,F,Free (free for publication),2,Two,A,Normal value,0,Units
DATAFLOW,OECD.ELS.JAI:DSD_EPL@DF_EPL(1.0),Strictness of employment protection,I,A,Annual,DNK,Denmark,EPL_OV,Individual and collective dismissals (regular contracts),0_TO_6,0-6 scale,VERSION2,Version 2 (1998-2019),2013,,1.915532827,,F,Free (free for publication),2,Two,A,Normal value,0,Units
DATAFLOW,OECD.ELS.JAI:DSD_EPL@DF_EPL(1.0),Strictness of employment protection,I,A,Annual,EST,Estonia,EPL_OV,Individual and collective dismissals (regular contracts),0_TO_6,0-6 scale,VERSION2,Version 2 (1998-2019),2013,,2.113945484,,F,Free (free for publication),2,Two,A,Normal value,0,Units
DATAFLOW,OECD.ELS.JAI:DSD_EPL@DF_EPL(1.0),Strictness of employment protection,I,A,Annual,FIN,Finland,EPL_OV,Individual and collective dismissals (regular contracts),0_TO_6,0-6 scale,VERSION2,Version 2 (1998-2019),2013,,1.952380896,,F,Free (free for publication),2,Two,A,Normal value,0,Units
DATAFLOW,OECD.ELS.JAI:DSD_EPL@DF_EPL(1.0),Strictness of employment protection,I,A,Annual,FRA,France,EPL_OV,Individual and collective dismissals (regular contracts),0_TO_6,0-6 scale,VERSION2,Version 2 (1998-2019),2013,,2.676451206,,F,Free (free for publication),2,Two,A,Normal value,0,Units
DATAFLOW,OECD.ELS.JAI:DSD_EPL@DF_EPL(1.0),Strictness of employment protection,I,A,Annual,DEU,Germany,EPL_OV,Individual and collective dismissals (regular contracts),0_TO_6,0-6 scale,VERSION2,Version 2 (1998-2019),2013,,2.889455795,,F,Free (free for publication),2,Two,A,Normal value,0,Units
DATAFLOW,OECD.ELS.JAI:DSD_EPL@DF_EPL(1.0),Strictness of employment protection,I,A,Annual,GRC,Greece,EPL_OV,Individual and collective dismissals (regular contracts),0_TO_6,0-6 scale,VERSION2,Version 2 (1998-2019),2013,,2.573129177,,F,Free (free for publication),2,Two,A,Normal value,0,Units
DATAFLOW,OECD.ELS.JAI:DSD_EPL@DF_EPL(1.0),Strictness of employment protection,I,A,Annual,HUN,Hungary,EPL_OV,Individual and collective dismissals (regular contracts),0_TO_6,0-6 scale,VERSION2,Version 2 (1998-2019),2013,,2.169501066,,F,Free (free for publication),2,Two,A,Normal value,0,Units
DATAFLOW,OECD.ELS.JAI:DSD_EPL@DF_EPL(1.0),Strictness of employment protection,I,A,Annual,ISL,Iceland,EPL_OV,Individual and collective dismissals (regular contracts),0_TO_6,0-6 scale,VERSION2,Version 2 (1998-2019),2013,,1.93820858,,F,Free (free for publication),2,Two,A,Normal value,0,Units
DATAFLOW,OECD.ELS.JAI:DSD_EPL@DF_EPL(1.0),Strictness of employment protection,I,A,Annual,IRL,Ireland,EPL_OV,Individual and collective dismissals (regular contracts),0_TO_6,0-6 scale,VERSION2,Version 2 (1998-2019),2013,,1.878684759,,F,Free (free for publication),2,Two,A,Normal value,0,Units
DATAFLOW,OECD.ELS.JAI:DSD_EPL@DF_EPL(1.0),Strictness of employment protection,I,A,Annual,ISR,Israel,EPL_OV,Individual and collective dismissals (regular contracts),0_TO_6,0-6 scale,VERSION2,Version 2 (1998-2019),2013,,2.227891207,,F,Free (free for publication),2,Two,A,Normal value,0,Units
DATAFLOW,OECD.ELS.JAI:DSD_EPL@DF_EPL(1.0),Strictness of employment protection,I,A,Annual,ITA,Italy,EPL_OV,Individual and collective dismissals (regular contracts),0_TO_6,0-6 scale,VERSION2,Version 2 (1998-2019),2013,,3.166099787,,F,Free (free for publication),2,Two,A,Normal value,0,Units
DATAFLOW,OECD.ELS.JAI:DSD_EPL@DF_EPL(1.0),Strictness of employment protection,I,A,Annual,JPN,Japan,EPL_OV,Individual and collective dismissals (regular contracts),0_TO_6,0-6 scale,VERSION2,Version 2 (1998-2019),2013,,1.90646255,,F,Free (free for publication),2,Two,A,Normal value,0,Units
DATAFLOW,OECD.ELS.JAI:DSD_EPL@DF_EPL(1.0),Strictness of employment protection,I,A,Annual,KOR,Korea,EPL_OV,Individual and collective dismissals (regular contracts),0_TO_6,0-6 scale,VERSION2,Version 2 (1998-2019),2013,,2.261904716,,F,Free (free for publication),2,Two,A,Normal value,0,Units
DATAFLOW,OECD.ELS.JAI:DSD_EPL@DF_EPL(1.0),Strictness of employment protection,I,A,Annual,LVA,Latvia,EPL_OV,Individual and collective dismissals (regular contracts),0_TO_6,0-6 scale,VERSION2,Version 2 (1998-2019),2013,,3.228457928,,F,Free (free for publication),2,Two,A,Normal value,0,Units
DATAFLOW,OECD.ELS.JAI:DSD_EPL@DF_EPL(1.0),Strictness of employment protection,I,A,Annual,LUX,Luxembourg,EPL_OV,Individual and collective dismissals (regular contracts),0_TO_6,0-6 scale,VERSION2,Version 2 (1998-2019),2013,,2.632879972,,F,Free (free for publication),2,Two,A,Normal value,0,Units
DATAFLOW,OECD.ELS.JAI:DSD_EPL@DF_EPL(1.0),Strictness of employment protection,I,A,Annual,MEX,Mexico,EPL_OV,Individual and collective dismissals (regular contracts),0_TO_6,0-6 scale,VERSION2,Version 2 (1998-2019),2013,,2.789115667,,F,Free (free for publication),2,Two,A,Normal value,0,Units
DATAFLOW,OECD.ELS.JAI:DSD_EPL@DF_EPL(1.0),Strictness of employment protection,I,A,Annual,NLD,Netherlands,EPL_OV,Individual and collective dismissals (regular contracts),0_TO_6,0-6 scale,VERSION2,Version 2 (1998-2019),2013,,3.223639488,,F,Free (free for publication),2,Two,A,Normal value,0,Units
DATAFLOW,OECD.ELS.JAI:DSD_EPL@DF_EPL(1.0),Strictness of employment protection,I,A,Annual,NZL,New Zealand,EPL_OV,Individual and collective dismissals (regular contracts),0_TO_6,0-6 scale,VERSION2,Version 2 (1998-2019),2013,,1.173469424,,F,Free (free for publication),2,Two,A,Normal value,0,Units
DATAFLOW,OECD.ELS.JAI:DSD_EPL@DF_EPL(1.0),Strictness of employment protection,I,A,Annual,NOR,Norway,EPL_OV,Individual and collective dismissals (regular contracts),0_TO_6,0-6 scale,VERSION2,Version 2 (1998-2019),2013,,2.380952358,,F,Free (free for publication),2,Two,A,Normal value,0,Units
DATAFLOW,OECD.ELS.JAI:DSD_EPL@DF_EPL(1.0),Strictness of employment protection,I,A,Annual,POL,Poland,EPL_OV,Individual and collective dismissals (regular contracts),0_TO_6,0-6 scale,VERSION2,Version 2 (1998-2019),2013,,2.482426167,,F,Free (free for publication),2,Two,A,Normal value,0,Units
DATAFLOW,OECD.ELS.JAI:DSD_EPL@DF_EPL(1.0),Strictness of employment protection,I,A,Annual,PRT,Portugal,EPL_OV,Individual and collective dismissals (regular contracts),0_TO_6,0-6 scale,VERSION2,Version 2 (1998-2019),2013,,2.959183693,,F,Free (free for publication),2,Two,A,Normal value,0,Units
DATAFLOW,OECD.ELS.JAI:DSD_EPL@DF_EPL(1.0),Strictness of employment protection,I,A,Annual,SVK,Slovak Republic,EPL_OV,Individual and collective dismissals (regular contracts),0_TO_6,0-6 scale,VERSION2,Version 2 (1998-2019),2013,,2.755668879,,F,Free (free for publication),2,Two,A,Normal value,0,Units
DATAFLOW,OECD.ELS.JAI:DSD_EPL@DF_EPL(1.0),Strictness of employment protection,I,A,Annual,SVN,Slovenia,EPL_OV,Individual and collective dismissals (regular contracts),0_TO_6,0-6 scale,VERSION2,Version 2 (1998-2019),2013,,2.895124674,,F,Free (free for publication),2,Two,A,Normal value,0,Units
DATAFLOW,OECD.ELS.JAI:DSD_EPL@DF_EPL(1.0),Strictness of employment protection,I,A,Annual,ESP,Spain,EPL_OV,Individual and collective dismissals (regular contracts),0_TO_6,0-6 scale,VERSION2,Version 2 (1998-2019),2013,,2.259489775,,F,Free (free for publication),2,Two,A,Normal value,0,Units
DATAFLOW,OECD.ELS.JAI:DSD_EPL@DF_EPL(1.0),Strictness of employment protection,I,A,Annual,SWE,Sweden,EPL_OV,Individual and collective dismissals (regular contracts),0_TO_6,0-6 scale,VERSION2,Version 2 (1998-2019),2013,,2.604591846,,F,Free (free for publication),2,Two,A,Normal value,0,Units
DATAFLOW,OECD.ELS.JAI:DSD_EPL@DF_EPL(1.0),Strictness of employment protection,I,A,Annual,CHE,Switzerland,EPL_OV,Individual and collective dismissals (regular contracts),0_TO_6,0-6 scale,VERSION2,Version 2 (1998-2019),2013,,2.056122541,,F,Free (free for publication),2,Two,A,Normal value,0,Units
DATAFLOW,OECD.ELS.JAI:DSD_EPL@DF_EPL(1.0),Strictness of employment protection,I,A,Annual,TUR,Türkiye,EPL_OV,Individual and collective dismissals (regular contracts),0_TO_6,0-6 scale,VERSION2,Version 2 (1998-2019),2013,,2.875850439,,F,Free (free for publication),2,Two,A,Normal value,0,Units
DATAFLOW,OECD.ELS.JAI:DSD_EPL@DF_EPL(1.0),Strictness of employment protection,I,A,Annual,GBR,United Kingdom,EPL_OV,Individual and collective dismissals (regular contracts),0_TO_6,0-6 scale,VERSION2,Version 2 (1998-2019),2013,,1.639455795,,F,Free (free for publication),2,Two,A,Normal value,0,Units
DATAFLOW,OECD.ELS.JAI:DSD_EPL@DF_EPL(1.0),Strictness of employment protection,I,A,Annual,USA,United States,EPL_OV,Individual and collective dismissals (regular contracts),0_TO_6,0-6 scale,VERSION2,Version 2 (1998-2019),2013,,0.673095226,,F,Free (free for publication),2,Two,A,Normal value,0,Units
DATAFLOW,OECD.ELS.JAI:DSD_EPL@DF_EPL(1.0),Strictness of employment protection,I,A,Annual,ARG,Argentina,EPL_OV,Individual and collective dismissals (regular contracts),0_TO_6,0-6 scale,VERSION2,Version 2 (1998-2019),2013,,2.345385551,,F,Free (free for publication),2,Two,A,Normal value,0,Units
DATAFLOW,OECD.ELS.JAI:DSD_EPL@DF_EPL(1.0),Strictness of employment protection,I,A,Annual,XKV,Kosovo,EPL_OV,Individual and collective dismissals (regular contracts),0_TO_6,0-6 scale,VERSION2,Version 2 (1998-2019),2013,,2.083333254,,F,Free (free for publication),2,Two,A,Normal value,0,Units
DATAFLOW,OECD.ELS.JAI:DSD_EPL@DF_EPL(1.0),Strictness of employment protection,I,A,Annual,MYS,Malaysia,EPL_OV,Individual and collective dismissals (regular contracts),0_TO_6,0-6 scale,VERSION2,Version 2 (1998-2019),2013,,2.029478312,,F,Free (free for publication),2,Two,A,Normal value,0,Units
DATAFLOW,OECD.ELS.JAI:DSD_EPL@DF_EPL(1.0),Strictness of employment protection,I,A,Annual,MNE,Montenegro,EPL_OV,Individual and collective dismissals (regular contracts),0_TO_6,0-6 scale,VERSION2,Version 2 (1998-2019),2013,,3.019841194,,F,Free (free for publication),2,Two,A,Normal value,0,Units
DATAFLOW,OECD.ELS.JAI:DSD_EPL@DF_EPL(1.0),Strictness of employment protection,I,A,Annual,THA,Thailand,EPL_OV,Individual and collective dismissals (regular contracts),0_TO_6,0-6 scale,VERSION2,Version 2 (1998-2019),2013,,2.086167812,,F,Free (free for publication),2,Two,A,Normal value,0,Units
DATAFLOW,OECD.ELS.JAI:DSD_EPL@DF_EPL(1.0),Strictness of employment protection,I,A,Annual,TUN,Tunisia,EPL_OV,Individual and collective dismissals (regular contracts),0_TO_6,0-6 scale,VERSION2,Version 2 (1998-2019),2013,,1.816893458,,F,Free (free for publication),2,Two,A,Normal value,0,Units
DATAFLOW,OECD.ELS.JAI:DSD_EPL@DF_EPL(1.0),Strictness of employment protection,I,A,Annual,AUS,Australia,EPL_OV,Individual and collective dismissals (regular contracts),0_TO_6,0-6 scale,VERSION2,Version 2 (1998-2019),2014,,2.011904716,,F,Free (free for publication),2,Two,A,Normal value,0,Units
DATAFLOW,OECD.ELS.JAI:DSD_EPL@DF_EPL(1.0),Strictness of employment protection,I,A,Annual,AUT,Austria,EPL_OV,Individual and collective dismissals (regular contracts),0_TO_6,0-6 scale,VERSION2,Version 2 (1998-2019),2014,,2.561224461,,F,Free (free for publication),2,Two,A,Normal value,0,Units
DATAFLOW,OECD.ELS.JAI:DSD_EPL@DF_EPL(1.0),Strictness of employment protection,I,A,Annual,BEL,Belgium,EPL_OV,Individual and collective dismissals (regular contracts),0_TO_6,0-6 scale,VERSION2,Version 2 (1998-2019),2014,,2.631519318,,F,Free (free for publication),2,Two,A,Normal value,0,Units
DATAFLOW,OECD.ELS.JAI:DSD_EPL@DF_EPL(1.0),Strictness of employment protection,I,A,Annual,CAN,Canada,EPL_OV,Individual and collective dismissals (regular contracts),0_TO_6,0-6 scale,VERSION2,Version 2 (1998-2019),2014,,1.314858317,,F,Free (free for publication),2,Two,A,Normal value,0,Units
DATAFLOW,OECD.ELS.JAI:DSD_EPL@DF_EPL(1.0),Strictness of employment protection,I,A,Annual,CHL,Chile,EPL_OV,Individual and collective dismissals (regular contracts),0_TO_6,0-6 scale,VERSION2,Version 2 (1998-2019),2014,,1.910430908,,F,Free (free for publication),2,Two,A,Normal value,0,Units
DATAFLOW,OECD.ELS.JAI:DSD_EPL@DF_EPL(1.0),Strictness of employment protection,I,A,Annual,COL,Colombia,EPL_OV,Individual and collective dismissals (regular contracts),0_TO_6,0-6 scale,VERSION2,Version 2 (1998-2019),2014,,2.242630482,,F,Free (free for publication),2,Two,A,Normal value,0,Units
DATAFLOW,OECD.ELS.JAI:DSD_EPL@DF_EPL(1.0),Strictness of employment protection,I,A,Annual,CRI,Costa Rica,EPL_OV,Individual and collective dismissals (regular contracts),0_TO_6,0-6 scale,VERSION2,Version 2 (1998-2019),2014,,0.487528354,,F,Free (free for publication),2,Two,A,Normal value,0,Units
DATAFLOW,OECD.ELS.JAI:DSD_EPL@DF_EPL(1.0),Strictness of employment protection,I,A,Annual,CZE,Czechia,EPL_OV,Individual and collective dismissals (regular contracts),0_TO_6,0-6 scale,VERSION2,Version 2 (1998-2019),2014,,2.934240341,,F,Free (free for publication),2,Two,A,Normal value,0,Units
DATAFLOW,OECD.ELS.JAI:DSD_EPL@DF_EPL(1.0),Strictness of employment protection,I,A,Annual,DNK,Denmark,EPL_OV,Individual and collective dismissals (regular contracts),0_TO_6,0-6 scale,VERSION2,Version 2 (1998-2019),2014,,1.915532827,,F,Free (free for publication),2,Two,A,Normal value,0,Units
DATAFLOW,OECD.ELS.JAI:DSD_EPL@DF_EPL(1.0),Strictness of employment protection,I,A,Annual,EST,Estonia,EPL_OV,Individual and collective dismissals (regular contracts),0_TO_6,0-6 scale,VERSION2,Version 2 (1998-2019),2014,,2.113945484,,F,Free (free for publication),2,Two,A,Normal value,0,Units
DATAFLOW,OECD.ELS.JAI:DSD_EPL@DF_EPL(1.0),Strictness of employment protection,I,A,Annual,FIN,Finland,EPL_OV,Individual and collective dismissals (regular contracts),0_TO_6,0-6 scale,VERSION2,Version 2 (1998-2019),2014,,1.952380896,,F,Free (free for publication),2,Two,A,Normal value,0,Units
DATAFLOW,OECD.ELS.JAI:DSD_EPL@DF_EPL(1.0),Strictness of employment protection,I,A,Annual,FRA,France,EPL_OV,Individual and collective dismissals (regular contracts),0_TO_6,0-6 scale,VERSION2,Version 2 (1998-2019),2014,,2.676451206,,F,Free (free for publication),2,Two,A,Normal value,0,Units
DATAFLOW,OECD.ELS.JAI:DSD_EPL@DF_EPL(1.0),Strictness of employment protection,I,A,Annual,DEU,Germany,EPL_OV,Individual and collective dismissals (regular contracts),0_TO_6,0-6 scale,VERSION2,Version 2 (1998-2019),2014,,2.889455795,,F,Free (free for publication),2,Two,A,Normal value,0,Units
DATAFLOW,OECD.ELS.JAI:DSD_EPL@DF_EPL(1.0),Strictness of employment protection,I,A,Annual,GRC,Greece,EPL_OV,Individual and collective dismissals (regular contracts),0_TO_6,0-6 scale,VERSION2,Version 2 (1998-2019),2014,,2.573129177,,F,Free (free for publication),2,Two,A,Normal value,0,Units
DATAFLOW,OECD.ELS.JAI:DSD_EPL@DF_EPL(1.0),Strictness of employment protection,I,A,Annual,HUN,Hungary,EPL_OV,Individual and collective dismissals (regular contracts),0_TO_6,0-6 scale,VERSION2,Version 2 (1998-2019),2014,,2.169501066,,F,Free (free for publication),2,Two,A,Normal value,0,Units
DATAFLOW,OECD.ELS.JAI:DSD_EPL@DF_EPL(1.0),Strictness of employment protection,I,A,Annual,ISL,Iceland,EPL_OV,Individual and collective dismissals (regular contracts),0_TO_6,0-6 scale,VERSION2,Version 2 (1998-2019),2014,,1.93820858,,F,Free (free for publication),2,Two,A,Normal value,0,Units
DATAFLOW,OECD.ELS.JAI:DSD_EPL@DF_EPL(1.0),Strictness of employment protection,I,A,Annual,IRL,Ireland,EPL_OV,Individual and collective dismissals (regular contracts),0_TO_6,0-6 scale,VERSION2,Version 2 (1998-2019),2014,,1.878684759,,F,Free (free for publication),2,Two,A,Normal value,0,Units
DATAFLOW,OECD.ELS.JAI:DSD_EPL@DF_EPL(1.0),Strictness of employment protection,I,A,Annual,ISR,Israel,EPL_OV,Individual and collective dismissals (regular contracts),0_TO_6,0-6 scale,VERSION2,Version 2 (1998-2019),2014,,2.227891207,,F,Free (free for publication),2,Two,A,Normal value,0,Units
DATAFLOW,OECD.ELS.JAI:DSD_EPL@DF_EPL(1.0),Strictness of employment protection,I,A,Annual,ITA,Italy,EPL_OV,Individual and collective dismissals (regular contracts),0_TO_6,0-6 scale,VERSION2,Version 2 (1998-2019),2014,,3.166099787,,F,Free (free for publication),2,Two,A,Normal value,0,Units
DATAFLOW,OECD.ELS.JAI:DSD_EPL@DF_EPL(1.0),Strictness of employment protection,I,A,Annual,JPN,Japan,EPL_OV,Individual and collective dismissals (regular contracts),0_TO_6,0-6 scale,VERSION2,Version 2 (1998-2019),2014,,1.90646255,,F,Free (free for publication),2,Two,A,Normal value,0,Units
DATAFLOW,OECD.ELS.JAI:DSD_EPL@DF_EPL(1.0),Strictness of employment protection,I,A,Annual,KOR,Korea,EPL_OV,Individual and collective dismissals (regular contracts),0_TO_6,0-6 scale,VERSION2,Version 2 (1998-2019),2014,,2.261904716,,F,Free (free for publication),2,Two,A,Normal value,0,Units
DATAFLOW,OECD.ELS.JAI:DSD_EPL@DF_EPL(1.0),Strictness of employment protection,I,A,Annual,LVA,Latvia,EPL_OV,Individual and collective dismissals (regular contracts),0_TO_6,0-6 scale,VERSION2,Version 2 (1998-2019),2014,,3.228457928,,F,Free (free for publication),2,Two,A,Normal value,0,Units
DATAFLOW,OECD.ELS.JAI:DSD_EPL@DF_EPL(1.0),Strictness of employment protection,I,A,Annual,LTU,Lithuania,EPL_OV,Individual and collective dismissals (regular contracts),0_TO_6,0-6 scale,VERSION2,Version 2 (1998-2019),2014,,2.697845697,,F,Free (free for publication),2,Two,A,Normal value,0,Units
DATAFLOW,OECD.ELS.JAI:DSD_EPL@DF_EPL(1.0),Strictness of employment protection,I,A,Annual,LUX,Luxembourg,EPL_OV,Individual and collective dismissals (regular contracts),0_TO_6,0-6 scale,VERSION2,Version 2 (1998-2019),2014,,2.632879972,,F,Free (free for publication),2,Two,A,Normal value,0,Units
DATAFLOW,OECD.ELS.JAI:DSD_EPL@DF_EPL(1.0),Strictness of employment protection,I,A,Annual,MEX,Mexico,EPL_OV,Individual and collective dismissals (regular contracts),0_TO_6,0-6 scale,VERSION2,Version 2 (1998-2019),2014,,2.789115667,,F,Free (free for publication),2,Two,A,Normal value,0,Units
DATAFLOW,OECD.ELS.JAI:DSD_EPL@DF_EPL(1.0),Strictness of employment protection,I,A,Annual,NLD,Netherlands,EPL_OV,Individual and collective dismissals (regular contracts),0_TO_6,0-6 scale,VERSION2,Version 2 (1998-2019),2014,,3.223639488,,F,Free (free for publication),2,Two,A,Normal value,0,Units
DATAFLOW,OECD.ELS.JAI:DSD_EPL@DF_EPL(1.0),Strictness of employment protection,I,A,Annual,NZL,New Zealand,EPL_OV,Individual and collective dismissals (regular contracts),0_TO_6,0-6 scale,VERSION2,Version 2 (1998-2019),2014,,1.173469424,,F,Free (free for publication),2,Two,A,Normal value,0,Units
DATAFLOW,OECD.ELS.JAI:DSD_EPL@DF_EPL(1.0),Strictness of employment protection,I,A,Annual,NOR,Norway,EPL_OV,Individual and collective dismissals (regular contracts),0_TO_6,0-6 scale,VERSION2,Version 2 (1998-2019),2014,,2.380952358,,F,Free (free for publication),2,Two,A,Normal value,0,Units
DATAFLOW,OECD.ELS.JAI:DSD_EPL@DF_EPL(1.0),Strictness of employment protection,I,A,Annual,POL,Poland,EPL_OV,Individual and collective dismissals (regular contracts),0_TO_6,0-6 scale,VERSION2,Version 2 (1998-2019),2014,,2.482426167,,F,Free (free for publication),2,Two,A,Normal value,0,Units
DATAFLOW,OECD.ELS.JAI:DSD_EPL@DF_EPL(1.0),Strictness of employment protection,I,A,Annual,PRT,Portugal,EPL_OV,Individual and collective dismissals (regular contracts),0_TO_6,0-6 scale,VERSION2,Version 2 (1998-2019),2014,,2.777777672,,F,Free (free for publication),2,Two,A,Normal value,0,Units
DATAFLOW,OECD.ELS.JAI:DSD_EPL@DF_EPL(1.0),Strictness of employment protection,I,A,Annual,SVK,Slovak Republic,EPL_OV,Individual and collective dismissals (regular contracts),0_TO_6,0-6 scale,VERSION2,Version 2 (1998-2019),2014,,2.755668879,,F,Free (free for publication),2,Two,A,Normal value,0,Units
DATAFLOW,OECD.ELS.JAI:DSD_EPL@DF_EPL(1.0),Strictness of employment protection,I,A,Annual,SVN,Slovenia,EPL_OV,Individual and collective dismissals (regular contracts),0_TO_6,0-6 scale,VERSION2,Version 2 (1998-2019),2014,,2.518140554,,F,Free (free for publication),2,Two,A,Normal value,0,Units
DATAFLOW,OECD.ELS.JAI:DSD_EPL@DF_EPL(1.0),Strictness of employment protection,I,A,Annual,ESP,Spain,EPL_OV,Individual and collective dismissals (regular contracts),0_TO_6,0-6 scale,VERSION2,Version 2 (1998-2019),2014,,2.259489775,,F,Free (free for publication),2,Two,A,Normal value,0,Units
DATAFLOW,OECD.ELS.JAI:DSD_EPL@DF_EPL(1.0),Strictness of employment protection,I,A,Annual,SWE,Sweden,EPL_OV,Individual and collective dismissals (regular contracts),0_TO_6,0-6 scale,VERSION2,Version 2 (1998-2019),2014,,2.604591846,,F,Free (free for publication),2,Two,A,Normal value,0,Units
DATAFLOW,OECD.ELS.JAI:DSD_EPL@DF_EPL(1.0),Strictness of employment protection,I,A,Annual,CHE,Switzerland,EPL_OV,Individual and collective dismissals (regular contracts),0_TO_6,0-6 scale,VERSION2,Version 2 (1998-2019),2014,,2.056122541,,F,Free (free for publication),2,Two,A,Normal value,0,Units
DATAFLOW,OECD.ELS.JAI:DSD_EPL@DF_EPL(1.0),Strictness of employment protection,I,A,Annual,TUR,Türkiye,EPL_OV,Individual and collective dismissals (regular contracts),0_TO_6,0-6 scale,VERSION2,Version 2 (1998-2019),2014,,2.875850439,,F,Free (free for publication),2,Two,A,Normal value,0,Units
DATAFLOW,OECD.ELS.JAI:DSD_EPL@DF_EPL(1.0),Strictness of employment protection,I,A,Annual,GBR,United Kingdom,EPL_OV,Individual and collective dismissals (regular contracts),0_TO_6,0-6 scale,VERSION2,Version 2 (1998-2019),2014,,1.568027258,,F,Free (free for publication),2,Two,A,Normal value,0,Units
DATAFLOW,OECD.ELS.JAI:DSD_EPL@DF_EPL(1.0),Strictness of employment protection,I,A,Annual,USA,United States,EPL_OV,Individual and collective dismissals (regular contracts),0_TO_6,0-6 scale,VERSION2,Version 2 (1998-2019),2014,,0.673095226,,F,Free (free for publication),2,Two,A,Normal value,0,Units
DATAFLOW,OECD.ELS.JAI:DSD_EPL@DF_EPL(1.0),Strictness of employment protection,I,A,Annual,OECD,OECD,EPL_OV,Individual and collective dismissals (regular contracts),0_TO_6,0-6 scale,VERSION2,Version 2 (1998-2019),2014,,2.275303602,,F,Free (free for publication),2,Two,A,Normal value,0,Units
DATAFLOW,OECD.ELS.JAI:DSD_EPL@DF_EPL(1.0),Strictness of employment protection,I,A,Annual,ARG,Argentina,EPL_OV,Individual and collective dismissals (regular contracts),0_TO_6,0-6 scale,VERSION2,Version 2 (1998-2019),2014,,2.345385551,,F,Free (free for publication),2,Two,A,Normal value,0,Units
DATAFLOW,OECD.ELS.JAI:DSD_EPL@DF_EPL(1.0),Strictness of employment protection,I,A,Annual,BHS,Bahamas,EPL_OV,Individual and collective dismissals (regular contracts),0_TO_6,0-6 scale,VERSION2,Version 2 (1998-2019),2014,,1.383219957,,F,Free (free for publication),2,Two,A,Normal value,0,Units
DATAFLOW,OECD.ELS.JAI:DSD_EPL@DF_EPL(1.0),Strictness of employment protection,I,A,Annual,BRB,Barbados,EPL_OV,Individual and collective dismissals (regular contracts),0_TO_6,0-6 scale,VERSION2,Version 2 (1998-2019),2014,,1.709183693,,F,Free (free for publication),2,Two,A,Normal value,0,Units
DATAFLOW,OECD.ELS.JAI:DSD_EPL@DF_EPL(1.0),Strictness of employment protection,I,A,Annual,BOL,Bolivia,EPL_OV,Individual and collective dismissals (regular contracts),0_TO_6,0-6 scale,VERSION2,Version 2 (1998-2019),2014,,1.887755036,,F,Free (free for publication),2,Two,A,Normal value,0,Units
DATAFLOW,OECD.ELS.JAI:DSD_EPL@DF_EPL(1.0),Strictness of employment protection,I,A,Annual,DOM,Dominican Republic,EPL_OV,Individual and collective dismissals (regular contracts),0_TO_6,0-6 scale,VERSION2,Version 2 (1998-2019),2014,,1.363378644,,F,Free (free for publication),2,Two,A,Normal value,0,Units
DATAFLOW,OECD.ELS.JAI:DSD_EPL@DF_EPL(1.0),Strictness of employment protection,I,A,Annual,ECU,Ecuador,EPL_OV,Individual and collective dismissals (regular contracts),0_TO_6,0-6 scale,VERSION2,Version 2 (1998-2019),2014,,1.544217706,,F,Free (free for publication),2,Two,A,Normal value,0,Units
DATAFLOW,OECD.ELS.JAI:DSD_EPL@DF_EPL(1.0),Strictness of employment protection,I,A,Annual,SLV,El Salvador,EPL_OV,Individual and collective dismissals (regular contracts),0_TO_6,0-6 scale,VERSION2,Version 2 (1998-2019),2014,,1.198979616,,F,Free (free for publication),2,Two,A,Normal value,0,Units
DATAFLOW,OECD.ELS.JAI:DSD_EPL@DF_EPL(1.0),Strictness of employment protection,I,A,Annual,GTM,Guatemala,EPL_OV,Individual and collective dismissals (regular contracts),0_TO_6,0-6 scale,VERSION2,Version 2 (1998-2019),2014,,1.051587343,,F,Free (free for publication),2,Two,A,Normal value,0,Units
DATAFLOW,OECD.ELS.JAI:DSD_EPL@DF_EPL(1.0),Strictness of employment protection,I,A,Annual,HND,Honduras,EPL_OV,Individual and collective dismissals (regular contracts),0_TO_6,0-6 scale,VERSION2,Version 2 (1998-2019),2014,,2.571428537,,F,Free (free for publication),2,Two,A,Normal value,0,Units
DATAFLOW,OECD.ELS.JAI:DSD_EPL@DF_EPL(1.0),Strictness of employment protection,I,A,Annual,JAM,Jamaica,EPL_OV,Individual and collective dismissals (regular contracts),0_TO_6,0-6 scale,VERSION2,Version 2 (1998-2019),2014,,1.518140554,,F,Free (free for publication),2,Two,A,Normal value,0,Units
DATAFLOW,OECD.ELS.JAI:DSD_EPL@DF_EPL(1.0),Strictness of employment protection,I,A,Annual,KAZ,Kazakhstan,EPL_OV,Individual and collective dismissals (regular contracts),0_TO_6,0-6 scale,VERSION2,Version 2 (1998-2019),2014,,2.372448921,,F,Free (free for publication),2,Two,A,Normal value,0,Units
DATAFLOW,OECD.ELS.JAI:DSD_EPL@DF_EPL(1.0),Strictness of employment protection,I,A,Annual,XKV,Kosovo,EPL_OV,Individual and collective dismissals (regular contracts),0_TO_6,0-6 scale,VERSION2,Version 2 (1998-2019),2014,,2.083333254,,F,Free (free for publication),2,Two,A,Normal value,0,Units
DATAFLOW,OECD.ELS.JAI:DSD_EPL@DF_EPL(1.0),Strictness of employment protection,I,A,Annual,NIC,Nicaragua,EPL_OV,Individual and collective dismissals (regular contracts),0_TO_6,0-6 scale,VERSION2,Version 2 (1998-2019),2014,,1.384353757,,F,Free (free for publication),2,Two,A,Normal value,0,Units
DATAFLOW,OECD.ELS.JAI:DSD_EPL@DF_EPL(1.0),Strictness of employment protection,I,A,Annual,PAN,Panama,EPL_OV,Individual and collective dismissals (regular contracts),0_TO_6,0-6 scale,VERSION2,Version 2 (1998-2019),2014,,1.675170183,,F,Free (free for publication),2,Two,A,Normal value,0,Units
DATAFLOW,OECD.ELS.JAI:DSD_EPL@DF_EPL(1.0),Strictness of employment protection,I,A,Annual,PRY,Paraguay,EPL_OV,Individual and collective dismissals (regular contracts),0_TO_6,0-6 scale,VERSION2,Version 2 (1998-2019),2014,,1.574829936,,F,Free (free for publication),2,Two,A,Normal value,0,Units
DATAFLOW,OECD.ELS.JAI:DSD_EPL@DF_EPL(1.0),Strictness of employment protection,I,A,Annual,PER,Peru,EPL_OV,Individual and collective dismissals (regular contracts),0_TO_6,0-6 scale,VERSION2,Version 2 (1998-2019),2014,,2.511904716,,F,Free (free for publication),2,Two,A,Normal value,0,Units
DATAFLOW,OECD.ELS.JAI:DSD_EPL@DF_EPL(1.0),Strictness of employment protection,I,A,Annual,THA,Thailand,EPL_OV,Individual and collective dismissals (regular contracts),0_TO_6,0-6 scale,VERSION2,Version 2 (1998-2019),2014,,2.086167812,,F,Free (free for publication),2,Two,A,Normal value,0,Units
DATAFLOW,OECD.ELS.JAI:DSD_EPL@DF_EPL(1.0),Strictness of employment protection,I,A,Annual,URY,Uruguay,EPL_OV,Individual and collective dismissals (regular contracts),0_TO_6,0-6 scale,VERSION2,Version 2 (1998-2019),2014,,1.417800426,,F,Free (free for publication),2,Two,A,Normal value,0,Units
DATAFLOW,OECD.ELS.JAI:DSD_EPL@DF_EPL(1.0),Strictness of employment protection,I,A,Annual,VEN,Venezuela,EPL_OV,Individual and collective dismissals (regular contracts),0_TO_6,0-6 scale,VERSION2,Version 2 (1998-2019),2014,,3.5,,F,Free (free for publication),2,Two,A,Normal value,0,Units
DATAFLOW,OECD.ELS.JAI:DSD_EPL@DF_EPL(1.0),Strictness of employment protection,I,A,Annual,AUS,Australia,EPL_OV,Individual and collective dismissals (regular contracts),0_TO_6,0-6 scale,VERSION2,Version 2 (1998-2019),2015,,2.011904716,,F,Free (free for publication),2,Two,A,Normal value,0,Units
DATAFLOW,OECD.ELS.JAI:DSD_EPL@DF_EPL(1.0),Strictness of employment protection,I,A,Annual,AUT,Austria,EPL_OV,Individual and collective dismissals (regular contracts),0_TO_6,0-6 scale,VERSION2,Version 2 (1998-2019),2015,,2.561224461,,F,Free (free for publication),2,Two,A,Normal value,0,Units
DATAFLOW,OECD.ELS.JAI:DSD_EPL@DF_EPL(1.0),Strictness of employment protection,I,A,Annual,BEL,Belgium,EPL_OV,Individual and collective dismissals (regular contracts),0_TO_6,0-6 scale,VERSION2,Version 2 (1998-2019),2015,,2.869614601,,F,Free (free for publication),2,Two,A,Normal value,0,Units
DATAFLOW,OECD.ELS.JAI:DSD_EPL@DF_EPL(1.0),Strictness of employment protection,I,A,Annual,CAN,Canada,EPL_OV,Individual and collective dismissals (regular contracts),0_TO_6,0-6 scale,VERSION2,Version 2 (1998-2019),2015,,1.314858317,,F,Free (free for publication),2,Two,A,Normal value,0,Units
DATAFLOW,OECD.ELS.JAI:DSD_EPL@DF_EPL(1.0),Strictness of employment protection,I,A,Annual,CHL,Chile,EPL_OV,Individual and collective dismissals (regular contracts),0_TO_6,0-6 scale,VERSION2,Version 2 (1998-2019),2015,,1.910430908,,F,Free (free for publication),2,Two,A,Normal value,0,Units
DATAFLOW,OECD.ELS.JAI:DSD_EPL@DF_EPL(1.0),Strictness of employment protection,I,A,Annual,COL,Colombia,EPL_OV,Individual and collective dismissals (regular contracts),0_TO_6,0-6 scale,VERSION2,Version 2 (1998-2019),2015,,2.242630482,,F,Free (free for publication),2,Two,A,Normal value,0,Units
DATAFLOW,OECD.ELS.JAI:DSD_EPL@DF_EPL(1.0),Strictness of employment protection,I,A,Annual,CRI,Costa Rica,EPL_OV,Individual and collective dismissals (regular contracts),0_TO_6,0-6 scale,VERSION2,Version 2 (1998-2019),2015,,0.487528354,,F,Free (free for publication),2,Two,A,Normal value,0,Units
DATAFLOW,OECD.ELS.JAI:DSD_EPL@DF_EPL(1.0),Strictness of employment protection,I,A,Annual,CZE,Czechia,EPL_OV,Individual and collective dismissals (regular contracts),0_TO_6,0-6 scale,VERSION2,Version 2 (1998-2019),2015,,2.934240341,,F,Free (free for publication),2,Two,A,Normal value,0,Units
DATAFLOW,OECD.ELS.JAI:DSD_EPL@DF_EPL(1.0),Strictness of employment protection,I,A,Annual,DNK,Denmark,EPL_OV,Individual and collective dismissals (regular contracts),0_TO_6,0-6 scale,VERSION2,Version 2 (1998-2019),2015,,1.915532827,,F,Free (free for publication),2,Two,A,Normal value,0,Units
DATAFLOW,OECD.ELS.JAI:DSD_EPL@DF_EPL(1.0),Strictness of employment protection,I,A,Annual,EST,Estonia,EPL_OV,Individual and collective dismissals (regular contracts),0_TO_6,0-6 scale,VERSION2,Version 2 (1998-2019),2015,,2.113945484,,F,Free (free for publication),2,Two,A,Normal value,0,Units
DATAFLOW,OECD.ELS.JAI:DSD_EPL@DF_EPL(1.0),Strictness of employment protection,I,A,Annual,FIN,Finland,EPL_OV,Individual and collective dismissals (regular contracts),0_TO_6,0-6 scale,VERSION2,Version 2 (1998-2019),2015,,1.952380896,,F,Free (free for publication),2,Two,A,Normal value,0,Units
DATAFLOW,OECD.ELS.JAI:DSD_EPL@DF_EPL(1.0),Strictness of employment protection,I,A,Annual,FRA,France,EPL_OV,Individual and collective dismissals (regular contracts),0_TO_6,0-6 scale,VERSION2,Version 2 (1998-2019),2015,,2.676451206,,F,Free (free for publication),2,Two,A,Normal value,0,Units
DATAFLOW,OECD.ELS.JAI:DSD_EPL@DF_EPL(1.0),Strictness of employment protection,I,A,Annual,DEU,Germany,EPL_OV,Individual and collective dismissals (regular contracts),0_TO_6,0-6 scale,VERSION2,Version 2 (1998-2019),2015,,2.889455795,,F,Free (free for publication),2,Two,A,Normal value,0,Units
DATAFLOW,OECD.ELS.JAI:DSD_EPL@DF_EPL(1.0),Strictness of employment protection,I,A,Annual,GRC,Greece,EPL_OV,Individual and collective dismissals (regular contracts),0_TO_6,0-6 scale,VERSION2,Version 2 (1998-2019),2015,,2.573129177,,F,Free (free for publication),2,Two,A,Normal value,0,Units
DATAFLOW,OECD.ELS.JAI:DSD_EPL@DF_EPL(1.0),Strictness of employment protection,I,A,Annual,HUN,Hungary,EPL_OV,Individual and collective dismissals (regular contracts),0_TO_6,0-6 scale,VERSION2,Version 2 (1998-2019),2015,,2.169501066,,F,Free (free for publication),2,Two,A,Normal value,0,Units
DATAFLOW,OECD.ELS.JAI:DSD_EPL@DF_EPL(1.0),Strictness of employment protection,I,A,Annual,ISL,Iceland,EPL_OV,Individual and collective dismissals (regular contracts),0_TO_6,0-6 scale,VERSION2,Version 2 (1998-2019),2015,,1.93820858,,F,Free (free for publication),2,Two,A,Normal value,0,Units
DATAFLOW,OECD.ELS.JAI:DSD_EPL@DF_EPL(1.0),Strictness of employment protection,I,A,Annual,IRL,Ireland,EPL_OV,Individual and collective dismissals (regular contracts),0_TO_6,0-6 scale,VERSION2,Version 2 (1998-2019),2015,,1.878684759,,F,Free (free for publication),2,Two,A,Normal value,0,Units
DATAFLOW,OECD.ELS.JAI:DSD_EPL@DF_EPL(1.0),Strictness of employment protection,I,A,Annual,ISR,Israel,EPL_OV,Individual and collective dismissals (regular contracts),0_TO_6,0-6 scale,VERSION2,Version 2 (1998-2019),2015,,2.227891207,,F,Free (free for publication),2,Two,A,Normal value,0,Units
DATAFLOW,OECD.ELS.JAI:DSD_EPL@DF_EPL(1.0),Strictness of employment protection,I,A,Annual,ITA,Italy,EPL_OV,Individual and collective dismissals (regular contracts),0_TO_6,0-6 scale,VERSION2,Version 2 (1998-2019),2015,,3.166099787,,F,Free (free for publication),2,Two,A,Normal value,0,Units
DATAFLOW,OECD.ELS.JAI:DSD_EPL@DF_EPL(1.0),Strictness of employment protection,I,A,Annual,JPN,Japan,EPL_OV,Individual and collective dismissals (regular contracts),0_TO_6,0-6 scale,VERSION2,Version 2 (1998-2019),2015,,1.90646255,,F,Free (free for publication),2,Two,A,Normal value,0,Units
DATAFLOW,OECD.ELS.JAI:DSD_EPL@DF_EPL(1.0),Strictness of employment protection,I,A,Annual,KOR,Korea,EPL_OV,Individual and collective dismissals (regular contracts),0_TO_6,0-6 scale,VERSION2,Version 2 (1998-2019),2015,,2.261904716,,F,Free (free for publication),2,Two,A,Normal value,0,Units
DATAFLOW,OECD.ELS.JAI:DSD_EPL@DF_EPL(1.0),Strictness of employment protection,I,A,Annual,LVA,Latvia,EPL_OV,Individual and collective dismissals (regular contracts),0_TO_6,0-6 scale,VERSION2,Version 2 (1998-2019),2015,,3.228457928,,F,Free (free for publication),2,Two,A,Normal value,0,Units
DATAFLOW,OECD.ELS.JAI:DSD_EPL@DF_EPL(1.0),Strictness of employment protection,I,A,Annual,LTU,Lithuania,EPL_OV,Individual and collective dismissals (regular contracts),0_TO_6,0-6 scale,VERSION2,Version 2 (1998-2019),2015,,2.697845697,,F,Free (free for publication),2,Two,A,Normal value,0,Units
DATAFLOW,OECD.ELS.JAI:DSD_EPL@DF_EPL(1.0),Strictness of employment protection,I,A,Annual,LUX,Luxembourg,EPL_OV,Individual and collective dismissals (regular contracts),0_TO_6,0-6 scale,VERSION2,Version 2 (1998-2019),2015,,2.632879972,,F,Free (free for publication),2,Two,A,Normal value,0,Units
DATAFLOW,OECD.ELS.JAI:DSD_EPL@DF_EPL(1.0),Strictness of employment protection,I,A,Annual,MEX,Mexico,EPL_OV,Individual and collective dismissals (regular contracts),0_TO_6,0-6 scale,VERSION2,Version 2 (1998-2019),2015,,2.789115667,,F,Free (free for publication),2,Two,A,Normal value,0,Units
DATAFLOW,OECD.ELS.JAI:DSD_EPL@DF_EPL(1.0),Strictness of employment protection,I,A,Annual,NLD,Netherlands,EPL_OV,Individual and collective dismissals (regular contracts),0_TO_6,0-6 scale,VERSION2,Version 2 (1998-2019),2015,,3.223639488,,F,Free (free for publication),2,Two,A,Normal value,0,Units
DATAFLOW,OECD.ELS.JAI:DSD_EPL@DF_EPL(1.0),Strictness of employment protection,I,A,Annual,NZL,New Zealand,EPL_OV,Individual and collective dismissals (regular contracts),0_TO_6,0-6 scale,VERSION2,Version 2 (1998-2019),2015,,1.173469424,,F,Free (free for publication),2,Two,A,Normal value,0,Units
DATAFLOW,OECD.ELS.JAI:DSD_EPL@DF_EPL(1.0),Strictness of employment protection,I,A,Annual,NOR,Norway,EPL_OV,Individual and collective dismissals (regular contracts),0_TO_6,0-6 scale,VERSION2,Version 2 (1998-2019),2015,,2.380952358,,F,Free (free for publication),2,Two,A,Normal value,0,Units
DATAFLOW,OECD.ELS.JAI:DSD_EPL@DF_EPL(1.0),Strictness of employment protection,I,A,Annual,POL,Poland,EPL_OV,Individual and collective dismissals (regular contracts),0_TO_6,0-6 scale,VERSION2,Version 2 (1998-2019),2015,,2.482426167,,F,Free (free for publication),2,Two,A,Normal value,0,Units
DATAFLOW,OECD.ELS.JAI:DSD_EPL@DF_EPL(1.0),Strictness of employment protection,I,A,Annual,PRT,Portugal,EPL_OV,Individual and collective dismissals (regular contracts),0_TO_6,0-6 scale,VERSION2,Version 2 (1998-2019),2015,,2.777777672,,F,Free (free for publication),2,Two,A,Normal value,0,Units
DATAFLOW,OECD.ELS.JAI:DSD_EPL@DF_EPL(1.0),Strictness of employment protection,I,A,Annual,SVK,Slovak Republic,EPL_OV,Individual and collective dismissals (regular contracts),0_TO_6,0-6 scale,VERSION2,Version 2 (1998-2019),2015,,2.755668879,,F,Free (free for publication),2,Two,A,Normal value,0,Units
DATAFLOW,OECD.ELS.JAI:DSD_EPL@DF_EPL(1.0),Strictness of employment protection,I,A,Annual,SVN,Slovenia,EPL_OV,Individual and collective dismissals (regular contracts),0_TO_6,0-6 scale,VERSION2,Version 2 (1998-2019),2015,,2.518140554,,F,Free (free for publication),2,Two,A,Normal value,0,Units
DATAFLOW,OECD.ELS.JAI:DSD_EPL@DF_EPL(1.0),Strictness of employment protection,I,A,Annual,ESP,Spain,EPL_OV,Individual and collective dismissals (regular contracts),0_TO_6,0-6 scale,VERSION2,Version 2 (1998-2019),2015,,2.259489775,,F,Free (free for publication),2,Two,A,Normal value,0,Units
DATAFLOW,OECD.ELS.JAI:DSD_EPL@DF_EPL(1.0),Strictness of employment protection,I,A,Annual,SWE,Sweden,EPL_OV,Individual and collective dismissals (regular contracts),0_TO_6,0-6 scale,VERSION2,Version 2 (1998-2019),2015,,2.604591846,,F,Free (free for publication),2,Two,A,Normal value,0,Units
DATAFLOW,OECD.ELS.JAI:DSD_EPL@DF_EPL(1.0),Strictness of employment protection,I,A,Annual,CHE,Switzerland,EPL_OV,Individual and collective dismissals (regular contracts),0_TO_6,0-6 scale,VERSION2,Version 2 (1998-2019),2015,,2.056122541,,F,Free (free for publication),2,Two,A,Normal value,0,Units
DATAFLOW,OECD.ELS.JAI:DSD_EPL@DF_EPL(1.0),Strictness of employment protection,I,A,Annual,TUR,Türkiye,EPL_OV,Individual and collective dismissals (regular contracts),0_TO_6,0-6 scale,VERSION2,Version 2 (1998-2019),2015,,2.875850439,,F,Free (free for publication),2,Two,A,Normal value,0,Units
DATAFLOW,OECD.ELS.JAI:DSD_EPL@DF_EPL(1.0),Strictness of employment protection,I,A,Annual,GBR,United Kingdom,EPL_OV,Individual and collective dismissals (regular contracts),0_TO_6,0-6 scale,VERSION2,Version 2 (1998-2019),2015,,1.568027258,,F,Free (free for publication),2,Two,A,Normal value,0,Units
DATAFLOW,OECD.ELS.JAI:DSD_EPL@DF_EPL(1.0),Strictness of employment protection,I,A,Annual,USA,United States,EPL_OV,Individual and collective dismissals (regular contracts),0_TO_6,0-6 scale,VERSION2,Version 2 (1998-2019),2015,,0.673095226,,F,Free (free for publication),2,Two,A,Normal value,0,Units
DATAFLOW,OECD.ELS.JAI:DSD_EPL@DF_EPL(1.0),Strictness of employment protection,I,A,Annual,OECD,OECD,EPL_OV,Individual and collective dismissals (regular contracts),0_TO_6,0-6 scale,VERSION2,Version 2 (1998-2019),2015,,2.281569242,,F,Free (free for publication),2,Two,A,Normal value,0,Units
DATAFLOW,OECD.ELS.JAI:DSD_EPL@DF_EPL(1.0),Strictness of employment protection,I,A,Annual,ALB,Albania,EPL_OV,Individual and collective dismissals (regular contracts),0_TO_6,0-6 scale,VERSION2,Version 2 (1998-2019),2015,,2.423469305,,F,Free (free for publication),2,Two,A,Normal value,0,Units
DATAFLOW,OECD.ELS.JAI:DSD_EPL@DF_EPL(1.0),Strictness of employment protection,I,A,Annual,ARG,Argentina,EPL_OV,Individual and collective dismissals (regular contracts),0_TO_6,0-6 scale,VERSION2,Version 2 (1998-2019),2015,,2.345385551,,F,Free (free for publication),2,Two,A,Normal value,0,Units
DATAFLOW,OECD.ELS.JAI:DSD_EPL@DF_EPL(1.0),Strictness of employment protection,I,A,Annual,BIH,Bosnia and Herzegovina,EPL_OV,Individual and collective dismissals (regular contracts),0_TO_6,0-6 scale,VERSION2,Version 2 (1998-2019),2015,,2.534863949,,F,Free (free for publication),2,Two,A,Normal value,0,Units
DATAFLOW,OECD.ELS.JAI:DSD_EPL@DF_EPL(1.0),Strictness of employment protection,I,A,Annual,HRV,Croatia,EPL_OV,Individual and collective dismissals (regular contracts),0_TO_6,0-6 scale,VERSION2,Version 2 (1998-2019),2015,,2.417233706,,F,Free (free for publication),2,Two,A,Normal value,0,Units
DATAFLOW,OECD.ELS.JAI:DSD_EPL@DF_EPL(1.0),Strictness of employment protection,I,A,Annual,KAZ,Kazakhstan,EPL_OV,Individual and collective dismissals (regular contracts),0_TO_6,0-6 scale,VERSION2,Version 2 (1998-2019),2015,,2.372448921,,F,Free (free for publication),2,Two,A,Normal value,0,Units
DATAFLOW,OECD.ELS.JAI:DSD_EPL@DF_EPL(1.0),Strictness of employment protection,I,A,Annual,MKD,North Macedonia,EPL_OV,Individual and collective dismissals (regular contracts),0_TO_6,0-6 scale,VERSION2,Version 2 (1998-2019),2015,,2.459183693,,F,Free (free for publication),2,Two,A,Normal value,0,Units
DATAFLOW,OECD.ELS.JAI:DSD_EPL@DF_EPL(1.0),Strictness of employment protection,I,A,Annual,PRY,Paraguay,EPL_OV,Individual and collective dismissals (regular contracts),0_TO_6,0-6 scale,VERSION2,Version 2 (1998-2019),2015,,1.574829936,,F,Free (free for publication),2,Two,A,Normal value,0,Units
DATAFLOW,OECD.ELS.JAI:DSD_EPL@DF_EPL(1.0),Strictness of employment protection,I,A,Annual,PER,Peru,EPL_OV,Individual and collective dismissals (regular contracts),0_TO_6,0-6 scale,VERSION2,Version 2 (1998-2019),2015,,2.511904716,,F,Free (free for publication),2,Two,A,Normal value,0,Units
DATAFLOW,OECD.ELS.JAI:DSD_EPL@DF_EPL(1.0),Strictness of employment protection,I,A,Annual,SRB,Serbia,EPL_OV,Individual and collective dismissals (regular contracts),0_TO_6,0-6 scale,VERSION2,Version 2 (1998-2019),2015,,2.25170064,,F,Free (free for publication),2,Two,A,Normal value,0,Units
DATAFLOW,OECD.ELS.JAI:DSD_EPL@DF_EPL(1.0),Strictness of employment protection,I,A,Annual,URY,Uruguay,EPL_OV,Individual and collective dismissals (regular contracts),0_TO_6,0-6 scale,VERSION2,Version 2 (1998-2019),2015,,1.417800426,,F,Free (free for publication),2,Two,A,Normal value,0,Units
DATAFLOW,OECD.ELS.JAI:DSD_EPL@DF_EPL(1.0),Strictness of employment protection,I,A,Annual,AUS,Australia,EPL_OV,Individual and collective dismissals (regular contracts),0_TO_6,0-6 scale,VERSION2,Version 2 (1998-2019),2016,,2.011904716,,F,Free (free for publication),2,Two,A,Normal value,0,Units
DATAFLOW,OECD.ELS.JAI:DSD_EPL@DF_EPL(1.0),Strictness of employment protection,I,A,Annual,AUT,Austria,EPL_OV,Individual and collective dismissals (regular contracts),0_TO_6,0-6 scale,VERSION2,Version 2 (1998-2019),2016,,2.561224461,,F,Free (free for publication),2,Two,A,Normal value,0,Units
DATAFLOW,OECD.ELS.JAI:DSD_EPL@DF_EPL(1.0),Strictness of employment protection,I,A,Annual,BEL,Belgium,EPL_OV,Individual and collective dismissals (regular contracts),0_TO_6,0-6 scale,VERSION2,Version 2 (1998-2019),2016,,2.869614601,,F,Free (free for publication),2,Two,A,Normal value,0,Units
DATAFLOW,OECD.ELS.JAI:DSD_EPL@DF_EPL(1.0),Strictness of employment protection,I,A,Annual,CAN,Canada,EPL_OV,Individual and collective dismissals (regular contracts),0_TO_6,0-6 scale,VERSION2,Version 2 (1998-2019),2016,,1.314858317,,F,Free (free for publication),2,Two,A,Normal value,0,Units
DATAFLOW,OECD.ELS.JAI:DSD_EPL@DF_EPL(1.0),Strictness of employment protection,I,A,Annual,CHL,Chile,EPL_OV,Individual and collective dismissals (regular contracts),0_TO_6,0-6 scale,VERSION2,Version 2 (1998-2019),2016,,1.910430908,,F,Free (free for publication),2,Two,A,Normal value,0,Units
DATAFLOW,OECD.ELS.JAI:DSD_EPL@DF_EPL(1.0),Strictness of employment protection,I,A,Annual,COL,Colombia,EPL_OV,Individual and collective dismissals (regular contracts),0_TO_6,0-6 scale,VERSION2,Version 2 (1998-2019),2016,,2.242630482,,F,Free (free for publication),2,Two,A,Normal value,0,Units
DATAFLOW,OECD.ELS.JAI:DSD_EPL@DF_EPL(1.0),Strictness of employment protection,I,A,Annual,CRI,Costa Rica,EPL_OV,Individual and collective dismissals (regular contracts),0_TO_6,0-6 scale,VERSION2,Version 2 (1998-2019),2016,,0.487528354,,F,Free (free for publication),2,Two,A,Normal value,0,Units
DATAFLOW,OECD.ELS.JAI:DSD_EPL@DF_EPL(1.0),Strictness of employment protection,I,A,Annual,CZE,Czechia,EPL_OV,Individual and collective dismissals (regular contracts),0_TO_6,0-6 scale,VERSION2,Version 2 (1998-2019),2016,,2.934240341,,F,Free (free for publication),2,Two,A,Normal value,0,Units
DATAFLOW,OECD.ELS.JAI:DSD_EPL@DF_EPL(1.0),Strictness of employment protection,I,A,Annual,DNK,Denmark,EPL_OV,Individual and collective dismissals (regular contracts),0_TO_6,0-6 scale,VERSION2,Version 2 (1998-2019),2016,,1.915532827,,F,Free (free for publication),2,Two,A,Normal value,0,Units
DATAFLOW,OECD.ELS.JAI:DSD_EPL@DF_EPL(1.0),Strictness of employment protection,I,A,Annual,EST,Estonia,EPL_OV,Individual and collective dismissals (regular contracts),0_TO_6,0-6 scale,VERSION2,Version 2 (1998-2019),2016,,2.113945484,,F,Free (free for publication),2,Two,A,Normal value,0,Units
DATAFLOW,OECD.ELS.JAI:DSD_EPL@DF_EPL(1.0),Strictness of employment protection,I,A,Annual,FIN,Finland,EPL_OV,Individual and collective dismissals (regular contracts),0_TO_6,0-6 scale,VERSION2,Version 2 (1998-2019),2016,,1.952380896,,F,Free (free for publication),2,Two,A,Normal value,0,Units
DATAFLOW,OECD.ELS.JAI:DSD_EPL@DF_EPL(1.0),Strictness of employment protection,I,A,Annual,FRA,France,EPL_OV,Individual and collective dismissals (regular contracts),0_TO_6,0-6 scale,VERSION2,Version 2 (1998-2019),2016,,2.676451206,,F,Free (free for publication),2,Two,A,Normal value,0,Units
DATAFLOW,OECD.ELS.JAI:DSD_EPL@DF_EPL(1.0),Strictness of employment protection,I,A,Annual,DEU,Germany,EPL_OV,Individual and collective dismissals (regular contracts),0_TO_6,0-6 scale,VERSION2,Version 2 (1998-2019),2016,,2.889455795,,F,Free (free for publication),2,Two,A,Normal value,0,Units
DATAFLOW,OECD.ELS.JAI:DSD_EPL@DF_EPL(1.0),Strictness of employment protection,I,A,Annual,GRC,Greece,EPL_OV,Individual and collective dismissals (regular contracts),0_TO_6,0-6 scale,VERSION2,Version 2 (1998-2019),2016,,2.573129177,,F,Free (free for publication),2,Two,A,Normal value,0,Units
DATAFLOW,OECD.ELS.JAI:DSD_EPL@DF_EPL(1.0),Strictness of employment protection,I,A,Annual,HUN,Hungary,EPL_OV,Individual and collective dismissals (regular contracts),0_TO_6,0-6 scale,VERSION2,Version 2 (1998-2019),2016,,2.169501066,,F,Free (free for publication),2,Two,A,Normal value,0,Units
DATAFLOW,OECD.ELS.JAI:DSD_EPL@DF_EPL(1.0),Strictness of employment protection,I,A,Annual,ISL,Iceland,EPL_OV,Individual and collective dismissals (regular contracts),0_TO_6,0-6 scale,VERSION2,Version 2 (1998-2019),2016,,1.93820858,,F,Free (free for publication),2,Two,A,Normal value,0,Units
DATAFLOW,OECD.ELS.JAI:DSD_EPL@DF_EPL(1.0),Strictness of employment protection,I,A,Annual,IRL,Ireland,EPL_OV,Individual and collective dismissals (regular contracts),0_TO_6,0-6 scale,VERSION2,Version 2 (1998-2019),2016,,1.878684759,,F,Free (free for publication),2,Two,A,Normal value,0,Units
DATAFLOW,OECD.ELS.JAI:DSD_EPL@DF_EPL(1.0),Strictness of employment protection,I,A,Annual,ISR,Israel,EPL_OV,Individual and collective dismissals (regular contracts),0_TO_6,0-6 scale,VERSION2,Version 2 (1998-2019),2016,,2.227891207,,F,Free (free for publication),2,Two,A,Normal value,0,Units
DATAFLOW,OECD.ELS.JAI:DSD_EPL@DF_EPL(1.0),Strictness of employment protection,I,A,Annual,ITA,Italy,EPL_OV,Individual and collective dismissals (regular contracts),0_TO_6,0-6 scale,VERSION2,Version 2 (1998-2019),2016,,2.838718891,,F,Free (free for publication),2,Two,A,Normal value,0,Units
DATAFLOW,OECD.ELS.JAI:DSD_EPL@DF_EPL(1.0),Strictness of employment protection,I,A,Annual,JPN,Japan,EPL_OV,Individual and collective dismissals (regular contracts),0_TO_6,0-6 scale,VERSION2,Version 2 (1998-2019),2016,,1.90646255,,F,Free (free for publication),2,Two,A,Normal value,0,Units
DATAFLOW,OECD.ELS.JAI:DSD_EPL@DF_EPL(1.0),Strictness of employment protection,I,A,Annual,KOR,Korea,EPL_OV,Individual and collective dismissals (regular contracts),0_TO_6,0-6 scale,VERSION2,Version 2 (1998-2019),2016,,2.261904716,,F,Free (free for publication),2,Two,A,Normal value,0,Units
DATAFLOW,OECD.ELS.JAI:DSD_EPL@DF_EPL(1.0),Strictness of employment protection,I,A,Annual,LVA,Latvia,EPL_OV,Individual and collective dismissals (regular contracts),0_TO_6,0-6 scale,VERSION2,Version 2 (1998-2019),2016,,3.228457928,,F,Free (free for publication),2,Two,A,Normal value,0,Units
DATAFLOW,OECD.ELS.JAI:DSD_EPL@DF_EPL(1.0),Strictness of employment protection,I,A,Annual,LTU,Lithuania,EPL_OV,Individual and collective dismissals (regular contracts),0_TO_6,0-6 scale,VERSION2,Version 2 (1998-2019),2016,,2.697845697,,F,Free (free for publication),2,Two,A,Normal value,0,Units
DATAFLOW,OECD.ELS.JAI:DSD_EPL@DF_EPL(1.0),Strictness of employment protection,I,A,Annual,LUX,Luxembourg,EPL_OV,Individual and collective dismissals (regular contracts),0_TO_6,0-6 scale,VERSION2,Version 2 (1998-2019),2016,,2.632879972,,F,Free (free for publication),2,Two,A,Normal value,0,Units
DATAFLOW,OECD.ELS.JAI:DSD_EPL@DF_EPL(1.0),Strictness of employment protection,I,A,Annual,MEX,Mexico,EPL_OV,Individual and collective dismissals (regular contracts),0_TO_6,0-6 scale,VERSION2,Version 2 (1998-2019),2016,,2.789115667,,F,Free (free for publication),2,Two,A,Normal value,0,Units
DATAFLOW,OECD.ELS.JAI:DSD_EPL@DF_EPL(1.0),Strictness of employment protection,I,A,Annual,NLD,Netherlands,EPL_OV,Individual and collective dismissals (regular contracts),0_TO_6,0-6 scale,VERSION2,Version 2 (1998-2019),2016,,3.371031761,,F,Free (free for publication),2,Two,A,Normal value,0,Units
DATAFLOW,OECD.ELS.JAI:DSD_EPL@DF_EPL(1.0),Strictness of employment protection,I,A,Annual,NZL,New Zealand,EPL_OV,Individual and collective dismissals (regular contracts),0_TO_6,0-6 scale,VERSION2,Version 2 (1998-2019),2016,,1.173469424,,F,Free (free for publication),2,Two,A,Normal value,0,Units
DATAFLOW,OECD.ELS.JAI:DSD_EPL@DF_EPL(1.0),Strictness of employment protection,I,A,Annual,NOR,Norway,EPL_OV,Individual and collective dismissals (regular contracts),0_TO_6,0-6 scale,VERSION2,Version 2 (1998-2019),2016,,2.380952358,,F,Free (free for publication),2,Two,A,Normal value,0,Units
DATAFLOW,OECD.ELS.JAI:DSD_EPL@DF_EPL(1.0),Strictness of employment protection,I,A,Annual,POL,Poland,EPL_OV,Individual and collective dismissals (regular contracts),0_TO_6,0-6 scale,VERSION2,Version 2 (1998-2019),2016,,2.482426167,,F,Free (free for publication),2,Two,A,Normal value,0,Units
DATAFLOW,OECD.ELS.JAI:DSD_EPL@DF_EPL(1.0),Strictness of employment protection,I,A,Annual,PRT,Portugal,EPL_OV,Individual and collective dismissals (regular contracts),0_TO_6,0-6 scale,VERSION2,Version 2 (1998-2019),2016,,2.777777672,,F,Free (free for publication),2,Two,A,Normal value,0,Units
DATAFLOW,OECD.ELS.JAI:DSD_EPL@DF_EPL(1.0),Strictness of employment protection,I,A,Annual,SVK,Slovak Republic,EPL_OV,Individual and collective dismissals (regular contracts),0_TO_6,0-6 scale,VERSION2,Version 2 (1998-2019),2016,,2.755668879,,F,Free (free for publication),2,Two,A,Normal value,0,Units
DATAFLOW,OECD.ELS.JAI:DSD_EPL@DF_EPL(1.0),Strictness of employment protection,I,A,Annual,SVN,Slovenia,EPL_OV,Individual and collective dismissals (regular contracts),0_TO_6,0-6 scale,VERSION2,Version 2 (1998-2019),2016,,2.518140554,,F,Free (free for publication),2,Two,A,Normal value,0,Units
DATAFLOW,OECD.ELS.JAI:DSD_EPL@DF_EPL(1.0),Strictness of employment protection,I,A,Annual,ESP,Spain,EPL_OV,Individual and collective dismissals (regular contracts),0_TO_6,0-6 scale,VERSION2,Version 2 (1998-2019),2016,,2.259489775,,F,Free (free for publication),2,Two,A,Normal value,0,Units
DATAFLOW,OECD.ELS.JAI:DSD_EPL@DF_EPL(1.0),Strictness of employment protection,I,A,Annual,SWE,Sweden,EPL_OV,Individual and collective dismissals (regular contracts),0_TO_6,0-6 scale,VERSION2,Version 2 (1998-2019),2016,,2.604591846,,F,Free (free for publication),2,Two,A,Normal value,0,Units
DATAFLOW,OECD.ELS.JAI:DSD_EPL@DF_EPL(1.0),Strictness of employment protection,I,A,Annual,CHE,Switzerland,EPL_OV,Individual and collective dismissals (regular contracts),0_TO_6,0-6 scale,VERSION2,Version 2 (1998-2019),2016,,2.056122541,,F,Free (free for publication),2,Two,A,Normal value,0,Units
DATAFLOW,OECD.ELS.JAI:DSD_EPL@DF_EPL(1.0),Strictness of employment protection,I,A,Annual,TUR,Türkiye,EPL_OV,Individual and collective dismissals (regular contracts),0_TO_6,0-6 scale,VERSION2,Version 2 (1998-2019),2016,,2.875850439,,F,Free (free for publication),2,Two,A,Normal value,0,Units
DATAFLOW,OECD.ELS.JAI:DSD_EPL@DF_EPL(1.0),Strictness of employment protection,I,A,Annual,GBR,United Kingdom,EPL_OV,Individual and collective dismissals (regular contracts),0_TO_6,0-6 scale,VERSION2,Version 2 (1998-2019),2016,,1.568027258,,F,Free (free for publication),2,Two,A,Normal value,0,Units
DATAFLOW,OECD.ELS.JAI:DSD_EPL@DF_EPL(1.0),Strictness of employment protection,I,A,Annual,USA,United States,EPL_OV,Individual and collective dismissals (regular contracts),0_TO_6,0-6 scale,VERSION2,Version 2 (1998-2019),2016,,0.673095226,,F,Free (free for publication),2,Two,A,Normal value,0,Units
DATAFLOW,OECD.ELS.JAI:DSD_EPL@DF_EPL(1.0),Strictness of employment protection,I,A,Annual,OECD,OECD,EPL_OV,Individual and collective dismissals (regular contracts),0_TO_6,0-6 scale,VERSION2,Version 2 (1998-2019),2016,,2.276832581,,F,Free (free for publication),2,Two,A,Normal value,0,Units
DATAFLOW,OECD.ELS.JAI:DSD_EPL@DF_EPL(1.0),Strictness of employment protection,I,A,Annual,ARG,Argentina,EPL_OV,Individual and collective dismissals (regular contracts),0_TO_6,0-6 scale,VERSION2,Version 2 (1998-2019),2016,,2.345385551,,F,Free (free for publication),2,Two,A,Normal value,0,Units
DATAFLOW,OECD.ELS.JAI:DSD_EPL@DF_EPL(1.0),Strictness of employment protection,I,A,Annual,PRY,Paraguay,EPL_OV,Individual and collective dismissals (regular contracts),0_TO_6,0-6 scale,VERSION2,Version 2 (1998-2019),2016,,1.574829936,,F,Free (free for publication),2,Two,A,Normal value,0,Units
DATAFLOW,OECD.ELS.JAI:DSD_EPL@DF_EPL(1.0),Strictness of employment protection,I,A,Annual,PER,Peru,EPL_OV,Individual and collective dismissals (regular contracts),0_TO_6,0-6 scale,VERSION2,Version 2 (1998-2019),2016,,2.511904716,,F,Free (free for publication),2,Two,A,Normal value,0,Units
DATAFLOW,OECD.ELS.JAI:DSD_EPL@DF_EPL(1.0),Strictness of employment protection,I,A,Annual,URY,Uruguay,EPL_OV,Individual and collective dismissals (regular contracts),0_TO_6,0-6 scale,VERSION2,Version 2 (1998-2019),2016,,1.417800426,,F,Free (free for publication),2,Two,A,Normal value,0,Units
DATAFLOW,OECD.ELS.JAI:DSD_EPL@DF_EPL(1.0),Strictness of employment protection,I,A,Annual,AUS,Australia,EPL_OV,Individual and collective dismissals (regular contracts),0_TO_6,0-6 scale,VERSION2,Version 2 (1998-2019),2017,,2.011904716,,F,Free (free for publication),2,Two,A,Normal value,0,Units
DATAFLOW,OECD.ELS.JAI:DSD_EPL@DF_EPL(1.0),Strictness of employment protection,I,A,Annual,AUT,Austria,EPL_OV,Individual and collective dismissals (regular contracts),0_TO_6,0-6 scale,VERSION2,Version 2 (1998-2019),2017,,2.561224461,,F,Free (free for publication),2,Two,A,Normal value,0,Units
DATAFLOW,OECD.ELS.JAI:DSD_EPL@DF_EPL(1.0),Strictness of employment protection,I,A,Annual,BEL,Belgium,EPL_OV,Individual and collective dismissals (regular contracts),0_TO_6,0-6 scale,VERSION2,Version 2 (1998-2019),2017,,2.869614601,,F,Free (free for publication),2,Two,A,Normal value,0,Units
DATAFLOW,OECD.ELS.JAI:DSD_EPL@DF_EPL(1.0),Strictness of employment protection,I,A,Annual,CAN,Canada,EPL_OV,Individual and collective dismissals (regular contracts),0_TO_6,0-6 scale,VERSION2,Version 2 (1998-2019),2017,,1.314858317,,F,Free (free for publication),2,Two,A,Normal value,0,Units
DATAFLOW,OECD.ELS.JAI:DSD_EPL@DF_EPL(1.0),Strictness of employment protection,I,A,Annual,CHL,Chile,EPL_OV,Individual and collective dismissals (regular contracts),0_TO_6,0-6 scale,VERSION2,Version 2 (1998-2019),2017,,1.910430908,,F,Free (free for publication),2,Two,A,Normal value,0,Units
DATAFLOW,OECD.ELS.JAI:DSD_EPL@DF_EPL(1.0),Strictness of employment protection,I,A,Annual,COL,Colombia,EPL_OV,Individual and collective dismissals (regular contracts),0_TO_6,0-6 scale,VERSION2,Version 2 (1998-2019),2017,,2.242630482,,F,Free (free for publication),2,Two,A,Normal value,0,Units
DATAFLOW,OECD.ELS.JAI:DSD_EPL@DF_EPL(1.0),Strictness of employment protection,I,A,Annual,CRI,Costa Rica,EPL_OV,Individual and collective dismissals (regular contracts),0_TO_6,0-6 scale,VERSION2,Version 2 (1998-2019),2017,,0.487528354,,F,Free (free for publication),2,Two,A,Normal value,0,Units
DATAFLOW,OECD.ELS.JAI:DSD_EPL@DF_EPL(1.0),Strictness of employment protection,I,A,Annual,CZE,Czechia,EPL_OV,Individual and collective dismissals (regular contracts),0_TO_6,0-6 scale,VERSION2,Version 2 (1998-2019),2017,,2.934240341,,F,Free (free for publication),2,Two,A,Normal value,0,Units
DATAFLOW,OECD.ELS.JAI:DSD_EPL@DF_EPL(1.0),Strictness of employment protection,I,A,Annual,DNK,Denmark,EPL_OV,Individual and collective dismissals (regular contracts),0_TO_6,0-6 scale,VERSION2,Version 2 (1998-2019),2017,,1.915532827,,F,Free (free for publication),2,Two,A,Normal value,0,Units
DATAFLOW,OECD.ELS.JAI:DSD_EPL@DF_EPL(1.0),Strictness of employment protection,I,A,Annual,EST,Estonia,EPL_OV,Individual and collective dismissals (regular contracts),0_TO_6,0-6 scale,VERSION2,Version 2 (1998-2019),2017,,2.113945484,,F,Free (free for publication),2,Two,A,Normal value,0,Units
DATAFLOW,OECD.ELS.JAI:DSD_EPL@DF_EPL(1.0),Strictness of employment protection,I,A,Annual,FIN,Finland,EPL_OV,Individual and collective dismissals (regular contracts),0_TO_6,0-6 scale,VERSION2,Version 2 (1998-2019),2017,,1.892857194,,F,Free (free for publication),2,Two,A,Normal value,0,Units
DATAFLOW,OECD.ELS.JAI:DSD_EPL@DF_EPL(1.0),Strictness of employment protection,I,A,Annual,FRA,France,EPL_OV,Individual and collective dismissals (regular contracts),0_TO_6,0-6 scale,VERSION2,Version 2 (1998-2019),2017,,2.676451206,,F,Free (free for publication),2,Two,A,Normal value,0,Units
DATAFLOW,OECD.ELS.JAI:DSD_EPL@DF_EPL(1.0),Strictness of employment protection,I,A,Annual,DEU,Germany,EPL_OV,Individual and collective dismissals (regular contracts),0_TO_6,0-6 scale,VERSION2,Version 2 (1998-2019),2017,,2.889455795,,F,Free (free for publication),2,Two,A,Normal value,0,Units
DATAFLOW,OECD.ELS.JAI:DSD_EPL@DF_EPL(1.0),Strictness of employment protection,I,A,Annual,GRC,Greece,EPL_OV,Individual and collective dismissals (regular contracts),0_TO_6,0-6 scale,VERSION2,Version 2 (1998-2019),2017,,2.573129177,,F,Free (free for publication),2,Two,A,Normal value,0,Units
DATAFLOW,OECD.ELS.JAI:DSD_EPL@DF_EPL(1.0),Strictness of employment protection,I,A,Annual,HUN,Hungary,EPL_OV,Individual and collective dismissals (regular contracts),0_TO_6,0-6 scale,VERSION2,Version 2 (1998-2019),2017,,2.169501066,,F,Free (free for publication),2,Two,A,Normal value,0,Units
DATAFLOW,OECD.ELS.JAI:DSD_EPL@DF_EPL(1.0),Strictness of employment protection,I,A,Annual,ISL,Iceland,EPL_OV,Individual and collective dismissals (regular contracts),0_TO_6,0-6 scale,VERSION2,Version 2 (1998-2019),2017,,1.93820858,,F,Free (free for publication),2,Two,A,Normal value,0,Units
DATAFLOW,OECD.ELS.JAI:DSD_EPL@DF_EPL(1.0),Strictness of employment protection,I,A,Annual,IRL,Ireland,EPL_OV,Individual and collective dismissals (regular contracts),0_TO_6,0-6 scale,VERSION2,Version 2 (1998-2019),2017,,1.878684759,,F,Free (free for publication),2,Two,A,Normal value,0,Units
DATAFLOW,OECD.ELS.JAI:DSD_EPL@DF_EPL(1.0),Strictness of employment protection,I,A,Annual,ISR,Israel,EPL_OV,Individual and collective dismissals (regular contracts),0_TO_6,0-6 scale,VERSION2,Version 2 (1998-2019),2017,,2.227891207,,F,Free (free for publication),2,Two,A,Normal value,0,Units
DATAFLOW,OECD.ELS.JAI:DSD_EPL@DF_EPL(1.0),Strictness of employment protection,I,A,Annual,ITA,Italy,EPL_OV,Individual and collective dismissals (regular contracts),0_TO_6,0-6 scale,VERSION2,Version 2 (1998-2019),2017,,2.624433279,,F,Free (free for publication),2,Two,A,Normal value,0,Units
DATAFLOW,OECD.ELS.JAI:DSD_EPL@DF_EPL(1.0),Strictness of employment protection,I,A,Annual,JPN,Japan,EPL_OV,Individual and collective dismissals (regular contracts),0_TO_6,0-6 scale,VERSION2,Version 2 (1998-2019),2017,,1.90646255,,F,Free (free for publication),2,Two,A,Normal value,0,Units
DATAFLOW,OECD.ELS.JAI:DSD_EPL@DF_EPL(1.0),Strictness of employment protection,I,A,Annual,KOR,Korea,EPL_OV,Individual and collective dismissals (regular contracts),0_TO_6,0-6 scale,VERSION2,Version 2 (1998-2019),2017,,2.261904716,,F,Free (free for publication),2,Two,A,Normal value,0,Units
DATAFLOW,OECD.ELS.JAI:DSD_EPL@DF_EPL(1.0),Strictness of employment protection,I,A,Annual,LVA,Latvia,EPL_OV,Individual and collective dismissals (regular contracts),0_TO_6,0-6 scale,VERSION2,Version 2 (1998-2019),2017,,3.228457928,,F,Free (free for publication),2,Two,A,Normal value,0,Units
DATAFLOW,OECD.ELS.JAI:DSD_EPL@DF_EPL(1.0),Strictness of employment protection,I,A,Annual,LTU,Lithuania,EPL_OV,Individual and collective dismissals (regular contracts),0_TO_6,0-6 scale,VERSION2,Version 2 (1998-2019),2017,,2.697845697,,F,Free (free for publication),2,Two,A,Normal value,0,Units
DATAFLOW,OECD.ELS.JAI:DSD_EPL@DF_EPL(1.0),Strictness of employment protection,I,A,Annual,LUX,Luxembourg,EPL_OV,Individual and collective dismissals (regular contracts),0_TO_6,0-6 scale,VERSION2,Version 2 (1998-2019),2017,,2.632879972,,F,Free (free for publication),2,Two,A,Normal value,0,Units
DATAFLOW,OECD.ELS.JAI:DSD_EPL@DF_EPL(1.0),Strictness of employment protection,I,A,Annual,MEX,Mexico,EPL_OV,Individual and collective dismissals (regular contracts),0_TO_6,0-6 scale,VERSION2,Version 2 (1998-2019),2017,,2.789115667,,F,Free (free for publication),2,Two,A,Normal value,0,Units
DATAFLOW,OECD.ELS.JAI:DSD_EPL@DF_EPL(1.0),Strictness of employment protection,I,A,Annual,NLD,Netherlands,EPL_OV,Individual and collective dismissals (regular contracts),0_TO_6,0-6 scale,VERSION2,Version 2 (1998-2019),2017,,3.371031761,,F,Free (free for publication),2,Two,A,Normal value,0,Units
DATAFLOW,OECD.ELS.JAI:DSD_EPL@DF_EPL(1.0),Strictness of employment protection,I,A,Annual,NZL,New Zealand,EPL_OV,Individual and collective dismissals (regular contracts),0_TO_6,0-6 scale,VERSION2,Version 2 (1998-2019),2017,,1.173469424,,F,Free (free for publication),2,Two,A,Normal value,0,Units
DATAFLOW,OECD.ELS.JAI:DSD_EPL@DF_EPL(1.0),Strictness of employment protection,I,A,Annual,NOR,Norway,EPL_OV,Individual and collective dismissals (regular contracts),0_TO_6,0-6 scale,VERSION2,Version 2 (1998-2019),2017,,2.380952358,,F,Free (free for publication),2,Two,A,Normal value,0,Units
DATAFLOW,OECD.ELS.JAI:DSD_EPL@DF_EPL(1.0),Strictness of employment protection,I,A,Annual,POL,Poland,EPL_OV,Individual and collective dismissals (regular contracts),0_TO_6,0-6 scale,VERSION2,Version 2 (1998-2019),2017,,2.482426167,,F,Free (free for publication),2,Two,A,Normal value,0,Units
DATAFLOW,OECD.ELS.JAI:DSD_EPL@DF_EPL(1.0),Strictness of employment protection,I,A,Annual,PRT,Portugal,EPL_OV,Individual and collective dismissals (regular contracts),0_TO_6,0-6 scale,VERSION2,Version 2 (1998-2019),2017,,2.777777672,,F,Free (free for publication),2,Two,A,Normal value,0,Units
DATAFLOW,OECD.ELS.JAI:DSD_EPL@DF_EPL(1.0),Strictness of employment protection,I,A,Annual,SVK,Slovak Republic,EPL_OV,Individual and collective dismissals (regular contracts),0_TO_6,0-6 scale,VERSION2,Version 2 (1998-2019),2017,,2.755668879,,F,Free (free for publication),2,Two,A,Normal value,0,Units
DATAFLOW,OECD.ELS.JAI:DSD_EPL@DF_EPL(1.0),Strictness of employment protection,I,A,Annual,SVN,Slovenia,EPL_OV,Individual and collective dismissals (regular contracts),0_TO_6,0-6 scale,VERSION2,Version 2 (1998-2019),2017,,2.518140554,,F,Free (free for publication),2,Two,A,Normal value,0,Units
DATAFLOW,OECD.ELS.JAI:DSD_EPL@DF_EPL(1.0),Strictness of employment protection,I,A,Annual,ESP,Spain,EPL_OV,Individual and collective dismissals (regular contracts),0_TO_6,0-6 scale,VERSION2,Version 2 (1998-2019),2017,,2.259489775,,F,Free (free for publication),2,Two,A,Normal value,0,Units
DATAFLOW,OECD.ELS.JAI:DSD_EPL@DF_EPL(1.0),Strictness of employment protection,I,A,Annual,SWE,Sweden,EPL_OV,Individual and collective dismissals (regular contracts),0_TO_6,0-6 scale,VERSION2,Version 2 (1998-2019),2017,,2.604591846,,F,Free (free for publication),2,Two,A,Normal value,0,Units
DATAFLOW,OECD.ELS.JAI:DSD_EPL@DF_EPL(1.0),Strictness of employment protection,I,A,Annual,CHE,Switzerland,EPL_OV,Individual and collective dismissals (regular contracts),0_TO_6,0-6 scale,VERSION2,Version 2 (1998-2019),2017,,2.056122541,,F,Free (free for publication),2,Two,A,Normal value,0,Units
DATAFLOW,OECD.ELS.JAI:DSD_EPL@DF_EPL(1.0),Strictness of employment protection,I,A,Annual,TUR,Türkiye,EPL_OV,Individual and collective dismissals (regular contracts),0_TO_6,0-6 scale,VERSION2,Version 2 (1998-2019),2017,,2.875850439,,F,Free (free for publication),2,Two,A,Normal value,0,Units
DATAFLOW,OECD.ELS.JAI:DSD_EPL@DF_EPL(1.0),Strictness of employment protection,I,A,Annual,GBR,United Kingdom,EPL_OV,Individual and collective dismissals (regular contracts),0_TO_6,0-6 scale,VERSION2,Version 2 (1998-2019),2017,,1.568027258,,F,Free (free for publication),2,Two,A,Normal value,0,Units
DATAFLOW,OECD.ELS.JAI:DSD_EPL@DF_EPL(1.0),Strictness of employment protection,I,A,Annual,USA,United States,EPL_OV,Individual and collective dismissals (regular contracts),0_TO_6,0-6 scale,VERSION2,Version 2 (1998-2019),2017,,0.673095226,,F,Free (free for publication),2,Two,A,Normal value,0,Units
DATAFLOW,OECD.ELS.JAI:DSD_EPL@DF_EPL(1.0),Strictness of employment protection,I,A,Annual,OECD,OECD,EPL_OV,Individual and collective dismissals (regular contracts),0_TO_6,0-6 scale,VERSION2,Version 2 (1998-2019),2017,,2.269627094,,F,Free (free for publication),2,Two,A,Normal value,0,Units
DATAFLOW,OECD.ELS.JAI:DSD_EPL@DF_EPL(1.0),Strictness of employment protection,I,A,Annual,ARG,Argentina,EPL_OV,Individual and collective dismissals (regular contracts),0_TO_6,0-6 scale,VERSION2,Version 2 (1998-2019),2017,,2.345385551,,F,Free (free for publication),2,Two,A,Normal value,0,Units
DATAFLOW,OECD.ELS.JAI:DSD_EPL@DF_EPL(1.0),Strictness of employment protection,I,A,Annual,PRY,Paraguay,EPL_OV,Individual and collective dismissals (regular contracts),0_TO_6,0-6 scale,VERSION2,Version 2 (1998-2019),2017,,1.574829936,,F,Free (free for publication),2,Two,A,Normal value,0,Units
DATAFLOW,OECD.ELS.JAI:DSD_EPL@DF_EPL(1.0),Strictness of employment protection,I,A,Annual,PER,Peru,EPL_OV,Individual and collective dismissals (regular contracts),0_TO_6,0-6 scale,VERSION2,Version 2 (1998-2019),2017,,2.511904716,,F,Free (free for publication),2,Two,A,Normal value,0,Units
DATAFLOW,OECD.ELS.JAI:DSD_EPL@DF_EPL(1.0),Strictness of employment protection,I,A,Annual,URY,Uruguay,EPL_OV,Individual and collective dismissals (regular contracts),0_TO_6,0-6 scale,VERSION2,Version 2 (1998-2019),2017,,1.417800426,,F,Free (free for publication),2,Two,A,Normal value,0,Units
DATAFLOW,OECD.ELS.JAI:DSD_EPL@DF_EPL(1.0),Strictness of employment protection,I,A,Annual,AUS,Australia,EPL_OV,Individual and collective dismissals (regular contracts),0_TO_6,0-6 scale,VERSION2,Version 2 (1998-2019),2018,,2.011904716,,F,Free (free for publication),2,Two,A,Normal value,0,Units
DATAFLOW,OECD.ELS.JAI:DSD_EPL@DF_EPL(1.0),Strictness of employment protection,I,A,Annual,AUT,Austria,EPL_OV,Individual and collective dismissals (regular contracts),0_TO_6,0-6 scale,VERSION2,Version 2 (1998-2019),2018,,2.561224461,,F,Free (free for publication),2,Two,A,Normal value,0,Units
DATAFLOW,OECD.ELS.JAI:DSD_EPL@DF_EPL(1.0),Strictness of employment protection,I,A,Annual,BEL,Belgium,EPL_OV,Individual and collective dismissals (regular contracts),0_TO_6,0-6 scale,VERSION2,Version 2 (1998-2019),2018,,2.869614601,,F,Free (free for publication),2,Two,A,Normal value,0,Units
DATAFLOW,OECD.ELS.JAI:DSD_EPL@DF_EPL(1.0),Strictness of employment protection,I,A,Annual,CAN,Canada,EPL_OV,Individual and collective dismissals (regular contracts),0_TO_6,0-6 scale,VERSION2,Version 2 (1998-2019),2018,,1.314858317,,F,Free (free for publication),2,Two,A,Normal value,0,Units
DATAFLOW,OECD.ELS.JAI:DSD_EPL@DF_EPL(1.0),Strictness of employment protection,I,A,Annual,CHL,Chile,EPL_OV,Individual and collective dismissals (regular contracts),0_TO_6,0-6 scale,VERSION2,Version 2 (1998-2019),2018,,1.910430908,,F,Free (free for publication),2,Two,A,Normal value,0,Units
DATAFLOW,OECD.ELS.JAI:DSD_EPL@DF_EPL(1.0),Strictness of employment protection,I,A,Annual,COL,Colombia,EPL_OV,Individual and collective dismissals (regular contracts),0_TO_6,0-6 scale,VERSION2,Version 2 (1998-2019),2018,,2.242630482,,F,Free (free for publication),2,Two,A,Normal value,0,Units
DATAFLOW,OECD.ELS.JAI:DSD_EPL@DF_EPL(1.0),Strictness of employment protection,I,A,Annual,CRI,Costa Rica,EPL_OV,Individual and collective dismissals (regular contracts),0_TO_6,0-6 scale,VERSION2,Version 2 (1998-2019),2018,,0.487528354,,F,Free (free for publication),2,Two,A,Normal value,0,Units
DATAFLOW,OECD.ELS.JAI:DSD_EPL@DF_EPL(1.0),Strictness of employment protection,I,A,Annual,CZE,Czechia,EPL_OV,Individual and collective dismissals (regular contracts),0_TO_6,0-6 scale,VERSION2,Version 2 (1998-2019),2018,,2.934240341,,F,Free (free for publication),2,Two,A,Normal value,0,Units
DATAFLOW,OECD.ELS.JAI:DSD_EPL@DF_EPL(1.0),Strictness of employment protection,I,A,Annual,DNK,Denmark,EPL_OV,Individual and collective dismissals (regular contracts),0_TO_6,0-6 scale,VERSION2,Version 2 (1998-2019),2018,,1.915532827,,F,Free (free for publication),2,Two,A,Normal value,0,Units
DATAFLOW,OECD.ELS.JAI:DSD_EPL@DF_EPL(1.0),Strictness of employment protection,I,A,Annual,EST,Estonia,EPL_OV,Individual and collective dismissals (regular contracts),0_TO_6,0-6 scale,VERSION2,Version 2 (1998-2019),2018,,2.113945484,,F,Free (free for publication),2,Two,A,Normal value,0,Units
DATAFLOW,OECD.ELS.JAI:DSD_EPL@DF_EPL(1.0),Strictness of employment protection,I,A,Annual,FIN,Finland,EPL_OV,Individual and collective dismissals (regular contracts),0_TO_6,0-6 scale,VERSION2,Version 2 (1998-2019),2018,,1.892857194,,F,Free (free for publication),2,Two,A,Normal value,0,Units
DATAFLOW,OECD.ELS.JAI:DSD_EPL@DF_EPL(1.0),Strictness of employment protection,I,A,Annual,FRA,France,EPL_OV,Individual and collective dismissals (regular contracts),0_TO_6,0-6 scale,VERSION2,Version 2 (1998-2019),2018,,2.721802711,,F,Free (free for publication),2,Two,A,Normal value,0,Units
DATAFLOW,OECD.ELS.JAI:DSD_EPL@DF_EPL(1.0),Strictness of employment protection,I,A,Annual,DEU,Germany,EPL_OV,Individual and collective dismissals (regular contracts),0_TO_6,0-6 scale,VERSION2,Version 2 (1998-2019),2018,,2.889455795,,F,Free (free for publication),2,Two,A,Normal value,0,Units
DATAFLOW,OECD.ELS.JAI:DSD_EPL@DF_EPL(1.0),Strictness of employment protection,I,A,Annual,GRC,Greece,EPL_OV,Individual and collective dismissals (regular contracts),0_TO_6,0-6 scale,VERSION2,Version 2 (1998-2019),2018,,2.573129177,,F,Free (free for publication),2,Two,A,Normal value,0,Units
DATAFLOW,OECD.ELS.JAI:DSD_EPL@DF_EPL(1.0),Strictness of employment protection,I,A,Annual,HUN,Hungary,EPL_OV,Individual and collective dismissals (regular contracts),0_TO_6,0-6 scale,VERSION2,Version 2 (1998-2019),2018,,2.169501066,,F,Free (free for publication),2,Two,A,Normal value,0,Units
DATAFLOW,OECD.ELS.JAI:DSD_EPL@DF_EPL(1.0),Strictness of employment protection,I,A,Annual,ISL,Iceland,EPL_OV,Individual and collective dismissals (regular contracts),0_TO_6,0-6 scale,VERSION2,Version 2 (1998-2019),2018,,1.93820858,,F,Free (free for publication),2,Two,A,Normal value,0,Units
DATAFLOW,OECD.ELS.JAI:DSD_EPL@DF_EPL(1.0),Strictness of employment protection,I,A,Annual,IRL,Ireland,EPL_OV,Individual and collective dismissals (regular contracts),0_TO_6,0-6 scale,VERSION2,Version 2 (1998-2019),2018,,1.878684759,,F,Free (free for publication),2,Two,A,Normal value,0,Units
DATAFLOW,OECD.ELS.JAI:DSD_EPL@DF_EPL(1.0),Strictness of employment protection,I,A,Annual,ISR,Israel,EPL_OV,Individual and collective dismissals (regular contracts),0_TO_6,0-6 scale,VERSION2,Version 2 (1998-2019),2018,,2.227891207,,F,Free (free for publication),2,Two,A,Normal value,0,Units
DATAFLOW,OECD.ELS.JAI:DSD_EPL@DF_EPL(1.0),Strictness of employment protection,I,A,Annual,ITA,Italy,EPL_OV,Individual and collective dismissals (regular contracts),0_TO_6,0-6 scale,VERSION2,Version 2 (1998-2019),2018,,2.624433279,,F,Free (free for publication),2,Two,A,Normal value,0,Units
DATAFLOW,OECD.ELS.JAI:DSD_EPL@DF_EPL(1.0),Strictness of employment protection,I,A,Annual,JPN,Japan,EPL_OV,Individual and collective dismissals (regular contracts),0_TO_6,0-6 scale,VERSION2,Version 2 (1998-2019),2018,,1.90646255,,F,Free (free for publication),2,Two,A,Normal value,0,Units
DATAFLOW,OECD.ELS.JAI:DSD_EPL@DF_EPL(1.0),Strictness of employment protection,I,A,Annual,KOR,Korea,EPL_OV,Individual and collective dismissals (regular contracts),0_TO_6,0-6 scale,VERSION2,Version 2 (1998-2019),2018,,2.261904716,,F,Free (free for publication),2,Two,A,Normal value,0,Units
DATAFLOW,OECD.ELS.JAI:DSD_EPL@DF_EPL(1.0),Strictness of employment protection,I,A,Annual,LVA,Latvia,EPL_OV,Individual and collective dismissals (regular contracts),0_TO_6,0-6 scale,VERSION2,Version 2 (1998-2019),2018,,3.228457928,,F,Free (free for publication),2,Two,A,Normal value,0,Units
DATAFLOW,OECD.ELS.JAI:DSD_EPL@DF_EPL(1.0),Strictness of employment protection,I,A,Annual,LTU,Lithuania,EPL_OV,Individual and collective dismissals (regular contracts),0_TO_6,0-6 scale,VERSION2,Version 2 (1998-2019),2018,,2.340703011,,F,Free (free for publication),2,Two,A,Normal value,0,Units
DATAFLOW,OECD.ELS.JAI:DSD_EPL@DF_EPL(1.0),Strictness of employment protection,I,A,Annual,LUX,Luxembourg,EPL_OV,Individual and collective dismissals (regular contracts),0_TO_6,0-6 scale,VERSION2,Version 2 (1998-2019),2018,,2.632879972,,F,Free (free for publication),2,Two,A,Normal value,0,Units
DATAFLOW,OECD.ELS.JAI:DSD_EPL@DF_EPL(1.0),Strictness of employment protection,I,A,Annual,MEX,Mexico,EPL_OV,Individual and collective dismissals (regular contracts),0_TO_6,0-6 scale,VERSION2,Version 2 (1998-2019),2018,,2.789115667,,F,Free (free for publication),2,Two,A,Normal value,0,Units
DATAFLOW,OECD.ELS.JAI:DSD_EPL@DF_EPL(1.0),Strictness of employment protection,I,A,Annual,NLD,Netherlands,EPL_OV,Individual and collective dismissals (regular contracts),0_TO_6,0-6 scale,VERSION2,Version 2 (1998-2019),2018,,3.371031761,,F,Free (free for publication),2,Two,A,Normal value,0,Units
DATAFLOW,OECD.ELS.JAI:DSD_EPL@DF_EPL(1.0),Strictness of employment protection,I,A,Annual,NZL,New Zealand,EPL_OV,Individual and collective dismissals (regular contracts),0_TO_6,0-6 scale,VERSION2,Version 2 (1998-2019),2018,,1.173469424,,F,Free (free for publication),2,Two,A,Normal value,0,Units
DATAFLOW,OECD.ELS.JAI:DSD_EPL@DF_EPL(1.0),Strictness of employment protection,I,A,Annual,NOR,Norway,EPL_OV,Individual and collective dismissals (regular contracts),0_TO_6,0-6 scale,VERSION2,Version 2 (1998-2019),2018,,2.380952358,,F,Free (free for publication),2,Two,A,Normal value,0,Units
DATAFLOW,OECD.ELS.JAI:DSD_EPL@DF_EPL(1.0),Strictness of employment protection,I,A,Annual,POL,Poland,EPL_OV,Individual and collective dismissals (regular contracts),0_TO_6,0-6 scale,VERSION2,Version 2 (1998-2019),2018,,2.482426167,,F,Free (free for publication),2,Two,A,Normal value,0,Units
DATAFLOW,OECD.ELS.JAI:DSD_EPL@DF_EPL(1.0),Strictness of employment protection,I,A,Annual,PRT,Portugal,EPL_OV,Individual and collective dismissals (regular contracts),0_TO_6,0-6 scale,VERSION2,Version 2 (1998-2019),2018,,2.777777672,,F,Free (free for publication),2,Two,A,Normal value,0,Units
DATAFLOW,OECD.ELS.JAI:DSD_EPL@DF_EPL(1.0),Strictness of employment protection,I,A,Annual,SVK,Slovak Republic,EPL_OV,Individual and collective dismissals (regular contracts),0_TO_6,0-6 scale,VERSION2,Version 2 (1998-2019),2018,,2.755668879,,F,Free (free for publication),2,Two,A,Normal value,0,Units
DATAFLOW,OECD.ELS.JAI:DSD_EPL@DF_EPL(1.0),Strictness of employment protection,I,A,Annual,SVN,Slovenia,EPL_OV,Individual and collective dismissals (regular contracts),0_TO_6,0-6 scale,VERSION2,Version 2 (1998-2019),2018,,2.518140554,,F,Free (free for publication),2,Two,A,Normal value,0,Units
DATAFLOW,OECD.ELS.JAI:DSD_EPL@DF_EPL(1.0),Strictness of employment protection,I,A,Annual,ESP,Spain,EPL_OV,Individual and collective dismissals (regular contracts),0_TO_6,0-6 scale,VERSION2,Version 2 (1998-2019),2018,,2.259489775,,F,Free (free for publication),2,Two,A,Normal value,0,Units
DATAFLOW,OECD.ELS.JAI:DSD_EPL@DF_EPL(1.0),Strictness of employment protection,I,A,Annual,SWE,Sweden,EPL_OV,Individual and collective dismissals (regular contracts),0_TO_6,0-6 scale,VERSION2,Version 2 (1998-2019),2018,,2.604591846,,F,Free (free for publication),2,Two,A,Normal value,0,Units
DATAFLOW,OECD.ELS.JAI:DSD_EPL@DF_EPL(1.0),Strictness of employment protection,I,A,Annual,CHE,Switzerland,EPL_OV,Individual and collective dismissals (regular contracts),0_TO_6,0-6 scale,VERSION2,Version 2 (1998-2019),2018,,2.056122541,,F,Free (free for publication),2,Two,A,Normal value,0,Units
DATAFLOW,OECD.ELS.JAI:DSD_EPL@DF_EPL(1.0),Strictness of employment protection,I,A,Annual,TUR,Türkiye,EPL_OV,Individual and collective dismissals (regular contracts),0_TO_6,0-6 scale,VERSION2,Version 2 (1998-2019),2018,,2.875850439,,F,Free (free for publication),2,Two,A,Normal value,0,Units
DATAFLOW,OECD.ELS.JAI:DSD_EPL@DF_EPL(1.0),Strictness of employment protection,I,A,Annual,GBR,United Kingdom,EPL_OV,Individual and collective dismissals (regular contracts),0_TO_6,0-6 scale,VERSION2,Version 2 (1998-2019),2018,,1.568027258,,F,Free (free for publication),2,Two,A,Normal value,0,Units
DATAFLOW,OECD.ELS.JAI:DSD_EPL@DF_EPL(1.0),Strictness of employment protection,I,A,Annual,USA,United States,EPL_OV,Individual and collective dismissals (regular contracts),0_TO_6,0-6 scale,VERSION2,Version 2 (1998-2019),2018,,0.673095226,,F,Free (free for publication),2,Two,A,Normal value,0,Units
DATAFLOW,OECD.ELS.JAI:DSD_EPL@DF_EPL(1.0),Strictness of employment protection,I,A,Annual,OECD,OECD,EPL_OV,Individual and collective dismissals (regular contracts),0_TO_6,0-6 scale,VERSION2,Version 2 (1998-2019),2018,,2.261422157,,F,Free (free for publication),2,Two,A,Normal value,0,Units
DATAFLOW,OECD.ELS.JAI:DSD_EPL@DF_EPL(1.0),Strictness of employment protection,I,A,Annual,ARG,Argentina,EPL_OV,Individual and collective dismissals (regular contracts),0_TO_6,0-6 scale,VERSION2,Version 2 (1998-2019),2018,,2.345385551,,F,Free (free for publication),2,Two,A,Normal value,0,Units
DATAFLOW,OECD.ELS.JAI:DSD_EPL@DF_EPL(1.0),Strictness of employment protection,I,A,Annual,PRY,Paraguay,EPL_OV,Individual and collective dismissals (regular contracts),0_TO_6,0-6 scale,VERSION2,Version 2 (1998-2019),2018,,1.574829936,,F,Free (free for publication),2,Two,A,Normal value,0,Units
DATAFLOW,OECD.ELS.JAI:DSD_EPL@DF_EPL(1.0),Strictness of employment protection,I,A,Annual,PER,Peru,EPL_OV,Individual and collective dismissals (regular contracts),0_TO_6,0-6 scale,VERSION2,Version 2 (1998-2019),2018,,2.511904716,,F,Free (free for publication),2,Two,A,Normal value,0,Units
DATAFLOW,OECD.ELS.JAI:DSD_EPL@DF_EPL(1.0),Strictness of employment protection,I,A,Annual,URY,Uruguay,EPL_OV,Individual and collective dismissals (regular contracts),0_TO_6,0-6 scale,VERSION2,Version 2 (1998-2019),2018,,1.417800426,,F,Free (free for publication),2,Two,A,Normal value,0,Units
DATAFLOW,OECD.ELS.JAI:DSD_EPL@DF_EPL(1.0),Strictness of employment protection,I,A,Annual,AUS,Australia,EPL_OV,Individual and collective dismissals (regular contracts),0_TO_6,0-6 scale,VERSION2,Version 2 (1998-2019),2019,,2.011904716,,F,Free (free for publication),2,Two,A,Normal value,0,Units
DATAFLOW,OECD.ELS.JAI:DSD_EPL@DF_EPL(1.0),Strictness of employment protection,I,A,Annual,AUT,Austria,EPL_OV,Individual and collective dismissals (regular contracts),0_TO_6,0-6 scale,VERSION2,Version 2 (1998-2019),2019,,2.561224461,,F,Free (free for publication),2,Two,A,Normal value,0,Units
DATAFLOW,OECD.ELS.JAI:DSD_EPL@DF_EPL(1.0),Strictness of employment protection,I,A,Annual,BEL,Belgium,EPL_OV,Individual and collective dismissals (regular contracts),0_TO_6,0-6 scale,VERSION2,Version 2 (1998-2019),2019,,2.869614601,,F,Free (free for publication),2,Two,A,Normal value,0,Units
DATAFLOW,OECD.ELS.JAI:DSD_EPL@DF_EPL(1.0),Strictness of employment protection,I,A,Annual,CAN,Canada,EPL_OV,Individual and collective dismissals (regular contracts),0_TO_6,0-6 scale,VERSION2,Version 2 (1998-2019),2019,,1.314858317,,F,Free (free for publication),2,Two,A,Normal value,0,Units
DATAFLOW,OECD.ELS.JAI:DSD_EPL@DF_EPL(1.0),Strictness of employment protection,I,A,Annual,CHL,Chile,EPL_OV,Individual and collective dismissals (regular contracts),0_TO_6,0-6 scale,VERSION2,Version 2 (1998-2019),2019,,1.910430908,,F,Free (free for publication),2,Two,A,Normal value,0,Units
DATAFLOW,OECD.ELS.JAI:DSD_EPL@DF_EPL(1.0),Strictness of employment protection,I,A,Annual,COL,Colombia,EPL_OV,Individual and collective dismissals (regular contracts),0_TO_6,0-6 scale,VERSION2,Version 2 (1998-2019),2019,,2.242630482,,F,Free (free for publication),2,Two,A,Normal value,0,Units
DATAFLOW,OECD.ELS.JAI:DSD_EPL@DF_EPL(1.0),Strictness of employment protection,I,A,Annual,CRI,Costa Rica,EPL_OV,Individual and collective dismissals (regular contracts),0_TO_6,0-6 scale,VERSION2,Version 2 (1998-2019),2019,,0.487528354,,F,Free (free for publication),2,Two,A,Normal value,0,Units
DATAFLOW,OECD.ELS.JAI:DSD_EPL@DF_EPL(1.0),Strictness of employment protection,I,A,Annual,CZE,Czechia,EPL_OV,Individual and collective dismissals (regular contracts),0_TO_6,0-6 scale,VERSION2,Version 2 (1998-2019),2019,,2.934240341,,F,Free (free for publication),2,Two,A,Normal value,0,Units
DATAFLOW,OECD.ELS.JAI:DSD_EPL@DF_EPL(1.0),Strictness of employment protection,I,A,Annual,DNK,Denmark,EPL_OV,Individual and collective dismissals (regular contracts),0_TO_6,0-6 scale,VERSION2,Version 2 (1998-2019),2019,,1.915532827,,F,Free (free for publication),2,Two,A,Normal value,0,Units
DATAFLOW,OECD.ELS.JAI:DSD_EPL@DF_EPL(1.0),Strictness of employment protection,I,A,Annual,EST,Estonia,EPL_OV,Individual and collective dismissals (regular contracts),0_TO_6,0-6 scale,VERSION2,Version 2 (1998-2019),2019,,2.113945484,,F,Free (free for publication),2,Two,A,Normal value,0,Units
DATAFLOW,OECD.ELS.JAI:DSD_EPL@DF_EPL(1.0),Strictness of employment protection,I,A,Annual,FIN,Finland,EPL_OV,Individual and collective dismissals (regular contracts),0_TO_6,0-6 scale,VERSION2,Version 2 (1998-2019),2019,,1.892857194,,F,Free (free for publication),2,Two,A,Normal value,0,Units
DATAFLOW,OECD.ELS.JAI:DSD_EPL@DF_EPL(1.0),Strictness of employment protection,I,A,Annual,FRA,France,EPL_OV,Individual and collective dismissals (regular contracts),0_TO_6,0-6 scale,VERSION2,Version 2 (1998-2019),2019,,2.721802711,,F,Free (free for publication),2,Two,A,Normal value,0,Units
DATAFLOW,OECD.ELS.JAI:DSD_EPL@DF_EPL(1.0),Strictness of employment protection,I,A,Annual,DEU,Germany,EPL_OV,Individual and collective dismissals (regular contracts),0_TO_6,0-6 scale,VERSION2,Version 2 (1998-2019),2019,,2.889455795,,F,Free (free for publication),2,Two,A,Normal value,0,Units
DATAFLOW,OECD.ELS.JAI:DSD_EPL@DF_EPL(1.0),Strictness of employment protection,I,A,Annual,GRC,Greece,EPL_OV,Individual and collective dismissals (regular contracts),0_TO_6,0-6 scale,VERSION2,Version 2 (1998-2019),2019,,2.573129177,,F,Free (free for publication),2,Two,A,Normal value,0,Units
DATAFLOW,OECD.ELS.JAI:DSD_EPL@DF_EPL(1.0),Strictness of employment protection,I,A,Annual,HUN,Hungary,EPL_OV,Individual and collective dismissals (regular contracts),0_TO_6,0-6 scale,VERSION2,Version 2 (1998-2019),2019,,2.169501066,,F,Free (free for publication),2,Two,A,Normal value,0,Units
DATAFLOW,OECD.ELS.JAI:DSD_EPL@DF_EPL(1.0),Strictness of employment protection,I,A,Annual,ISL,Iceland,EPL_OV,Individual and collective dismissals (regular contracts),0_TO_6,0-6 scale,VERSION2,Version 2 (1998-2019),2019,,1.93820858,,F,Free (free for publication),2,Two,A,Normal value,0,Units
DATAFLOW,OECD.ELS.JAI:DSD_EPL@DF_EPL(1.0),Strictness of employment protection,I,A,Annual,IRL,Ireland,EPL_OV,Individual and collective dismissals (regular contracts),0_TO_6,0-6 scale,VERSION2,Version 2 (1998-2019),2019,,1.878684759,,F,Free (free for publication),2,Two,A,Normal value,0,Units
DATAFLOW,OECD.ELS.JAI:DSD_EPL@DF_EPL(1.0),Strictness of employment protection,I,A,Annual,ISR,Israel,EPL_OV,Individual and collective dismissals (regular contracts),0_TO_6,0-6 scale,VERSION2,Version 2 (1998-2019),2019,,2.227891207,,F,Free (free for publication),2,Two,A,Normal value,0,Units
DATAFLOW,OECD.ELS.JAI:DSD_EPL@DF_EPL(1.0),Strictness of employment protection,I,A,Annual,ITA,Italy,EPL_OV,Individual and collective dismissals (regular contracts),0_TO_6,0-6 scale,VERSION2,Version 2 (1998-2019),2019,,2.683956861,,F,Free (free for publication),2,Two,A,Normal value,0,Units
DATAFLOW,OECD.ELS.JAI:DSD_EPL@DF_EPL(1.0),Strictness of employment protection,I,A,Annual,JPN,Japan,EPL_OV,Individual and collective dismissals (regular contracts),0_TO_6,0-6 scale,VERSION2,Version 2 (1998-2019),2019,,1.90646255,,F,Free (free for publication),2,Two,A,Normal value,0,Units
DATAFLOW,OECD.ELS.JAI:DSD_EPL@DF_EPL(1.0),Strictness of employment protection,I,A,Annual,KOR,Korea,EPL_OV,Individual and collective dismissals (regular contracts),0_TO_6,0-6 scale,VERSION2,Version 2 (1998-2019),2019,,2.261904716,,F,Free (free for publication),2,Two,A,Normal value,0,Units
DATAFLOW,OECD.ELS.JAI:DSD_EPL@DF_EPL(1.0),Strictness of employment protection,I,A,Annual,LVA,Latvia,EPL_OV,Individual and collective dismissals (regular contracts),0_TO_6,0-6 scale,VERSION2,Version 2 (1998-2019),2019,,3.228457928,,F,Free (free for publication),2,Two,A,Normal value,0,Units
DATAFLOW,OECD.ELS.JAI:DSD_EPL@DF_EPL(1.0),Strictness of employment protection,I,A,Annual,LTU,Lithuania,EPL_OV,Individual and collective dismissals (regular contracts),0_TO_6,0-6 scale,VERSION2,Version 2 (1998-2019),2019,,2.340703011,,F,Free (free for publication),2,Two,A,Normal value,0,Units
DATAFLOW,OECD.ELS.JAI:DSD_EPL@DF_EPL(1.0),Strictness of employment protection,I,A,Annual,LUX,Luxembourg,EPL_OV,Individual and collective dismissals (regular contracts),0_TO_6,0-6 scale,VERSION2,Version 2 (1998-2019),2019,,2.632879972,,F,Free (free for publication),2,Two,A,Normal value,0,Units
DATAFLOW,OECD.ELS.JAI:DSD_EPL@DF_EPL(1.0),Strictness of employment protection,I,A,Annual,MEX,Mexico,EPL_OV,Individual and collective dismissals (regular contracts),0_TO_6,0-6 scale,VERSION2,Version 2 (1998-2019),2019,,2.789115667,,F,Free (free for publication),2,Two,A,Normal value,0,Units
DATAFLOW,OECD.ELS.JAI:DSD_EPL@DF_EPL(1.0),Strictness of employment protection,I,A,Annual,NLD,Netherlands,EPL_OV,Individual and collective dismissals (regular contracts),0_TO_6,0-6 scale,VERSION2,Version 2 (1998-2019),2019,,3.490079403,,F,Free (free for publication),2,Two,A,Normal value,0,Units
DATAFLOW,OECD.ELS.JAI:DSD_EPL@DF_EPL(1.0),Strictness of employment protection,I,A,Annual,NZL,New Zealand,EPL_OV,Individual and collective dismissals (regular contracts),0_TO_6,0-6 scale,VERSION2,Version 2 (1998-2019),2019,,1.173469424,,F,Free (free for publication),2,Two,A,Normal value,0,Units
DATAFLOW,OECD.ELS.JAI:DSD_EPL@DF_EPL(1.0),Strictness of employment protection,I,A,Annual,NOR,Norway,EPL_OV,Individual and collective dismissals (regular contracts),0_TO_6,0-6 scale,VERSION2,Version 2 (1998-2019),2019,,2.380952358,,F,Free (free for publication),2,Two,A,Normal value,0,Units
DATAFLOW,OECD.ELS.JAI:DSD_EPL@DF_EPL(1.0),Strictness of employment protection,I,A,Annual,POL,Poland,EPL_OV,Individual and collective dismissals (regular contracts),0_TO_6,0-6 scale,VERSION2,Version 2 (1998-2019),2019,,2.482426167,,F,Free (free for publication),2,Two,A,Normal value,0,Units
DATAFLOW,OECD.ELS.JAI:DSD_EPL@DF_EPL(1.0),Strictness of employment protection,I,A,Annual,PRT,Portugal,EPL_OV,Individual and collective dismissals (regular contracts),0_TO_6,0-6 scale,VERSION2,Version 2 (1998-2019),2019,,2.777777672,,F,Free (free for publication),2,Two,A,Normal value,0,Units
DATAFLOW,OECD.ELS.JAI:DSD_EPL@DF_EPL(1.0),Strictness of employment protection,I,A,Annual,SVK,Slovak Republic,EPL_OV,Individual and collective dismissals (regular contracts),0_TO_6,0-6 scale,VERSION2,Version 2 (1998-2019),2019,,2.755668879,,F,Free (free for publication),2,Two,A,Normal value,0,Units
DATAFLOW,OECD.ELS.JAI:DSD_EPL@DF_EPL(1.0),Strictness of employment protection,I,A,Annual,SVN,Slovenia,EPL_OV,Individual and collective dismissals (regular contracts),0_TO_6,0-6 scale,VERSION2,Version 2 (1998-2019),2019,,2.518140554,,F,Free (free for publication),2,Two,A,Normal value,0,Units
DATAFLOW,OECD.ELS.JAI:DSD_EPL@DF_EPL(1.0),Strictness of employment protection,I,A,Annual,ESP,Spain,EPL_OV,Individual and collective dismissals (regular contracts),0_TO_6,0-6 scale,VERSION2,Version 2 (1998-2019),2019,,2.319013596,,F,Free (free for publication),2,Two,A,Normal value,0,Units
DATAFLOW,OECD.ELS.JAI:DSD_EPL@DF_EPL(1.0),Strictness of employment protection,I,A,Annual,SWE,Sweden,EPL_OV,Individual and collective dismissals (regular contracts),0_TO_6,0-6 scale,VERSION2,Version 2 (1998-2019),2019,,2.604591846,,F,Free (free for publication),2,Two,A,Normal value,0,Units
DATAFLOW,OECD.ELS.JAI:DSD_EPL@DF_EPL(1.0),Strictness of employment protection,I,A,Annual,CHE,Switzerland,EPL_OV,Individual and collective dismissals (regular contracts),0_TO_6,0-6 scale,VERSION2,Version 2 (1998-2019),2019,,2.056122541,,F,Free (free for publication),2,Two,A,Normal value,0,Units
DATAFLOW,OECD.ELS.JAI:DSD_EPL@DF_EPL(1.0),Strictness of employment protection,I,A,Annual,TUR,Türkiye,EPL_OV,Individual and collective dismissals (regular contracts),0_TO_6,0-6 scale,VERSION2,Version 2 (1998-2019),2019,,2.875850439,,F,Free (free for publication),2,Two,A,Normal value,0,Units
DATAFLOW,OECD.ELS.JAI:DSD_EPL@DF_EPL(1.0),Strictness of employment protection,I,A,Annual,GBR,United Kingdom,EPL_OV,Individual and collective dismissals (regular contracts),0_TO_6,0-6 scale,VERSION2,Version 2 (1998-2019),2019,,1.568027258,,F,Free (free for publication),2,Two,A,Normal value,0,Units
DATAFLOW,OECD.ELS.JAI:DSD_EPL@DF_EPL(1.0),Strictness of employment protection,I,A,Annual,USA,United States,EPL_OV,Individual and collective dismissals (regular contracts),0_TO_6,0-6 scale,VERSION2,Version 2 (1998-2019),2019,,0.673095226,,F,Free (free for publication),2,Two,A,Normal value,0,Units
DATAFLOW,OECD.ELS.JAI:DSD_EPL@DF_EPL(1.0),Strictness of employment protection,I,A,Annual,OECD,OECD,EPL_OV,Individual and collective dismissals (regular contracts),0_TO_6,0-6 scale,VERSION2,Version 2 (1998-2019),2019,,2.267687798,,F,Free (free for publication),2,Two,A,Normal value,0,Units
DATAFLOW,OECD.ELS.JAI:DSD_EPL@DF_EPL(1.0),Strictness of employment protection,I,A,Annual,ARG,Argentina,EPL_OV,Individual and collective dismissals (regular contracts),0_TO_6,0-6 scale,VERSION2,Version 2 (1998-2019),2019,,2.464433193,,F,Free (free for publication),2,Two,A,Normal value,0,Units
DATAFLOW,OECD.ELS.JAI:DSD_EPL@DF_EPL(1.0),Strictness of employment protection,I,A,Annual,PRY,Paraguay,EPL_OV,Individual and collective dismissals (regular contracts),0_TO_6,0-6 scale,VERSION2,Version 2 (1998-2019),2019,,1.574829936,,F,Free (free for publication),2,Two,A,Normal value,0,Units
DATAFLOW,OECD.ELS.JAI:DSD_EPL@DF_EPL(1.0),Strictness of employment protection,I,A,Annual,PER,Peru,EPL_OV,Individual and collective dismissals (regular contracts),0_TO_6,0-6 scale,VERSION2,Version 2 (1998-2019),2019,,2.511904716,,F,Free (free for publication),2,Two,A,Normal value,0,Units
DATAFLOW,OECD.ELS.JAI:DSD_EPL@DF_EPL(1.0),Strictness of employment protection,I,A,Annual,URY,Uruguay,EPL_OV,Individual and collective dismissals (regular contracts),0_TO_6,0-6 scale,VERSION2,Version 2 (1998-2019),2019,,1.417800426,,F,Free (free for publication),2,Two,A,Normal value,0,Units
